ID,Lat,Lon,Depth_km,Mw,Strike_1,Dip_1,Rake_1,P_trend,P_plunge,T_trend,T_plunge,Strike_2,Dip_2,Rake_2,Strike_2_c,Dip_2_cal,Rake_2_cal,Slab1,Depth2Slab
010193C,-31.93,-71.66,22,5.3,356,19,92,264,26,83,64,174,71,89,174,71,89,-31.86637878,9.866
010278A,-37.96,-71.61,144,5.5,93,53,-9,58,31,315,20,189,83,-142,188,83,-143,-100.7146912,-43.285
010701C,-33.52,-72.33,21,5.9,353,23,85,267,22,92,68,178,67,92,178,67,92,-15.27188301,-5.728
010703A,-33.6,-70.22,113,5.7,199,28,-70,245,69,94,18,356,64,-100,357,64,-100,-92.13293457,-20.867
010886A,-35.83,-71.38,96,5.1,303,16,0,288,43,138,43,33,90,-106,213,90,-106,-82.76475525,-13.235
010903G,-44.66,-79.54,15,5.9,169,84,-2,124,6,34,3,259,88,-174,259,88,-174,,
011004D,-30.9,-71.94,59,5.6,70,48,-144,273,51,15,9,314,64,-48,314,64,-48,-19.7918663,-39.208
011177A,-31.92,-72.1,42,5.2,5,34,111,260,13,36,73,160,59,77,160,59,76,-17.81595039,-24.184
011298G,-31.25,-71.87,35,6.6,355,27,91,264,18,83,72,174,63,90,174,63,89,-23.50101089,-11.499
011480E,-33.27,-69.42,15,5.6,141,69,5,97,11,3,18,49,85,159,49,85,159,-112.7453995,97.745
011498D,-31.82,-68.16,134,5.2,176,31,-123,335,66,110,17,34,65,-72,33,64,-72,-99.02410126,-34.976
011589A,-31.69,-71.72,15,5.4,336,10,113,226,36,38,54,133,81,86,133,81,86,-29.62970543,14.63
011778A,-31.53,-68.08,23,6,142,66,12,96,9,2,25,47,79,156,47,79,156,-95.67359924,72.674
011904A,-31.85,-72.07,34,5.3,358,25,95,264,20,78,70,172,65,88,172,65,88,-18.96002769,-15.04
012078A,-34.55,-70.04,109,5.6,183,26,-98,290,70,99,19,12,64,-86,12,64,-86,-114.8877258,5.888
012685A,-33.11,-68.75,28,5.9,158,38,65,86,9,325,72,9,56,108,9,56,108,-125.9202881,97.92
012787A,-32.35,-72.65,15,5.5,28,32,138,264,20,31,58,156,69,65,155,69,65,-8.863745689,-6.136
012880C,-45.17,-76.29,15,5.4,195,27,-56,222,64,80,21,338,68,-106,338,68,-106,,
020387A,-37.69,-73.3,28,5.8,357,16,95,263,29,80,61,172,74,89,172,74,89,-31.85425949,3.854
020599D,-34.78,-70.56,99,5.2,126,47,146,359,11,103,50,241,66,48,241,66,48,-99.86560059,0.866
020986A,-36.24,-71.11,125,5.2,14,14,92,282,31,101,59,192,76,89,192,76,90,-99.57880402,-25.421
021097B,-32.98,-68.31,152,5.3,317,15,-31,333,51,178,36,77,82,-103,77,82,-103,-131.2768555,-20.723
021480A,-32.02,-71.56,47,5.1,226,41,142,101,14,212,55,346,66,55,347,66,56,-35.89836502,-11.102
021487D,-45.7,-76.51,15,5.9,259,76,-171,122,16,213,4,167,81,-14,167,81,-14,,
021996E,-42.45,-76.02,15,6,201,27,-85,280,72,107,18,15,63,-93,15,63,-93,,
022102D,-31.77,-67.3,134,5.4,131,33,-149,318,52,82,23,15,74,-61,14,74,-61,-105.6197052,-28.38
022185B,-33.37,-72.1,33,5.7,29,31,127,272,18,45,64,167,66,70,168,66,70,-20.09956169,-12.9
022189B,-44.96,-78.44,15,5.5,98,20,-80,171,65,0,25,268,71,-94,267,70,-94,,
022277A,-45.97,-76.35,10,5.4,261,76,-168,124,18,215,2,168,78,-14,168,78,-14,,
022296C,-33.53,-72,50,5.9,93,40,49,31,11,279,62,321,61,119,322,61,119,-23.73223877,-26.268
022489C,-39.26,-71.83,15,5.2,110,62,23,61,5,327,35,9,70,150,9,70,150,-103.2782059,88.278
022803A,-35.41,-73.56,15,5.3,26,18,115,276,28,79,61,180,74,82,180,74,82,-12.01769924,-2.982
022876A,-40.3,-75.57,15,5.9,13,45,-85,11,86,279,0,187,45,-95,186,45,-95,,
022883B,-44.78,-79.16,15,6,260,90,180,305,0,215,0,350,90,0,350,90,0,,
030301E,-39.48,-75.45,15,5.8,228,31,-43,233,59,104,21,357,69,-114,357,69,-114,,
030302A,-45.92,-76.42,15,5.9,258,83,-176,123,8,213,2,168,86,-7,168,86,-7,,
030385A,-33.92,-71.71,41,7.2,11,26,110,266,20,61,68,169,66,81,169,66,81,-36.49943542,-4.501
030485A,-33.06,-71.79,33,,234,32,155,98,26,223,49,346,77,60,346,77,60,-27.72075653,-5.279
030485B,-33.43,-72.08,10,6.3,215,24,143,85,28,225,55,340,76,70,340,76,70,-20.54467201,10.545
030485C,-34.05,-72.75,14,5.7,26,24,128,267,25,53,61,165,71,74,165,71,75,-11.87790203,-2.122
030485D,-33.87,-71.81,53,6.3,21,28,109,277,18,69,70,179,63,80,180,64,80,-32.39241409,-20.608
030485E,-32.98,-72.06,36,6.1,16,29,111,271,17,59,70,172,63,79,172,63,79,-20.36381149,-15.636
030585A,-34.18,-71.42,33,5.4,36,14,126,276,33,79,56,180,79,82,179,79,82,-52.72828674,19.728
030599B,-34.75,-70.25,15,5.9,170,12,69,98,34,287,56,12,79,94,11,79,94,-111.4317398,96.432
030785A,-33.34,-72.31,18,5.4,7,30,107,265,16,55,72,168,62,81,168,61,80,-15.63603783,-2.364
031097A,-30.11,-71.58,50,5.6,10,38,94,277,7,78,83,184,52,87,185,52,87,-28.99336243,-21.007
031196C,-42.34,-71.45,134,5.3,208,13,40,160,36,0,52,79,82,100,79,82,100,-154.4599304,20.46
031285A,-33.23,-72.59,10,5.8,35,17,123,279,30,78,58,180,76,81,181,76,81,-10.38924313,0.389
031388A,-33.82,-73.07,15,5.8,38,28,138,273,24,47,58,166,72,68,166,72,68,,
031501G,-32.61,-72.04,42,5.9,144,38,59,76,11,317,68,2,58,112,1,58,112,-19.84884453,-22.151
031681A,-35.67,-71.67,60,5.3,252,46,-39,232,54,128,10,11,63,-129,11,63,-129,-69.50323486,9.503
031785A,-33.22,-71.73,44,6.5,356,26,91,265,19,84,71,175,64,90,175,64,90,-29.76957893,-14.23
031793A,-38.67,-75.37,15,5.6,224,30,-37,226,56,96,24,348,72,-115,347,72,-115,,
031985A,-33.63,-71.94,36,6.6,355,24,90,265,21,85,69,175,66,90,175,66,90,-25.84040642,-10.16
032079B,-35.79,-71.42,123,5.4,141,24,-158,325,49,102,33,32,81,-68,31,81,-68,-81.97402954,-41.026
032380A,-30.17,-72.08,43,5.4,1,37,75,282,9,148,77,200,55,101,200,54,101,-14.69337463,-28.307
032381A,-33.96,-71.81,17,6.4,335,5,73,261,40,84,50,173,85,91,172,85,91,-33.4850769,16.485
032385A,-34.49,-72.82,18,5.7,26,21,106,284,25,89,65,189,70,84,189,70,84,-14.53298759,-3.467
032385B,-33.44,-72.54,10,5.5,16,46,118,267,2,3,70,159,51,65,159,51,64,-11.6786356,1.679
032387B,-34.32,-72.84,51,5.1,31,41,125,277,9,27,66,169,58,64,168,57,63,-12.2051506,-38.795
032395B,-36.33,-72.81,15,5.5,21,6,120,264,40,78,50,170,85,87,171,85,87,-38.96213531,23.962
032485A,-34.44,-72.53,25,5.7,20,19,114,271,27,73,62,175,73,82,175,73,82,-18.60743713,-6.393
032585A,-34.6,-72.52,24,6.3,10,20,98,274,25,87,65,181,70,87,181,70,87,-21.33936119,-2.661
032597A,-33.45,-70.62,90,5.5,158,59,-161,14,34,111,10,58,74,-33,58,74,-32,-77.65055084,-12.349
032600A,-32.5,-72.16,49,5.2,330,30,55,265,19,130,64,189,66,108,189,66,108,-17.33020401,-31.67
032686A,-34.07,-72.22,38,5.4,5,24,97,270,21,81,69,177,66,87,177,66,87,-22.53079605,-15.469
032799B,-40.32,-71.85,15,5.4,174,72,174,39,9,131,17,266,85,18,266,84,18,-114.5557938,99.556
032980B,-43.38,-75.86,15,6.1,185,14,-119,314,57,119,32,34,78,-83,35,78,-83,,
032980D,-38.05,-73.91,32,5.4,13,20,106,271,26,77,64,176,71,85,176,71,84,-20.29560852,-11.704
033085A,-45.34,-76.85,10,5.4,325,26,-81,36,70,228,19,135,64,-94,135,64,-94,,
040189A,-32.86,-70.19,119,5.3,158,18,-122,295,59,93,29,10,75,-80,11,75,-80,-88.50954437,-30.49
040198D,-40.64,-75.37,15,,199,44,-88,234,88,108,1,17,46,-92,16,46,-92,,
040290A,-33.04,-72.63,15,5.6,6,36,106,265,10,41,76,167,56,79,166,56,79,-9.380357742,-5.62
040304E,-30.04,-72.35,28,5.5,320,33,50,258,17,131,63,185,65,113,185,65,113,-10.37761497,-17.622
040385B,-32.62,-71.5,36,6.1,18,21,87,290,24,113,66,201,69,91,201,69,91,-38.10923004,2.109
040681A,-35.36,-70.81,113,5.2,95,33,163,315,29,78,45,200,81,58,199,81,58,-99.30977631,-13.69
040901A,-32.88,-73.23,15,,219,44,-86,237,87,126,1,33,46,-94,33,46,-94,,
040980B,-31.49,-67.42,15,5.3,340,37,136,218,16,336,59,108,65,61,108,65,62,-99.44680786,84.447
040985A,-34.26,-71.86,47,,0,21,99,263,24,74,66,170,69,86,170,69,87,-35.57295609,-11.427
041092B,-33.68,-71.7,32,5.1,248,57,-172,106,28,205,18,154,83,-33,154,83,-33,-34.45366669,2.454
041389A,-39.96,-75.07,15,5.8,204,34,-51,212,63,86,16,339,64,-113,340,64,-113,-7.351928711,-7.648
041403A,-35.38,-72.9,31,5.2,18,44,158,244,19,353,44,124,75,48,124,75,48,-23.0968895,-7.903
041504G,-30.35,-67.55,37,5.3,185,43,114,78,4,183,73,334,51,69,334,51,69,-91.7813797,54.781
041585A,-33.64,-72.11,14,5.5,28,21,127,269,27,61,60,169,74,77,169,73,77,-21.70924187,7.709
041694D,-32.23,-71.84,31,5.6,10,26,108,267,20,63,68,171,65,81,170,65,81,-25.2018261,-5.798
041789A,-30.92,-71.85,15,5.2,351,23,85,265,22,90,68,176,67,92,176,67,92,-22.75160599,7.752
041984B,-31.74,-72.06,31,5.7,19,16,120,265,31,67,58,168,76,82,168,76,82,-18.78923035,-12.211
042097B,-33.85,-70.39,116,5.6,181,13,-93,275,58,94,32,4,77,-89,4,77,-89,-88.4995575,-27.5
042190B,-37.28,-73.79,20,5.8,352,17,80,270,28,97,62,183,73,93,182,73,93,-19.79605865,-0.204
042290A,-38.07,-73.6,31,5.6,347,16,81,264,29,90,61,177,74,93,176,74,93,-26.37311935,-4.627
042596A,-30.24,-71.52,73,5.2,7,42,-82,33,84,271,3,177,48,-97,176,49,-97,-33.71398926,-39.286
042599B,-31.91,-69.34,120,5.3,36,42,-62,34,71,286,6,181,54,-113,180,54,-113,-102.5781784,-17.422
042679A,-33.91,-72.07,34,5.9,26,25,124,271,23,56,63,170,70,76,169,69,75,-25.08870125,-8.911
042702B,-31.72,-67.78,49,5.2,341,41,31,290,17,178,51,227,71,127,227,70,127,-99.24941254,50.249
042885A,-33.18,-71.9,30,5.6,7,22,100,269,23,79,66,176,69,86,176,68,86,-25.00546265,-4.995
042885B,-39.99,-75.65,10,5.9,46,27,-101,160,71,324,18,239,64,-84,238,64,-84,,
042894B,-39.95,-75.72,15,5.5,225,51,-44,200,56,104,4,346,57,-132,346,57,-132,,
042895A,-32.06,-71.99,21,5.2,126,42,61,56,6,308,70,342,54,114,343,54,114,-20.57099533,-0.429
043004A,-33.59,-70.5,102,5,157,35,-133,335,61,97,16,26,65,-64,26,65,-64,-82.32798767,-19.672
043099E,-31.9,-72.27,32,5.5,355,29,81,272,16,107,73,185,61,95,185,61,95,-14.58023262,-17.42
050304A,-37.95,-73.75,24,,0,16,118,247,31,51,58,151,76,82,151,76,82,-22.81490898,-1.185
050392B,-32.36,-71.66,61,5.5,275,4,23,248,43,76,46,162,88,94,162,88,94,-32.169487,-28.831
050601E,-32.95,-70.92,50,5.2,313,32,42,257,20,130,58,185,69,115,186,69,115,-64.10943604,14.109
050898E,-45.15,-78.08,15,5.3,158,55,-17,124,35,24,14,258,76,-144,258,76,-144,,
050983A,-41.92,-74.45,33,6.1,358,41,-118,177,71,288,7,213,54,-68,213,55,-68,-18.66655922,-14.333
050984A,-34.34,-70.19,108,5.3,205,31,-95,309,76,119,14,31,60,-87,31,59,-87,-104.4679489,-3.532
051490C,-35.89,-71.34,92,6.1,273,40,19,230,23,116,44,168,78,128,168,78,128,-85.42987823,-6.57
051785B,-34.19,-72.59,36,5.4,46,32,143,278,22,45,56,168,71,63,169,71,63,-15.33284473,-20.667
051803C,-31.46,-69.18,122,5.4,43,41,-82,76,83,307,4,213,49,-97,212,49,-97,-99.4703598,-22.53
051891A,-40.59,-75.45,15,5.4,242,61,-27,206,39,113,4,346,67,-149,346,67,-148,,
051892B,-33.61,-72.03,15,6.1,19,8,120,262,38,74,52,169,83,86,169,83,86,-22.68593216,7.686
051985A,-34,-72.54,38,5.5,20,28,103,280,18,80,71,185,62,83,185,63,83,-14.64635563,-23.354
051985C,-30.38,-71.81,46,6.2,359,35,96,265,10,66,79,172,55,86,172,55,86,-23.07398605,-22.926
051987B,-30.71,-72.07,23,6.1,355,32,88,266,13,91,77,177,58,91,177,58,91,-16.84453583,-6.155
052188B,-32.92,-71.57,15,6.1,64,4,159,269,43,81,46,175,89,87,175,89,86,-36.37654495,21.377
052292A,-33.84,-72.42,34,5.5,0,21,92,268,24,87,66,178,69,89,178,69,89,-16.33991623,-17.66
052299A,-36.56,-70.57,164,5.3,204,12,-65,262,56,93,34,359,80,-95,359,79,-95,-129.7821198,-34.218
052302B,-30.91,-71.76,50,5.9,358,35,89,269,10,92,80,179,55,91,179,55,91,-26.11194038,-23.888
052402A,-32.17,-71.52,57,5.5,9,40,107,267,6,26,78,167,52,76,167,52,76,-38.02668762,-18.973
052584B,-43.14,-75.86,10,5.4,185,27,-98,293,71,101,18,14,63,-86,14,63,-86,,
052703D,-31.32,-68.7,128,5.5,223,37,-75,256,77,122,9,25,54,-101,24,54,-101,-94.48329163,-33.517
053076A,-42.06,-75.94,15,6.1,187,44,-101,4,82,105,2,23,47,-79,22,47,-80,,
060104D,-32.23,-68.23,38,5,347,39,112,241,8,1,74,140,54,73,140,54,73,-108.4382095,70.438
060182A,-41.69,-75.87,10,6.4,160,33,-130,331,63,98,17,25,65,-67,25,65,-67,,
060193C,-46,-77.64,15,5.9,172,73,16,125,1,34,23,77,75,162,77,75,162,,
060203A,-33.08,-72.4,28,5.5,9,25,92,277,20,95,70,187,65,89,187,65,89,-13.08347893,-14.917
060285B,-37.83,-73.76,32,5.8,347,24,47,289,26,146,59,212,73,107,213,73,107,-22.45554733,-9.544
060295B,-31.72,-71.64,92,5.5,166,14,-73,233,58,62,32,328,76,-94,329,77,-94,-31.55155373,-60.448
060384A,-45.29,-76.55,10,5.4,320,61,-161,177,33,272,8,221,73,-30,221,73,-30,,
060391B,-40.77,-75.75,15,5.6,345,46,-146,187,51,292,12,229,66,-49,230,66,-49,,
060481A,-34.76,-78.12,26,5.1,207,42,-41,193,57,84,12,330,64,-124,330,64,-124,,
060582A,-43.44,-76.07,23,5.3,191,29,-87,273,74,99,16,8,61,-91,8,61,-92,,
060698B,-36.56,-73.2,15,5.2,341,12,65,272,34,103,56,186,79,95,186,79,95,-29.3792038,14.379
060798B,-31.48,-67.77,125,5.9,148,54,-145,358,48,94,5,36,62,-42,36,62,-42,-96.65599823,-28.344
060893F,-31.62,-69.13,124,6.3,40,41,-95,172,85,314,4,226,49,-86,227,49,-86,-100.0712433,-23.929
060985B,-33.76,-71.68,36,5.2,347,26,97,252,19,62,71,159,64,86,159,64,87,-34.91889572,-1.081
060997C,-32.08,-71.83,67,5.1,266,39,-9,239,38,123,29,3,85,-129,3,84,-129,-25.03020668,-41.97
061180C,-33.03,-71.93,20,5.8,1,26,87,273,19,98,71,184,64,91,184,64,91,-23.16619301,3.166
061184A,-31.25,-71.9,44,6.2,357,36,94,264,9,69,81,171,54,87,172,54,87,-21.947155,-22.053
061185A,-32.57,-72,34,5.5,14,28,103,274,18,74,71,180,63,83,179,63,83,-21.11735344,-12.883
061485A,-40.74,-74.92,10,5.4,223,48,-62,205,70,114,1,4,49,-117,5,49,-118,-9.22013855,-0.78
061504B,-38.96,-73.62,33,5.9,172,52,150,44,9,143,46,281,67,42,282,67,42,-31.34110069,-1.659
061600B,-33.95,-69.92,109,6.4,219,33,-67,249,71,112,14,11,60,-105,12,60,-104,-107.2326431,-1.767
061694B,-32.99,-71.96,36,5.1,10,22,112,263,24,62,64,166,70,81,166,70,81,-23.06600189,-12.934
061789A,-41.1,-75.21,15,5.6,247,34,-28,236,51,114,24,1,75,-121,1,75,-121,-6.991753578,-8.008
061802C,-31.04,-71.63,57,6.4,353,29,96,259,16,68,74,166,61,87,166,61,87,-30.2525692,-26.747
061903D,-30.89,-72.14,27,5.6,2,26,98,266,19,75,70,173,64,86,173,64,86,-14.98384094,-12.016
061997F,-33.15,-70.19,116,5.3,150,24,-137,314,57,95,27,20,74,-72,20,74,-72,-89.06097412,-26.939
062003C,-45.72,-77.06,15,5.3,172,36,-70,199,74,68,10,327,56,-104,328,56,-104,,
062003G,-30.88,-71.97,35,,1,27,93,269,18,84,72,177,63,88,178,63,88,-19.7918663,-15.208
062302A,-31.49,-71.54,91,5.2,334,42,-113,152,74,260,5,184,52,-71,184,52,-71,-35.36721802,-55.633
062701C,-31.88,-72.41,42,4.9,158,46,67,84,1,350,74,9,48,112,9,49,112,-11.94115162,-30.059
070195B,-34.14,-72.84,30,5.2,7,24,108,263,22,63,67,168,67,82,167,67,82,-11.1923151,-18.808
070202D,-31.43,-68.19,27,5.5,156,40,15,115,25,1,41,54,81,129,54,80,129,-94.48776245,67.488
070497E,-45.63,-76.92,15,5.2,264,90,-180,129,0,39,0,354,90,0,174,90,0,,
070585B,-33.59,-72.43,30,5.5,348,22,70,273,24,113,65,190,69,98,189,69,98,-13.91917801,-16.081
070679A,-32.38,-71.63,49,5.7,166,39,70,90,8,330,75,11,54,105,11,54,105,-32.19896317,-16.801
070685B,-33.6,-72.5,21,5.5,356,27,79,274,18,110,71,189,63,96,188,64,96,-13.07631302,-7.924
070697A,-30.22,-72.21,15,,0,21,92,268,24,87,66,178,69,89,178,69,89,-12.89897728,-2.101
070697D,-30.26,-72.46,15,5.7,352,24,80,270,21,101,68,183,66,95,183,66,94,-9.344109535,-5.656
070785B,-33.02,-72.38,25,6,0,21,96,265,24,80,66,174,69,88,174,69,88,-12.89876461,-12.101
071185B,-32.93,-72.32,30,5.5,2,28,90,272,17,92,73,182,62,90,182,62,90,-14.64522266,-15.355
071380A,-33.47,-70.49,113,5.7,102,14,178,297,43,90,44,195,89,76,194,90,76,-81.1703186,-31.83
071693C,-33.32,-72.56,19,5.6,7,18,111,260,28,65,61,164,73,83,165,73,83,-11.20497894,-7.795
071785B,-32.71,-72.07,31,5.5,15,27,115,266,20,55,67,168,66,78,167,66,78,-19.9482708,-11.052
071793A,-30.03,-71.58,67,5.7,342,10,46,290,37,124,52,207,83,97,206,83,97,-28.76737976,-38.233
071802D,-44.72,-79.75,15,5.2,246,34,42,190,19,66,58,119,68,117,119,68,117,,
072197H,-30.72,-71.79,15,5.9,29,27,123,275,21,57,64,173,67,74,173,68,74,-23.89817429,8.898
072297A,-30.71,-72.38,15,5.4,14,21,59,308,26,153,61,227,72,101,227,72,101,-10.46214771,-4.538
072401E,-33.22,-72.17,52,5.2,334,40,87,246,5,87,85,158,50,93,158,50,93,-18.3850708,-33.615
072497A,-30.63,-72.63,15,5.7,0,31,91,269,14,87,76,179,59,89,179,59,89,,
072597A,-30.54,-72.37,15,6,345,26,78,264,19,100,70,178,65,96,178,65,96,-10.98325634,-4.017
072597B,-30.69,-72.3,15,6,358,25,79,276,20,110,69,191,66,95,190,65,95,-11.94080067,-3.059
072797A,-30.64,-72.41,15,6.2,354,19,86,267,26,90,64,178,71,91,178,71,91,-10.4029417,-4.597
072881B,-41.97,-73.45,47,5.6,44,59,17,357,11,260,33,305,75,148,305,75,148,-49.94600296,2.946
072886B,-33.53,-72.47,18,5.7,4,22,100,266,23,76,66,174,68,86,173,68,86,-13.68135071,-4.319
072997A,-30.87,-72.96,42,5.2,340,46,65,267,2,172,72,194,49,114,194,49,114,,
072998A,-32.3,-71.67,58,6.4,181,40,116,73,8,187,72,329,55,70,329,55,70,-32.139431,-25.861
080290A,-32.14,-72.2,35,6,2,27,95,268,18,81,72,177,63,87,176,63,87,-15.89808655,-19.102
080299A,-33.08,-70.1,108,5.5,141,19,-151,312,51,99,34,23,81,-73,23,81,-73,-91.71417999,-16.286
080380A,-35.46,-69.82,164,5.3,2,20,93,270,25,87,65,179,70,89,179,70,89,-147.1505737,-16.849
080485B,-45.37,-76.14,10,5.8,199,24,-64,242,65,89,23,352,68,-101,351,69,-101,,
080487A,-40.63,-73.66,64,5.4,84,48,32,32,11,289,49,331,67,133,331,67,133,-35.68540573,-28.315
080499C,-31.87,-67.98,126,5.3,155,45,-139,353,56,98,10,33,62,-53,33,62,-53,-100.6464157,-25.354
080697D,-30.67,-71.89,15,5.5,339,5,63,274,41,99,49,186,85,92,186,86,92,-20.67503357,5.675
081186E,-31.19,-67.76,26,5.3,187,49,167,50,20,155,36,285,80,41,286,80,42,-93.83853912,67.839
081285A,-38.45,-73.94,17,6.2,16,15,111,269,31,77,59,174,76,84,174,76,85,-20.71553993,3.716
081299C,-45.37,-76.72,15,5.5,6,40,-20,344,44,230,23,111,77,-128,112,77,-128,,
081496F,-42.36,-72.81,33,5.2,215,29,-11,197,43,69,34,314,85,-119,315,85,-119,-80.81071472,47.811
081891D,-31.95,-71.9,46,5.2,312,18,37,264,33,114,54,186,79,105,186,79,105,-23.274683,-22.725
081897B,-30.08,-72.42,15,5.7,4,24,96,269,21,82,69,177,66,87,177,66,87,-9.791755676,-5.208
082085B,-33.97,-72.55,39,5.2,12,33,104,272,13,60,75,176,58,81,175,58,81,-14.2902813,-24.71
082178A,-31.79,-68.11,25,5.3,218,9,79,138,36,321,54,49,81,92,49,81,92,-99.21556091,74.216
082299A,-40.88,-75.44,15,6.4,202,45,-84,200,86,108,0,14,46,-96,14,45,-96,,
082498B,-32.84,-69.32,115,5.1,102,29,-106,230,71,24,17,300,62,-81,300,62,-81,-109.9817734,-5.018
082804C,-35.21,-70.36,16,6.5,21,61,-178,242,21,339,19,290,88,-29,290,88,-29,-116.7793655,100.779
082980A,-39.75,-73.37,45,5.4,171,29,140,45,23,177,57,298,72,67,297,72,67,-45.44546127,0.445
083079A,-31.4,-67.06,27,5.5,354,31,35,303,23,176,55,233,73,116,233,73,116,-102.2594376,75.259
090490F,-30.92,-68.66,118,5.7,215,44,-92,0,88,126,1,37,46,-88,38,46,-88,-92.41544342,-25.585
090586B,-37.05,-72.53,80,5.3,129,24,174,336,38,112,43,225,88,66,224,88,66,-53.14483261,-26.855
090682C,-32.08,-71.39,78,5.3,68,21,-166,256,46,37,37,326,85,-69,325,85,-70,-42.33795547,-35.662
090704F,-34.1,-72.49,14,5.2,10,16,105,268,29,78,60,174,74,86,174,75,86,-16.33617783,2.336
090704I,-34.14,-72.52,14,5.7,6,10,102,266,35,81,55,174,80,88,174,80,88,-16.76000595,2.76
090804A,-34.13,-72.4,15,5.1,359,23,98,263,22,74,68,170,67,86,170,67,87,-18.80389786,3.804
090996A,-32.06,-71.94,49,5.9,334,40,55,268,10,156,66,196,58,116,196,58,116,-21.95592308,-27.044
091004D,-38.06,-73.24,12,5.2,30,48,62,319,1,228,70,248,49,118,248,49,118,-35.12540436,23.125
091187B,-31.67,-71.02,114,5.2,52,10,-39,82,51,278,38,181,84,-98,181,84,-98,-61.67289734,-52.327
091198A,-30.46,-71.55,37,5.1,337,47,52,273,4,174,63,207,55,124,206,55,123,-32.48383713,-4.516
091204C,-34.31,-70.15,12,5.3,162,44,114,55,3,157,73,310,50,68,310,51,69,-105.2860413,93.286
091294B,-31.26,-72.13,47,5.9,306,21,51,246,28,96,59,167,74,103,167,74,104,-15.5730238,-31.427
091387C,-34.59,-70,15,5.9,27,58,176,249,19,348,25,119,87,32,119,87,32,-118.0818253,103.082
091483A,-36.4,-73.65,10,5.4,23,16,131,260,32,57,56,161,78,79,161,78,79,-18.40455246,8.405
091494C,-31.23,-72.09,28,5.4,26,32,131,267,18,36,62,160,66,68,160,66,68,-16.67419052,-11.326
091591E,-31.58,-69.96,123,5.8,262,87,0,217,2,127,2,172,90,177,172,90,-177,-97.99568176,-25.004
091794D,-32.48,-72.01,19,5.7,11,26,83,286,19,116,71,199,64,93,199,64,93,-21.07053375,2.071
091795B,-35.61,-74.47,15,5.6,184,42,-124,9,67,118,8,46,56,-63,46,56,-63,,
091981B,-39.45,-74.94,15,5.5,206,38,-53,207,65,90,12,342,61,-116,342,61,-115,-7.798221111,-7.202
092294C,-32.07,-71.9,27,5.4,61,36,21,18,25,259,46,314,78,124,314,78,124,-23.42034721,-3.58
092402B,-31.48,-69.12,120,6.2,27,39,-94,143,83,300,6,212,51,-87,212,51,-87,-99.00245667,-20.998
092704F,-32.72,-72.02,33,5.5,17,21,109,272,25,75,64,177,70,83,177,70,83,-21.26488876,-11.735
092803G,-35.54,-71.11,105,5.1,245,17,-66,300,60,136,29,39,74,-97,40,75,-97,-89.8753891,-15.125
092999E,-30.94,-72.6,15,5.7,352,31,87,264,14,91,76,175,59,92,175,59,92,-8.396038055,-6.604
093002B,-35.17,-71.07,114,5.2,222,23,-73,281,66,119,23,23,68,-97,24,68,-97,-85.11427307,-28.886
100192D,-39.04,-74.96,15,5.5,35,42,-51,27,63,278,9,167,58,-120,168,59,-120,-7.503141403,-7.497
100195A,-31.33,-71.76,90,5.4,180,18,-74,246,62,77,28,344,73,-95,343,73,-95,-27.12020874,-62.88
100395J,-30.86,-72.65,23,5.7,9,41,104,269,5,26,80,171,51,79,171,50,78,,
100998B,-47.21,-76.5,15,5.1,19,46,138,257,9,0,56,142,61,52,141,61,52,,
101098A,-33.87,-72.48,20,5.6,352,26,87,264,19,89,71,175,64,91,175,64,91,-14.48111439,-5.519
101179B,-33.41,-71.55,44,5.4,13,24,96,278,21,91,69,187,66,87,186,66,87,-37.90492249,-6.095
101190A,-34.17,-72.07,15,5.4,329,11,58,266,35,99,54,182,81,96,181,81,96,-27.75480652,12.755
101194A,-32.22,-71.91,58,5.7,284,33,37,231,21,107,56,162,71,118,162,71,117,-23.60967255,-34.39
101201B,-33.16,-69.04,15,5.3,222,78,171,88,2,178,15,314,81,12,314,81,12,-120.4439468,105.444
101597A,-31.06,-71.42,70,,315,12,-128,93,54,257,35,173,80,-83,174,81,-83,-41.28097153,-28.719
101681A,-33.48,-73.15,40,,194,34,96,100,11,262,78,6,56,86,7,56,86,,
102094A,-39.19,-70.8,170,5.9,234,15,161,85,39,237,48,343,85,76,342,85,76,-150.9101105,-19.09
102183A,-30.69,-68.61,132,5.4,323,30,-143,141,56,271,24,200,73,-65,200,72,-65,-91.5998764,-40.4
102301I,-43.39,-76.47,29,5.1,232,45,-27,209,47,101,16,342,71,-132,342,71,-132,,
102404A,-40.47,-75.32,17,4.8,2,40,-74,21,78,261,6,162,52,-103,161,52,-103,,
102485A,-31.55,-68.73,124,5.5,63,44,-105,243,79,344,2,263,48,-76,263,48,-76,-96.77059937,-27.229
102904B,-30.81,-67.56,38,4.8,6,33,87,278,12,106,78,189,57,92,190,57,92,-92.44593048,54.446
102998B,-32.56,-70.46,110,5.3,165,47,164,29,20,136,39,266,78,44,266,78,44,-81.25299072,-28.747
103093E,-31.77,-68.16,126,5.8,180,41,-125,4,66,114,9,43,58,-64,43,57,-63,-98.20426941,-27.796
103102F,-40.56,-75.39,15,5.1,244,43,-61,239,70,134,5,27,53,-114,27,53,-114,,
110103B,-35.48,-68.18,50,5.1,250,65,-164,109,28,203,7,153,75,-26,153,76,-26,-229.7782898,179.778
110301B,-36.19,-72.02,100,5.1,274,33,25,229,25,106,49,163,77,120,163,77,120,-65.33364105,-34.666
110397G,-30.99,-71.69,51,6.1,352,31,88,263,14,88,76,175,59,91,174,59,91,-28.1899147,-22.81
110399D,-37.7,-73.93,15,5.3,28,7,132,260,40,71,50,166,85,85,166,85,85,-18.36015892,3.36
110399E,-37.7,-73.64,33,5.2,96,55,179,316,23,57,25,187,89,35,187,89,35,-23.91175652,-9.088
110404C,-46,-76.9,18,5,88,61,-158,305,35,39,6,347,71,-31,347,71,-31,,
110404D,-45.94,-76.79,19,5.2,82,73,-172,305,18,37,6,349,82,-17,350,82,-17,,
110492E,-31.98,-72.21,19,6,0,28,93,268,17,83,73,177,62,89,177,62,88,-15.72217464,-3.278
110597B,-44.54,-78.73,15,5.5,80,75,-173,303,15,35,6,349,84,-15,348,83,-15,,
110601A,-30.53,-71.68,66,5.1,352,37,88,263,8,92,82,174,53,91,175,53,92,-26.96136093,-39.039
110685B,-41,-74.3,16,5.3,221,49,-52,200,62,105,2,351,53,-125,351,54,-125,-18.84601402,2.846
110698A,-44.52,-79.34,15,5.9,256,69,171,121,9,214,21,349,82,22,349,82,21,,
110781A,-32.41,-71.39,66,,208,5,-47,251,49,78,41,345,86,-94,345,86,-93,-42.24565506,-23.754
110884B,-30.89,-71.87,42,5.5,359,40,87,271,5,112,85,182,50,92,183,50,93,-22.75160599,-19.248
110884E,-31.54,-68.5,144,5.3,178,45,-115,7,72,105,3,32,50,-67,31,50,-67,-95.62055206,-48.379
110997B,-30.06,-72.18,32,5.3,325,29,32,277,26,146,53,206,75,115,206,75,115,-12.64940071,-19.351
111080A,-31.52,-67.55,15,5.6,133,31,49,72,19,302,62,358,67,111,358,67,112,-98.07034302,83.07
111203C,-40.56,-75.52,22,5.5,216,33,-83,283,77,121,12,27,57,-95,28,57,-95,,
111488C,-32.76,-72.21,51,5.1,347,27,96,253,18,63,72,160,63,87,160,63,87,-16.44638824,-34.554
111792B,-30.85,-71.63,55,5.3,0,32,106,258,14,46,74,161,60,80,161,59,80,-29.74105453,-25.259
112099B,-30.79,-72.66,32,5.2,11,40,106,270,6,30,78,171,52,77,170,52,77,,
112195D,-33.33,-72.3,16,5.7,355,20,84,270,25,95,65,181,71,92,181,70,92,-15.63603783,-0.364
112377A,-31.22,-67.69,21,6.7,183,44,90,93,1,273,89,4,46,90,3,46,90,-94.03675079,73.037
112477A,-31.53,-68.05,46,5.6,190,34,91,99,11,276,79,8,56,89,9,56,89,-95.82698822,49.827
112603H,-30.19,-71.84,95,5.1,162,19,-91,254,64,73,26,344,71,-90,343,71,-90,-20.94474411,-74.055
112683D,-45.11,-79.94,15,5.8,257,90,180,302,0,212,0,347,90,0,347,90,0,,
112798D,-32.04,-69.21,129,5.4,191,45,-107,17,78,113,1,35,47,-74,34,47,-74,-103.5970459,-25.403
112877B,-32.02,-68.21,33,5.6,150,52,27,100,11,360,43,43,69,139,43,69,139,-102.701683,69.702
112877C,-31.67,-67.64,15,6.1,182,21,106,80,25,245,65,345,70,84,345,70,84,-99.58558655,84.586
112883A,-44.6,-77.97,10,5.5,133,18,-142,294,54,84,33,7,79,-76,6,79,-76,,
112886A,-45.53,-77.17,15,5.2,260,90,180,305,0,215,0,350,90,0,350,90,0,,
112892B,-31.59,-72.08,22,6.4,51,52,-177,268,28,12,24,319,87,-38,319,88,-38,-17.30896759,-4.691
112984B,-35.42,-71.28,102,5.3,151,19,-154,325,50,112,35,37,82,-73,36,82,-73,-79.15474701,-22.845
112987A,-45.87,-76.57,15,5.4,154,37,-95,268,81,68,8,340,53,-86,340,53,-86,,
120191C,-32.03,-69.55,114,5.4,197,46,-121,31,68,128,3,58,52,-62,58,52,-62,-102.1883621,-11.812
120402F,-30.4,-68,57,4.9,285,28,62,216,19,72,67,135,65,104,136,66,104,-89.70034027,32.7
120493E,-33.57,-72.22,29,5.6,35,16,140,264,34,59,54,163,80,77,164,80,78,-18.67425919,-10.326
120577B,-31.57,-68.22,32,5.7,103,65,-5,62,21,326,14,195,86,-154,195,85,-155,-95.45545197,63.455
120677A,-31.43,-68.11,19,5.9,181,37,82,97,8,307,80,11,54,96,11,53,96,-94.67243958,75.672
120804A,-30.97,-71.75,52,5.6,358,34,91,267,11,84,79,177,56,89,177,56,89,-26.23156357,-25.768
121077B,-31.28,-68.03,35,5.5,199,29,117,89,18,232,68,348,65,76,349,64,76,-93.6231308,58.623
121083B,-44.73,-78.32,15,5.6,258,90,180,303,0,213,0,348,90,0,348,90,0,,
121198B,-31.52,-68.94,128,5.4,32,41,-97,175,84,307,4,221,49,-84,221,49,-84,-97.78341675,-30.217
121202A,-31.86,-67.28,132,5.3,245,33,8,211,33,88,40,148,86,123,148,86,123,-108.1689377,-23.831
121498D,-38.28,-71.25,146,5.9,250,8,-6,248,45,84,44,346,89,-98,346,89,-98,-116.7829056,-29.217
121581A,-36.13,-71.16,105,5,157,10,-61,212,53,42,36,308,81,-95,308,81,-95,-96.38596344,-8.614
121583A,-33.09,-70.56,104,6,202,21,-78,271,65,103,24,9,69,-95,9,69,-95,-77.90470886,-26.095
121897B,-41.99,-72.92,44,5.2,87,27,37,36,26,261,55,323,74,112,323,74,112,-73.43774414,29.438
122000C,-39.36,-75.39,15,6.4,206,43,-72,209,77,103,3,3,50,-106,2,50,-106,,
122178B,-36.4,-72.57,50,5.8,101,34,52,38,16,272,64,324,64,112,324,64,113,-47.62347031,-2.377
122190F,-32.71,-69.7,130,5.4,289,47,-7,256,33,148,25,24,85,-137,24,85,-137,-100.714325,-29.286
122580B,-31,-67.19,138,5.1,173,40,-106,334,78,94,6,14,52,-77,14,52,-77,-96.15157318,-41.848
122602C,-31.46,-68.55,122,5.2,347,37,-81,37,80,251,8,156,54,-97,156,54,-97,-94.85669708,-27.143
122679A,-35.9,-71.5,111,5.6,199,6,-66,262,50,87,39,355,85,-92,355,85,-92,-79.74103546,-31.259
122698A,-40.9,-75.74,15,5.5,187,18,-89,275,63,96,27,6,72,-90,6,72,-90,,
122992C,-31.55,-67.15,144,5.4,139,26,-112,272,67,65,20,343,66,-80,343,66,-80,-103.4229507,-40.577
123087A,-34.74,-71.01,112,5.4,126,21,-171,318,44,99,38,27,87,-69,28,87,-69,-79.79788208,-32.202
200502040915A,-37.84,-73.53,17,4.9,356,42,11,316,26,204,38,258,83,131,258,83,131,-26.59708977,9.597
200503010724A,-31.59,-72.1,33,5.4,354,25,103,254,20,58,69,159,66,84,160,66,84,-17.30896759,-15.691
200503132038A,-32.72,-72.02,36,5.2,9,24,103,269,21,74,68,175,66,84,175,67,84,-21.26488876,-14.735
200503291638A,-33.76,-72.38,20,5.3,6,17,100,268,28,81,62,175,73,87,176,73,87,-15.67191124,-4.328
200503302331A,-35.26,-71.12,104,4.9,203,36,-92,302,81,114,9,26,54,-88,25,54,-89,-84.80241394,-19.198
200504130925A,-33.27,-73.24,12,5.4,21,38,-89,105,83,290,7,200,52,-91,200,52,-91,,
200505191556A,-32,-69.41,104,4.9,288,53,-150,138,45,236,8,179,66,-41,179,66,-41,-102.9088593,-1.091
200508231914A,-32.93,-69.14,19,4.8,95,40,24,49,21,295,47,346,75,127,346,75,127,-114.4833221,95.483
200509111831A,-36.66,-73.68,29,4.9,80,27,104,340,19,139,70,244,64,83,244,64,83,-18.92136955,-10.079
200510101607A,-45.7,-77.12,12,5.1,85,46,-158,291,43,38,17,339,74,-46,339,74,-46,,
200512141052A,-31.22,-72.05,58,5.3,266,24,-18,259,47,122,34,12,83,-113,13,83,-113,-17.76470375,-40.235
200512212219A,-42.85,-74.43,30,5.2,333,23,60,266,24,114,63,185,70,102,185,70,102,-21.24005318,-8.76
200512260056A,-39.01,-73.74,41,5.1,4,32,89,275,13,97,77,185,58,91,185,58,91,-27.42767715,-13.572
200601052251A,-36.43,-73.52,20,5.2,19,16,104,278,29,89,60,184,74,86,184,74,86,-21.72444916,1.724
200602101751A,-32.57,-71.84,42,5.2,11,32,97,276,13,80,76,183,59,86,183,58,86,-25.48250198,-16.517
200604151442A,-31.18,-72.33,28,5.2,1,22,93,269,23,86,67,179,68,89,178,68,89,-11.83735561,-16.163
200604172035A,-34.49,-72.42,20,4.9,1,32,106,259,14,47,74,162,59,80,162,59,80,-22.50424194,2.504
200604281821A,-45.76,-77.47,12,5.3,76,75,-179,300,11,32,10,346,89,-15,346,89,-15,,
200605090902A,-32.85,-70.04,126,5,270,44,-29,248,48,140,16,22,70,-130,22,70,-130,-92.55809784,-33.442
200605181826A,-32.34,-72.14,24,5,11,24,109,267,22,66,67,170,68,82,170,67,82,-17.19724846,-6.803
200605210511A,-37.41,-74.14,15,5.2,27,17,120,273,30,74,59,176,76,82,176,75,81,-14.46435642,-0.536
200605292219A,-45.9,-76.22,22,4.8,84,70,178,308,13,41,15,175,89,20,175,88,20,,
200605300250A,-45.92,-76.17,15,5.7,78,71,-175,301,17,34,10,346,85,-19,346,85,-19,,
200607192211A,-32.63,-72.24,31,5,336,25,74,258,21,98,68,174,66,98,174,66,97,-15.29252529,-15.707
200608051403A,-33.2,-68.86,32,5.6,137,39,44,79,14,324,59,10,64,120,10,64,120,-126.3033295,94.303
200609170934A,-31.9,-67.15,146,6.2,147,17,-147,312,52,103,34,25,81,-76,25,81,-76,-112.1745453,-33.825
200609242108A,-31.89,-67.18,152,5.7,122,34,-131,296,62,61,17,348,65,-66,348,65,-66,-111.2592773,-40.741
200610071632A,-45.79,-77.03,14,5.1,135,33,-74,178,74,33,13,296,58,-100,296,58,-100,,
200610121805A,-31.48,-72.03,37,6.4,3,26,96,269,19,80,71,176,65,87,176,64,87,-18.32956123,-18.67
200610131612A,-31.55,-72.02,39,5.3,360,26,95,266,19,79,71,174,64,88,174,64,88,-19.7125988,-19.287
200610160133A,-30.32,-71.76,43,5.5,8,38,113,262,9,24,73,160,56,73,160,55,73,-24.39434242,-18.606
200611201933A,-40.24,-75.57,12,5.2,190,42,-82,216,84,94,3,359,48,-97,359,49,-97,,
200612311455A,-38.04,-71.4,18,5.5,31,86,178,256,1,346,4,121,88,4,121,88,4,-109.0537338,91.054
200701071055A,-35.52,-71.23,121,5,199,23,-83,276,68,104,22,12,68,-93,11,67,-93,-82.95578766,-38.044
200701232040A,-45.46,-73.07,13,5.3,264,89,-1,219,1,129,0,354,89,-179,354,89,-179,,
200701280253A,-45.39,-73.69,47,5.2,104,76,1,60,9,328,11,14,89,166,14,89,166,,
200702030900A,-45.51,-73.03,12,5.3,91,84,-6,46,8,316,0,182,84,-174,182,84,-174,,
200702100603A,-43.26,-72.26,162,5.5,207,6,117,92,40,267,50,360,84,87,360,85,87,-114.4335938,-47.566
200702231955A,-45.51,-73.08,17,5.7,87,70,-12,45,22,313,6,181,79,-160,181,79,-160,,
200703021307A,-30.93,-71.64,55,5.4,7,35,100,270,10,60,78,176,55,83,175,56,83,-30.00429344,-24.996
200703201759A,-31.92,-67.19,146,5.2,168,19,-125,310,59,106,29,24,75,-79,25,75,-79,-111.2592773,-34.741
200703291440A,-31.63,-72.16,27,5.6,12,19,91,281,26,100,64,191,71,90,191,71,90,-16.26591682,-10.734
200703291709A,-31.59,-72.06,22,5.6,29,22,112,282,24,81,64,185,69,81,185,70,81,-18.51705742,-3.483
200703291746A,-31.69,-72.12,20,5.3,336,15,59,271,32,108,57,188,78,98,188,77,98,-17.48596382,-2.514
200703291832A,-31.72,-72.23,32,5,347,31,85,261,14,91,76,172,59,93,173,59,93,-14.29864788,-17.701
200704020249A,-45.41,-73.04,30,6.2,53,43,-86,87,87,320,2,228,47,-94,228,47,-94,,
200704211753A,-45.48,-72.95,12,6.2,84,86,2,39,1,309,4,354,88,176,354,88,176,,
200704220605A,-31.59,-72.34,28,5.1,348,28,61,279,20,136,66,201,66,105,200,66,104,-12.38608265,-15.614
200706210954A,-31.79,-71.42,54,5.1,359,32,94,266,13,77,77,174,58,88,174,58,88,-42.37168121,-11.628
200706281925A,-32.08,-71.63,80,5.6,198,15,-73,264,59,94,31,0,75,-95,0,76,-94,-32.0019455,-47.998
200707111512A,-32.67,-70.3,116,5.1,150,50,-177,6,29,111,25,58,88,-40,58,88,-40,-85.77005005,-30.23
200708081414A,-32.66,-71.92,24,5.3,335,17,78,255,28,83,61,167,74,93,168,73,94,-24.05168343,0.052
200709220801A,-46.01,-76.8,12,5.5,75,80,178,300,6,31,8,165,88,10,165,88,10,,
200710161337A,-45.98,-76.84,14,5.2,71,63,-173,291,23,27,14,338,83,-27,338,84,-27,,
200710201956A,-36.5,-73.51,41,5.2,13,23,104,272,23,77,67,177,67,84,178,68,84,-22.04452324,-18.955
200710270116A,-31.85,-69.21,114,5,299,51,-26,270,43,169,12,46,70,-138,46,70,-138,-102.1044769,-11.896
200712151822A,-32.81,-72.02,33,5.9,359,21,89,270,24,91,66,179,69,90,180,69,90,-21.37835503,-11.622
200712200306A,-32.85,-72.01,25,5.5,351,12,80,269,33,94,57,181,78,92,181,78,92,-21.44278717,-3.557
200802292251A,-40.56,-75.49,19,5,212,46,-107,43,78,134,0,56,47,-73,56,47,-73,,
200803290134A,-43.2,-74.58,42,5.1,5,32,90,275,13,95,77,184,58,90,185,58,90,-18.36776924,-23.632
200804110129A,-45.88,-76.36,17,5.1,80,67,-165,300,26,33,6,343,76,-24,344,76,-24,,
200805020551A,-42.93,-72.65,17,5.3,206,77,-177,70,11,161,7,115,87,-13,115,87,-13,-92.23553467,75.236
200805030236A,-42.82,-72.56,12,5.1,280,52,-31,251,46,152,9,31,66,-137,30,66,-138,-95.88076019,83.881
200805201516A,-44.57,-78.9,12,5.6,76,64,-170,296,25,31,12,342,81,-27,342,81,-26,,
200805240243A,-42.17,-72.46,12,5.5,84,57,-11,47,30,308,16,180,81,-146,180,81,-147,-95.4666748,83.467
200810011703A,-35.03,-71.04,119,5.2,288,4,-10,294,46,122,44,28,89,-94,28,89,-94,-83.2765274,-35.723
200811232119A,-36.38,-73.36,38,5.3,11,22,111,265,24,65,65,169,69,82,169,70,82,-24.69321251,-13.307
200812182119A,-32.63,-72.13,22,6.1,360,19,94,267,26,84,64,175,71,89,176,71,89,-17.46515083,-4.535
200812182150A,-32.62,-72.11,21,5.8,350,18,83,266,27,91,63,177,72,92,177,72,92,-18.60052299,-2.399
200812190730A,-32.66,-72.24,22,5.4,359,20,90,269,25,89,65,179,70,90,179,70,90,-15.29252529,-6.707
200812190936A,-32.56,-72.1,23,5.7,2,19,100,264,26,76,64,172,72,87,171,71,87,-18.5544796,-4.446
200812191357A,-32.68,-71.97,24,5.2,11,19,118,259,28,58,61,162,74,81,162,73,81,-22.64925385,-1.351
200812191648A,-32.6,-72.25,29,5.2,351,23,82,267,22,96,68,180,67,93,180,67,93,-15.24928093,-13.751
200812201707A,-31.72,-68.14,123,5.2,66,46,-52,50,63,310,5,198,56,-122,198,55,-123,-97.4480896,-25.552
200901231256A,-36.64,-71.22,122,5.2,253,56,-16,218,34,119,14,352,77,-145,352,77,-145,-101.0016632,-20.998
200903111306A,-31.98,-69.29,37,5.3,190,44,109,87,3,187,77,344,49,72,344,49,73,-103.1508255,66.151
200903121103A,-45.27,-78.35,17,5,157,43,-117,341,71,86,5,12,53,-67,12,53,-67,,
200904260803A,-32.89,-69.49,141,5.3,145,49,169,7,21,112,34,242,82,42,242,82,42,-106.1436081,-34.856
200905081344A,-32.02,-69.68,110,5.4,185,48,-121,23,67,116,1,47,50,-60,47,50,-60,-100.7332687,-9.267
200906132122A,-30.8,-71.99,34,5,352,29,88,263,16,87,74,175,61,91,174,61,91,-18.26342201,-15.737
200906170705A,-45.83,-77.61,25,5.2,346,68,-11,305,23,211,8,80,80,-158,80,80,-158,,
200906290307A,-45.64,-77.15,17,5.3,79,67,-171,300,22,34,10,346,81,-23,345,82,-23,,
200907121443A,-30.71,-71.58,66,5.2,360,32,99,263,13,63,76,169,58,84,169,58,84,-31.31182098,-34.688
200909120356A,-45.83,-76.99,18,5,176,26,-92,270,71,87,19,359,64,-89,358,64,-89,,
200909251547A,-32.26,-71.9,42,5.1,277,58,15,231,13,133,32,180,78,147,179,77,147,-23.66570282,-18.334
200910280620A,-32.84,-72.05,19,5,164,43,86,77,2,310,87,349,47,94,349,47,94,-20.1255703,1.126
200910300253A,-32.96,-71.99,13,4.9,358,46,110,254,1,347,76,151,47,71,150,47,70,-21.59321022,8.593
200911222207A,-39.77,-75.46,12,5.8,199,43,-69,199,75,94,4,351,51,-109,351,50,-108,,
200912291147A,-36.78,-73.39,43,5.1,1,21,95,267,24,82,66,175,69,88,176,69,88,-25.86682892,-17.133
201001181228A,-31.48,-68.97,116,5.4,231,37,-97,354,81,146,8,60,54,-85,60,53,-85,-97.78341675,-18.217
201002121203A,-33.63,-69.02,174,5.8,69,57,-156,283,39,20,8,325,70,-35,325,70,-35,-133.038559,-40.961
201002270634A,-35.98,-73.15,23,6.3,19,18,116,268,28,70,60,172,74,82,172,74,82,-25.59966469,2.6
201002270801A,-38.09,-75.41,20,6.6,3,46,-102,194,81,101,0,200,46,-78,200,45,-78,,
201002271900A,-33.62,-72.29,24,6.2,3,27,97,268,18,77,72,175,64,86,175,63,86,-16.77336502,-7.227
201002272302A,-37.94,-73.33,53,5.9,349,27,90,259,18,79,72,169,63,90,169,63,90,-31.84123802,-21.159
201002280108A,-34.25,-72.46,31,5.9,13,24,95,279,21,93,69,187,66,88,188,66,88,-18.68860245,-12.311
201002281125A,-35.11,-72.05,53,6.2,17,25,113,270,21,63,66,171,67,80,172,67,80,-42.62648392,-10.374
201002281948A,-38.36,-74.15,15,5.8,1,16,91,270,29,90,61,180,74,90,180,74,90,-16.77267456,1.773
201003010110A,-35.4,-72.33,58,5.2,34,33,130,276,17,43,63,169,65,67,169,65,67,-37.97809601,-20.022
201003010244A,-35.22,-72.75,19,5.6,302,29,32,254,26,123,53,183,75,115,183,75,115,-23.53540421,4.535
201003010530A,-34.72,-73.88,17,4.9,234,44,-67,229,74,128,3,24,50,-111,23,50,-111,,
201003010749A,-34.73,-73.53,12,5.3,208,35,-65,230,71,100,12,358,58,-107,358,59,-106,-7.88117075,-4.119
201003010846A,-35.51,-73.46,15,5.3,26,17,98,290,28,104,62,197,73,87,198,73,88,-14.26230145,-0.738
201003010858A,-37.91,-74.96,19,5,204,41,-79,228,82,106,4,9,50,-100,10,50,-99,,
201003011220A,-34.57,-74.01,12,5.1,41,40,-91,139,85,312,5,222,50,-89,222,50,-89,,
201003011436A,-34.53,-73.96,12,5.2,46,39,-89,129,84,315,6,224,51,-91,225,51,-91,,
201003011552A,-36.83,-73.91,27,5.1,13,27,104,273,19,72,70,177,64,83,177,64,83,-16.42388535,-10.576
201003011656A,-36.4,-72.7,68,5,43,35,125,288,14,53,66,182,62,68,182,62,68,-42.61408997,-25.386
201003012240A,-34.9,-74.27,18,5,32,37,-88,112,82,301,8,209,53,-92,209,53,-92,,
201003020209A,-39.86,-71.47,16,5.1,176,65,-168,36,26,131,10,80,79,-25,81,79,-25,-127.1734619,111.173
201003020409A,-35.88,-73.73,15,5.4,359,13,78,279,32,105,58,191,78,93,191,77,93,-13.23194218,-1.768
201003020428A,-36.85,-73.81,15,5.5,17,11,110,270,35,82,55,178,79,86,177,80,86,-18.09632301,3.096
201003020610A,-34.63,-72.87,15,5.3,3,5,84,279,40,100,50,189,85,91,189,85,91,-15.07562542,0.076
201003021130A,-35.45,-72.99,12,5,198,67,-163,58,28,151,5,101,74,-24,101,74,-24,-21.66555214,9.666
201003021216A,-36.76,-73.83,18,5.2,5,16,95,271,29,88,61,181,74,89,180,74,89,-16.78521729,-1.215
201003021407A,-39.72,-74.43,35,5.1,16,28,112,270,18,59,69,172,64,79,171,64,79,-14.16956615,-20.83
201003021912A,-34.39,-72.55,19,5.6,14,17,119,261,30,62,59,163,75,81,164,75,82,-18.10128784,-0.899
201003022144A,-36.61,-73.85,37,5,44,26,115,295,21,86,66,196,67,79,197,67,78,-16.03624535,-20.964
201003030435A,-37.61,-74.29,15,5.3,350,12,66,280,34,111,56,194,79,95,194,79,95,-12.81021214,-2.19
201003030442A,-37.4,-74.27,21,5.1,13,26,105,272,20,72,69,176,65,83,176,65,83,-13.06307316,-7.937
201003030616A,-33.81,-72.44,23,5.2,10,22,99,273,23,84,67,180,68,86,180,68,86,-15.05350113,-7.946
201003031744A,-36.7,-73.69,16,6.1,15,12,103,274,33,88,57,182,78,87,182,78,87,-19.17886925,3.179
201003031958A,-33.59,-72.36,19,5.8,2,17,94,269,28,86,62,178,73,89,178,73,89,-15.76656914,-3.233
201003040159A,-33.45,-72.55,13,6,10,19,97,274,26,89,64,183,71,88,183,71,88,-11.6786356,-1.321
201003040903A,-37.72,-74.96,17,5,217,45,-56,205,66,104,5,353,54,-119,353,54,-119,,
201003041737A,-34.24,-72.41,24,5.4,14,22,106,272,24,76,66,177,69,84,177,69,84,-19.77235603,-4.228
201003050334A,-34.67,-71.94,12,5.4,1,38,-77,35,79,262,8,165,53,-100,165,53,-100,-38.15486145,26.155
201003050355A,-34.63,-71.95,26,5.2,319,75,177,183,8,275,13,50,87,15,50,87,15,-38.15486145,12.155
201003050736A,-35.35,-73.41,36,5.1,266,50,-3,230,29,125,25,358,88,-140,358,88,-140,-13.56554317,-22.434
201003050919A,-36.76,-73.59,15,6.1,11,8,116,258,38,71,52,164,83,87,165,83,86,-21.35479546,6.355
201003051031A,-37.58,-73.77,26,5.2,358,28,97,263,17,71,73,171,62,86,170,62,86,-21.63632202,-4.364
201003051147A,-36.89,-73.75,15,,9,16,98,273,29,87,61,180,74,88,181,74,88,-19.19849586,4.198
201003061519A,-37.59,-74.31,14,5.2,28,19,112,281,27,84,62,185,72,83,185,72,83,-12.81021214,-1.19
201003070446A,-33.14,-72.18,29,5.1,7,26,92,276,19,93,71,185,64,89,185,64,89,-17.11759758,-11.882
201003071559A,-38.22,-73.78,25,5.9,348,12,84,263,33,86,57,174,78,91,174,78,91,-22.78227425,-2.218
201003071836A,-34.65,-72.22,47,5.3,24,27,114,276,20,66,67,177,65,78,177,65,78,-29.90312386,-17.097
201003072200A,-34.01,-72.18,34,5.2,26,42,113,280,5,28,74,176,52,71,176,52,71,-22.04616547,-11.954
201003072346A,-36.17,-73.36,29,5.1,26,21,-119,163,62,318,26,237,72,-80,237,72,-79,-22.61441612,-6.386
201003081303A,-34.54,-73.97,12,5.1,38,41,-97,181,84,313,4,228,49,-84,227,49,-84,,
201003081750A,-32.88,-72.04,17,5.3,360,28,108,257,18,50,70,159,63,81,160,63,81,-20.19654465,3.197
201003081808A,-32.78,-72.11,16,5.3,353,26,89,264,19,85,71,175,64,91,174,64,90,-18.81035805,2.81
201003092210A,-33.88,-72.83,20,5.1,358,22,76,279,23,113,66,193,69,96,193,69,96,-9.789424896,-10.211
201003100241A,-37.07,-73.13,48,5.2,19,32,107,277,14,63,73,178,60,80,179,60,80,-33.10359192,-14.896
201003100401A,-37.32,-74.12,15,5.1,15,12,109,269,34,81,56,176,78,86,176,79,86,-14.93899536,-0.061
201003100845A,-35.16,-74.29,18,5.1,48,34,-59,64,68,296,14,192,61,-109,192,61,-109,,
201003101220A,-33.6,-72.85,15,5.6,47,6,122,288,40,101,50,195,85,87,195,85,87,-8.567821503,-6.432
201003101600A,-38.25,-75.28,27,5.1,344,55,-152,196,43,293,8,237,67,-38,237,67,-38,,
201003111051A,-34.41,-72.29,17,4.9,319,31,-99,74,75,236,14,150,60,-85,149,59,-85,-23.80581665,6.806
201003111439A,-34.54,-72.11,13,,324,35,-90,54,80,234,10,144,55,-90,144,55,-90,-31.51831055,18.518
201003111455A,-34.53,-72.13,16,,16,6,-53,65,50,252,40,159,86,-93,159,85,-94,-29.96718025,13.967
201003112011A,-34.62,-72.08,19,5.6,3,44,-61,355,70,253,5,146,52,-115,145,53,-115,-32.26261902,13.263
201003112234A,-37.85,-74.11,22,5.3,351,20,82,267,25,94,65,180,70,93,180,70,93,-16.28754807,-5.712
201003121032A,-37.86,-74.69,18,5.1,348,18,71,273,28,107,62,188,73,96,188,73,96,,
201003121650A,-34.41,-72.18,12,5.7,342,40,-87,49,85,250,5,158,50,-92,158,50,-93,-26.48657036,14.487
201003130315A,-36.69,-74.02,31,5.3,2,23,88,274,22,96,68,183,67,91,184,67,91,-14.20540142,-16.795
201003130319A,-36.77,-73.77,24,5.4,10,19,102,271,26,81,63,177,72,86,177,71,86,-18.51305389,-5.487
201003130712A,-34.65,-71.97,19,5.1,345,45,-81,342,84,249,0,152,46,-99,152,46,-99,-38.15486145,19.155
201003131034A,-37.78,-73.95,20,5.8,7,19,102,268,26,78,63,175,71,86,174,71,86,-18.6356926,-1.364
201003131522A,-34.57,-72.07,16,5.2,10,29,-75,64,72,269,17,172,62,-99,173,62,-98,-33.12962723,17.13
201003132020A,-37.11,-74.29,15,5.3,346,12,79,265,33,90,57,177,79,92,177,78,92,-11.67583847,-3.324
201003140731A,-34.42,-72.1,16,5.2,341,34,-116,138,70,270,13,191,59,-73,191,60,-74,-29.40787506,13.408
201003141352A,-38.71,-73.85,19,5.5,281,25,-26,279,51,143,31,35,79,-113,35,79,-113,-23.70839882,4.708
201003142004A,-38.68,-73.85,13,5.4,228,23,-60,267,63,115,24,15,71,-102,16,70,-102,-23.70839882,10.708
201003151108A,-35.96,-73.85,12,6.2,21,15,103,280,30,93,59,187,76,87,188,75,87,-12.18862343,0.189
201003160221A,-36.49,-73.63,13,,12,14,107,268,32,79,58,175,77,86,175,77,86,-19.02326012,6.023
201003160304A,-36.68,-73.76,17,5.9,19,14,112,271,32,79,58,177,77,85,176,77,85,-18.26661682,1.267
201003171738A,-44.36,-73.03,12,5.4,191,68,-178,53,17,148,14,100,88,-22,100,88,-22,,
201003171829A,-35.47,-73.56,20,5.1,27,24,106,285,22,87,67,190,67,83,190,67,83,-12.42878532,-7.571
201003180157A,-36.65,-72.98,25,5.2,340,8,63,274,38,101,52,188,83,94,187,83,94,-35.44697571,10.447
201003180318A,-34.49,-72.42,31,5.1,35,21,-54,69,60,277,27,177,73,-103,177,73,-103,-22.50424194,-8.496
201003180932A,-44.43,-73.01,20,5.2,186,72,171,51,7,144,19,279,81,18,279,81,18,,
201003190255A,-33.63,-72.65,17,5.2,13,18,99,276,27,89,63,184,72,87,184,72,87,-11.07019424,-5.93
201003190854A,-35.67,-73.33,15,5.5,27,10,118,273,36,83,54,178,81,85,179,81,85,-17.42097473,2.421
201003191420A,-33.37,-72.59,15,5.2,20,16,110,274,30,81,60,178,75,84,179,75,84,-10.65239716,-4.348
201003211831A,-36.56,-73.57,21,5.5,11,25,113,264,21,57,66,166,67,79,166,67,80,-21.30218315,0.302
201003230234A,-45.94,-77.04,14,4.9,164,45,-99,347,84,80,0,357,46,-81,357,46,-81,,
201003240005A,-37.28,-74.18,16,5.1,12,14,106,269,31,80,58,176,77,86,176,77,86,-13.50917339,-2.491
201003251110A,-35.85,-73.69,15,5.3,21,14,103,280,31,93,59,187,76,87,188,76,87,-13.58817768,-1.412
201003281436A,-36.16,-73.92,12,5.2,6,16,92,274,29,93,61,183,74,89,184,74,89,-12.73120594,0.731
201003282138A,-35.56,-73.44,12,6,28,16,112,280,30,87,59,185,75,84,185,75,84,-14.741745,2.742
201003282143A,-35.45,-73.44,17,5.6,7,16,86,280,29,103,61,191,74,91,191,74,91,-13.79162216,-3.208
201003290735A,-34.92,-72.01,53,5.3,36,29,127,279,20,56,63,175,67,71,175,67,72,-40.70795822,-12.292
201004011253A,-34.87,-72.22,12,5.1,195,58,-142,49,48,139,0,82,59,-39,83,59,-38,-33.00559998,21.006
201004011943A,-34.28,-72.25,24,5.1,352,16,89,263,29,83,61,173,74,90,173,74,90,-23.92683601,-0.073
201004022258A,-36.33,-73.2,30,6,17,15,101,278,30,92,60,186,75,87,186,75,87,-27.90375137,-2.096
201004162241A,-37.69,-74.25,12,5.6,360,15,90,270,30,90,60,180,75,90,180,75,90,-13.70070934,1.701
201004162315A,-37.62,-74.24,12,5.7,31,15,115,281,31,87,58,185,77,84,185,76,84,-13.49191284,1.492
201004180149A,-37.41,-74.19,15,5.6,4,19,93,272,26,89,64,180,71,89,181,71,89,-13.75150776,-1.248
201004180252A,-37.28,-74.22,22,5.1,348,33,74,270,13,125,74,187,59,100,187,58,100,-13.50917339,-8.491
201004190732A,-37.69,-74.24,19,5.2,353,20,93,261,25,78,65,170,70,89,170,70,89,-13.70070934,-5.299
201004231003A,-37.69,-73.32,29,6,7,14,141,235,35,32,53,135,81,79,135,81,79,-31.85425949,2.854
201004290756A,-36.97,-74.28,19,5.1,4,27,92,273,18,89,72,182,63,89,182,63,89,-11.23544693,-7.765
201005021452A,-34.48,-72.22,15,5.9,26,25,-36,34,55,256,28,149,76,-110,149,76,-111,-27.79321671,12.793
201005031839A,-37.36,-74.33,12,5.4,6,16,92,274,29,93,61,183,74,89,184,74,89,-11.65887737,-0.341
201005032309A,-38.31,-74.08,15,6.2,357,14,89,268,31,88,59,178,76,90,178,76,90,-17.49518204,2.495
201005041355A,-34.17,-72.48,23,5.2,25,26,107,282,20,80,69,187,66,82,186,65,82,-16.76000595,-6.24
201005051524A,-35.67,-73.32,16,5.4,19,14,106,276,31,87,58,182,76,86,183,77,86,-18.32390594,2.324
201005090329A,-34.13,-72.45,23,5,14,22,112,267,24,66,64,170,70,81,170,70,81,-17.75510216,-5.245
201005132039A,-34.26,-72.51,30,5.2,11,27,117,261,20,48,66,161,67,77,161,66,77,-17.6588192,-12.341
201005211852A,-34.75,-72.09,12,5.3,25,38,-91,121,83,296,7,206,52,-90,206,52,-89,-34.6194191,22.619
201005242357A,-36.4,-73.71,21,5.2,19,19,111,272,27,76,62,177,73,83,177,72,83,-17.48266983,-3.517
201005251309A,-37.83,-73.49,48,5.3,348,26,99,251,19,59,70,158,64,86,158,64,86,-27.71715927,-20.283
201006011605A,-36.93,-73.85,22,5.1,355,21,81,272,24,101,66,184,70,93,185,69,93,-17.67167664,-4.328
201006241324A,-37.07,-74.16,20,5,12,24,102,273,21,79,68,178,66,85,179,67,85,-13.47745323,-6.523
201006270715A,-37,-74.3,15,5,6,22,92,274,23,92,67,184,68,89,184,68,89,-11.38856316,-3.611
201006280059A,-37.91,-75.34,20,5.6,41,39,-59,45,69,289,10,184,57,-113,183,57,-113,,
201006290140A,-37.91,-73.72,19,5.5,330,27,126,213,22,354,63,110,69,73,111,68,73,-23.62964821,4.63
201007030005A,-34.63,-72.06,56,5.1,43,39,124,289,10,45,67,183,58,66,182,59,66,-34.67866898,-21.321
201007092257A,-45.93,-76.41,12,5.3,79,59,-176,298,24,37,19,347,86,-31,347,87,-31,,
201007140832A,-38.35,-73.89,15,,7,9,97,271,36,89,54,180,81,89,180,81,89,-21.35459518,6.355
201007141505A,-38.39,-73.8,23,5.8,353,14,88,265,31,86,59,175,76,91,175,76,90,-23.60358238,0.604
201007150036A,-34.27,-72.35,23,5.4,18,24,121,265,24,54,63,164,70,77,165,70,77,-20.91139793,-2.089
201008050601A,-37.7,-73.69,18,5.9,6,13,97,270,32,87,58,179,78,88,179,77,88,-22.91816521,4.918
201008050627A,-37.57,-73.76,30,5.4,355,30,86,268,15,96,75,180,60,92,180,60,92,-21.48039436,-8.52
201008150750A,-37.09,-71.47,16,5.2,290,58,-9,252,28,153,16,25,82,-148,25,82,-148,-97.91667938,81.917
201009060320A,-37.79,-73.56,27,5,19,28,114,271,19,59,68,173,65,78,172,65,78,-26.38956642,-0.61
201009090728A,-37.27,-74.16,12,6.2,11,14,99,274,31,89,59,182,76,88,182,76,88,-14.07818413,2.078
201009131644A,-31.82,-70.46,126,5.1,260,68,15,213,5,121,26,165,76,158,164,76,157,-84.25283051,-41.747
201009140323A,-37.32,-74.27,13,5.2,359,19,83,275,26,100,64,186,71,92,186,71,92,-12.8309679,-0.169
201009140337A,-37.32,-74.35,16,5.1,352,19,76,273,26,104,63,187,72,95,187,72,95,-11.55158615,-4.448
201009170652A,-37.65,-74.17,16,5.1,341,16,71,266,30,98,60,181,75,95,181,75,95,-15.04355431,-0.956
201009200542A,-33.84,-72.36,22,5.1,348,22,78,267,23,99,66,182,69,95,181,69,95,-17.35041618,-4.65
201009231636A,-35.05,-72.13,53,5.4,19,30,113,272,17,56,70,173,63,78,173,63,77,-38.12945557,-14.871
201009260529A,-40.58,-73.14,74,5,126,43,103,27,3,134,81,289,48,78,288,48,78,-55.43122482,-18.569
201009291629A,-34.49,-71.75,57,5,62,42,134,302,11,51,60,190,61,58,190,61,58,-43.15595245,-13.844
201009300026A,-36.51,-74.07,12,5.6,9,17,98,273,28,87,62,180,73,87,181,73,88,-12.55193615,0.552
201010210249A,-34.82,-74.07,12,5.9,2,45,-136,199,58,303,9,237,60,-54,238,61,-54,,
201010230558A,-37.91,-73.88,21,5.5,31,16,123,274,31,75,57,177,76,81,177,77,81,-19.81095123,-1.189
201010231057A,-36.77,-73.87,29,5.1,31,29,110,286,17,76,70,188,63,79,188,63,79,-16.78521729,-12.215
201010310710A,-33.82,-72.39,21,5.3,4,20,94,271,25,87,65,180,70,89,180,70,89,-15.99615479,-5.004
201011100123A,-36.52,-73.55,29,5,359,33,88,270,12,96,78,181,57,91,181,57,91,-21.00153542,-7.998
201011280819A,-34.58,-72.29,33,5.2,40,24,-70,93,66,295,22,198,68,-99,198,68,-99,-26.33500671,-6.665
201012131851A,-34.07,-73.51,12,5.2,38,28,-89,126,73,307,17,217,62,-90,217,62,-91,,
201101022020A,-38.71,-73.84,19,,5,13,97,269,32,86,58,178,77,88,178,77,88,-23.70839882,4.708
201101070942A,-35.87,-73.66,12,5.4,22,21,107,279,25,83,64,184,70,83,184,70,84,-14.33847237,2.338
201101071405A,-35.72,-73.73,35,5.1,26,37,90,296,8,116,82,206,53,90,206,53,90,-11.80401611,-23.196
201101100602A,-35.77,-73.59,12,5.9,22,14,105,280,31,92,58,187,76,86,187,76,86,-14.27565861,2.276
201101110105A,-35.7,-73.79,18,5,29,23,95,295,22,110,68,204,67,88,204,67,88,-11.1913662,-6.809
201101110533A,-35.33,-72.08,12,5.1,138,15,60,73,32,269,57,349,77,98,349,77,98,-45.70095444,33.701
201101172329A,-30.51,-71.62,90,5,223,19,-34,237,53,89,33,345,79,-106,346,80,-106,-30.6296978,-59.37
201101211536A,-34.03,-72.48,28,5,347,25,69,273,21,117,67,190,66,99,190,67,99,-15.92967033,-12.07
201102051611A,-37.81,-73.84,21,5.7,9,17,98,273,28,87,62,180,73,88,181,73,88,-20.40743637,-0.593
201102112005A,-36.63,-73.56,18,,15,13,104,273,32,86,57,180,77,87,181,77,87,-21.86229134,3.862
201102112339A,-37.45,-74.11,16,6,11,16,98,275,29,89,61,183,74,88,183,74,88,-15.32570934,-0.674
201102120117A,-37.35,-74,14,6,12,15,98,275,30,91,60,183,75,88,184,75,88,-16.60611916,2.606
201102130851A,-36.78,-73.61,16,5.9,13,11,101,274,34,89,56,182,79,88,182,79,88,-21.59222603,5.592
201102131035A,-36.83,-73.74,14,5.9,12,18,97,276,27,91,63,184,72,88,185,72,88,-18.97880363,4.979
201102131344A,-36.75,-73.74,18,5.6,9,15,95,275,30,92,60,184,75,89,184,75,89,-18.51305389,0.513
201102140340A,-35.67,-73.61,12,,25,17,105,283,28,93,61,189,74,86,189,74,85,-13.42970371,1.43
201102141021A,-35.6,-73.41,15,5.2,13,18,107,270,28,77,62,175,73,85,175,73,85,-16.03635979,1.036
201102141218A,-35.65,-71.54,13,5.2,211,21,-33,221,53,77,31,331,79,-108,332,79,-108,-73.51831818,60.518
201102181701A,-33.99,-72.37,27,5.2,14,20,105,272,26,79,64,178,71,85,178,71,85,-18.5418396,-8.458
201102190626A,-34.05,-72.33,21,5.2,360,21,94,267,24,83,66,176,69,89,176,69,88,-18.97813416,-2.022
201102210538A,-46.02,-72.55,18,5,271,32,-20,257,47,132,28,18,79,-121,18,80,-120,,
201102240436A,-36.29,-73.82,20,5.1,24,27,139,258,25,34,57,152,73,69,152,73,69,-15.14497375,-4.855
201102280129A,-37.46,-73.69,25,5.8,6,16,97,270,29,86,61,179,74,88,179,74,88,-22.10318184,-2.897
201103030758A,-37.45,-73.83,23,5.2,1,22,97,266,23,78,67,173,68,87,173,68,87,-19.3801918,-3.62
201103162236A,-32.57,-71.89,37,5.5,15,28,105,274,18,71,71,179,63,83,178,63,82,-23.95688248,-13.043
201103171114A,-32.67,-72,35,5.2,6,28,101,268,17,70,72,174,62,84,174,63,84,-21.2136631,-13.786
201103280610A,-34.91,-72.08,51,5.2,29,32,119,278,16,53,68,176,62,73,176,62,73,-37.16060257,-13.839
201103282357A,-33.69,-72.36,33,5,2,33,96,268,12,72,77,175,57,86,175,57,86,-16.33964157,-16.66
201104040754A,-45.8,-77.04,12,5.3,174,32,-79,232,75,76,13,341,59,-97,341,59,-97,,
201104102024A,-36.17,-73.96,18,5.2,357,15,83,273,30,97,60,184,75,92,184,75,92,-12.05613518,-5.944
201104131514A,-33.78,-72.27,31,5.4,9,23,100,271,22,80,67,178,67,86,178,67,86,-19.15553474,-11.844
201104190057A,-33.3,-72.48,21,5.1,355,29,76,275,17,119,72,191,62,97,191,62,98,-11.94731998,-9.053
201104190550A,-33.97,-72.65,21,5.1,23,24,108,279,22,79,67,184,67,82,183,67,82,-12.68349266,-8.317
201104220512A,-38.1,-74.31,14,5.3,359,19,88,271,26,92,64,182,71,91,181,71,91,-13.84568501,-0.154
201104270457A,-34.01,-72.66,20,5.1,17,21,103,277,24,85,65,183,70,85,183,70,85,-13.00942039,-6.991
201105070657A,-33.98,-72.82,29,5,17,25,93,285,20,101,70,194,65,89,194,65,89,-10.91488647,-18.085
201105191705A,-34.63,-71.95,53,5.2,19,32,118,269,16,44,69,167,62,74,167,62,74,-38.15486145,-14.845
201106011255A,-37.74,-74.41,12,6.3,1,17,88,273,28,94,62,183,73,91,183,73,91,-11.79966164,-0.2
201106011347A,-37.37,-74.3,27,5.4,9,23,77,289,22,123,67,202,68,95,203,68,95,-12.29095554,-14.709
201106041628A,-40.59,-72.22,21,5,162,64,-165,21,28,116,8,65,77,-27,65,77,-27,-100.6853104,79.685
201106051025A,-35.01,-72.11,50,5.3,24,31,118,274,17,51,68,172,63,74,172,63,74,-38.95224762,-11.048
201106290536A,-33.98,-72.54,19,5.5,13,18,100,275,27,88,63,183,72,87,182,72,87,-14.64635563,-4.354
201107130201A,-36.33,-73.88,21,5,6,23,93,274,22,90,68,182,67,89,183,67,89,-13.88501072,-7.115
201107160026A,-33.96,-72.19,24,5.9,14,21,108,270,25,74,64,174,70,83,175,70,83,-21.58268738,-2.417
201107251115A,-37.9,-74.03,20,5.4,3,15,95,269,30,86,60,178,75,89,178,75,89,-17.22553635,-2.774
201107281605A,-35.91,-73.57,13,5.2,24,19,103,284,26,93,63,191,71,86,190,72,86,-16.3909359,3.391
201107281950A,-35.86,-73.53,13,5.6,344,17,61,277,30,116,59,194,75,98,194,75,98,-15.94719124,2.947
201108061322A,-36.06,-73.46,15,5.5,49,9,131,283,38,91,51,188,83,84,188,83,84,-19.60293388,4.603
201108280430A,-33.2,-72.38,20,5.3,7,23,90,277,22,97,68,187,67,90,187,67,90,-13.31261349,-6.687
201109031620A,-38.27,-74.17,18,5.8,4,16,93,272,29,90,61,181,74,89,181,74,89,-16.51787186,-1.482
201109071121A,-33.43,-72.55,19,5.2,338,24,78,257,21,91,68,171,66,95,171,67,95,-11.6786356,-7.321
201109100317A,-34.1,-72.47,29,5,27,25,112,280,21,75,67,184,67,80,183,67,80,-17.31460953,-11.685
201109140703A,-32.8,-71.88,26,5.9,359,16,84,274,29,98,61,185,74,92,185,74,92,-24.21418953,-1.786
201109282240A,-38.05,-74.45,12,5.5,6,15,82,283,30,107,60,194,75,92,194,75,92,-11.71939278,-0.281
201109291540A,-38.06,-74.56,12,5.2,3,22,87,275,23,98,67,187,68,91,186,68,91,-10.51747131,-1.483
201110192045A,-45.74,-77.8,26,5.2,69,70,-159,290,29,20,0,331,70,-22,332,70,-21,,
201111081718A,-34.16,-72.45,29,5.3,6,22,108,262,24,65,65,166,69,83,167,69,83,-17.75510216,-11.245
201111110808A,-38.24,-73.31,41,5.2,346,20,76,267,25,99,64,181,71,95,181,71,95,-35.03687668,-5.963
201111220741A,-34.8,-71.98,53,5.1,43,31,129,285,19,57,63,179,66,69,180,66,69,-38.9215889,-14.078
201111251735A,-37.77,-75.59,30,5,321,47,-122,157,67,253,3,184,52,-60,183,52,-60,,
201112161202A,-46,-76.43,14,5.4,75,75,178,299,9,31,12,165,89,15,166,88,15,,
201112161254A,-46.01,-76.57,15,5.7,76,71,177,300,11,33,15,167,87,19,167,87,19,,
201112221506A,-46.06,-76.64,28,5,72,66,-177,294,19,29,15,341,87,-24,341,87,-24,,
201112230418A,-44.71,-79.85,23,5,258,75,-166,121,20,211,1,164,76,-15,164,76,-15,,
201201050054A,-45.95,-76.65,18,5.3,75,69,-175,297,18,31,11,343,85,-22,343,85,-21,,
201201092130A,-32.7,-71.93,35,5.2,11,23,100,273,22,82,67,180,68,86,180,67,86,-22.64925385,-12.351
201201172321A,-31.76,-71.95,34,5.7,355,29,87,267,16,93,74,178,61,91,178,61,92,-21.46953011,-12.53
201201172323A,-31.86,-71.96,39,5.6,7,40,91,276,5,89,85,185,50,89,186,50,89,-21.64549065,-17.355
201201181135A,-31.81,-68.24,14,5,215,42,130,98,9,206,63,346,59,60,347,59,60,-98.75306702,84.753
201201231604A,-36.5,-73.42,22,6.1,13,19,101,274,26,85,63,182,71,86,181,71,86,-24.23727798,2.237
201202110258A,-37.54,-73.68,24,5.6,3,22,93,271,23,88,67,180,68,89,180,68,89,-22.42499161,-1.575
201202170801A,-37.27,-74.29,17,5.1,350,25,66,278,22,125,66,197,67,101,196,67,101,-12.06079006,-4.939
201203031101A,-30.48,-71.55,66,5.2,179,23,88,91,22,273,68,1,67,91,1,67,91,-32.68047333,-33.32
201203032212A,-35.77,-73.17,31,5.1,45,30,101,307,15,106,74,213,61,84,212,61,84,-22.52409744,-8.476
201203162331A,-33.45,-72.27,33,5.1,1,26,95,267,19,80,71,176,65,88,175,64,88,-17.0727005,-15.927
201203240728A,-33.04,-71.21,91,5.1,68,64,2,26,17,289,19,337,88,154,337,88,154,-51.26350403,-39.736
201203252237A,-35.31,-72.41,34,,20,16,112,272,30,79,59,177,76,84,177,75,84,-34.54515839,0.545
201204030211A,-33.86,-72.63,14,5.1,5,22,84,280,23,106,67,191,68,92,191,68,92,-12.08075333,-1.919
201204061325A,-38.54,-75.38,21,5,181,42,-110,356,76,105,5,27,52,-73,27,51,-73,,
201204170350A,-32.77,-71.69,40,,2,24,95,268,21,82,69,176,66,88,177,66,88,-30.65136909,-9.349
201205241918A,-37.11,-70.84,163,5.4,123,17,-146,287,52,78,34,360,81,-76,0,81,-76,-121.8982391,-41.102
201206070405A,-36.23,-70.97,17,6,2,69,-173,224,20,317,10,269,84,-21,269,83,-21,-105.6081619,88.608
201206180829A,-33.01,-68.6,29,5,166,25,82,82,20,272,70,355,65,94,355,65,94,-125.9907684,96.991
201207040833A,-38.09,-73.31,45,5.1,344,27,73,267,19,110,70,183,64,98,183,64,98,-34.0481987,-10.952
201208041905A,-31.93,-69.51,118,4.9,171,65,-175,32,21,128,14,79,86,-25,79,85,-25,-102.3411713,-15.659
201208300804A,-37.34,-74.04,26,5.2,352,17,79,271,28,98,62,183,73,93,183,73,93,-15.82765484,-10.172
201209110635A,-31.92,-68.39,127,5,20,35,-77,65,77,281,11,184,56,-99,184,56,-99,-100.2852478,-26.715
201210111722A,-32.86,-70.57,107,5.6,170,84,-174,35,8,125,0,80,84,-6,79,84,-6,-77.58161163,-29.418
201210152104A,-31.81,-72.29,22,5.1,348,28,77,268,18,108,71,183,62,97,183,63,97,-13.51141453,-8.489
201211120507A,-45.76,-77.28,18,5.2,78,73,179,302,11,34,13,168,89,17,168,89,17,,
201211121055A,-45.76,-77.41,17,5.1,77,64,-179,299,19,35,17,346,89,-26,347,89,-26,,
201211130310A,-45.76,-77.4,12,4.8,76,74,-165,299,22,29,1,342,76,-17,342,76,-17,,
201211130431A,-45.8,-77.54,18,6,77,79,176,302,5,33,11,168,86,11,168,86,11,,
201211191645A,-33.92,-72.42,21,5.1,351,23,78,270,22,103,67,184,67,95,184,68,95,-16.70312691,-4.297
201211201623A,-33.99,-72.4,19,5.4,16,20,100,278,25,89,65,185,71,87,185,70,86,-17.48722649,-1.513
201211211816A,-33.93,-72.4,28,5.2,19,24,118,268,23,59,64,169,69,79,169,69,78,-17.08563423,-10.914
201211212136A,-34.05,-72.31,21,5.9,6,20,106,264,26,70,64,169,70,84,169,71,84,-20.10464096,-0.895
201211212252A,-34.04,-72.49,33,5.1,11,32,101,273,13,69,75,177,58,83,178,59,83,-15.92967033,-17.07
201211252211A,-44.5,-78.37,16,5.1,80,79,-172,304,13,34,2,349,82,-11,348,82,-11,,
201212261317A,-37.41,-73.78,25,5.4,4,17,92,272,28,91,62,182,73,89,182,73,89,-20.1097393,-4.89
201212270037A,-35.89,-73.77,12,5.8,14,16,94,281,29,98,61,190,74,89,190,74,89,-13.23194218,1.232
201301230247A,-31.82,-71.62,30,5.1,336,25,71,260,21,103,67,176,66,99,177,66,99,-33.68307114,3.683
201301230743A,-44.71,-79.68,25,5.5,348,85,5,303,0,213,7,258,85,175,258,85,175,,
201302101954A,-33.58,-72.21,31,5.4,6,24,100,268,21,77,68,176,66,86,175,66,86,-18.95898628,-12.041
201302181000A,-34.05,-72.39,17,5.4,5,18,95,271,27,87,63,180,72,89,180,72,88,-17.90764999,0.908
201303290730A,-35.44,-73.28,14,5.4,23,19,111,276,27,80,62,181,72,83,181,72,83,-16.09337234,2.093
201304130919A,-45.89,-76.3,14,5.4,76,68,-178,298,17,33,14,346,88,-22,345,88,-22,,
201305211251A,-45.7,-77.04,12,5.2,113,32,-118,268,69,43,16,326,62,-73,325,62,-74,,
201305211351A,-45.96,-76.86,14,4.9,165,31,-116,315,69,94,16,14,62,-75,15,62,-75,,
201306192129A,-32.74,-70.2,115,5.2,190,45,-111,17,75,115,2,39,48,-70,38,49,-70,-88.53164673,-26.468
201308301048A,-34.57,-70.74,112,5,338,45,-18,311,41,202,20,81,77,-133,81,77,-134,-86.64041901,-25.36
201309292306A,-37.53,-73.89,20,5.3,4,20,92,272,25,91,65,182,70,89,182,70,89,-18.80257988,-1.197
201309292323A,-37.57,-73.81,22,5.5,358,20,86,271,25,95,65,182,70,91,182,70,91,-20.56256294,-1.437
201310211817A,-38.04,-75.48,13,5,201,38,-61,210,70,91,10,346,57,-111,346,57,-111,,
201310300229A,-35.46,-73.36,13,5.9,15,18,91,284,27,103,63,194,72,90,194,72,90,-15.29133224,2.291
201310300251A,-35.43,-73.48,12,6.3,19,17,92,287,28,106,62,196,73,89,197,73,89,-13.09325981,1.093
201310312303A,-30.46,-71.86,36,6.5,5,28,98,269,17,76,72,175,62,85,176,62,86,-21.66015816,-14.34
201311071701A,-37.6,-74.25,22,5.2,339,30,69,264,16,118,70,183,62,102,183,62,102,-13.49191284,-8.508
201311100201A,-33.37,-72.23,29,5.2,18,24,98,282,21,92,69,189,67,87,189,66,86,-16.66234779,-12.338
201311150619A,-32.72,-67.54,35,5.1,208,41,103,109,5,227,80,10,50,79,11,50,79,-134.2233582,99.223
201311290521A,-33.33,-72.44,24,5,16,28,91,285,17,104,73,195,62,90,195,62,89,-12.89949894,-11.101
201312070923A,-33.88,-72.58,20,5,14,17,92,282,28,101,62,192,73,89,192,73,89,-13.13790226,-6.862
201312100051A,-31.39,-69.29,117,5.1,202,45,-117,32,71,131,3,57,51,-66,58,51,-66,-99.91992188,-17.08
201312292008A,-45.99,-76.95,16,4.9,39,49,-21,10,41,266,16,143,74,-137,143,74,-137,,
201401071206A,-44.7,-79.9,24,5.1,256,81,176,121,4,212,9,347,86,9,347,86,9,,
201401150838A,-31.27,-68.25,123,5.2,182,74,-173,45,16,137,6,90,83,-16,90,83,-16,-93.04264069,-29.957
201402170034A,-31.65,-72.06,30,5,25,30,116,276,17,57,68,175,63,76,176,63,76,-18.60937881,-11.391
201403021012A,-45.56,-76.95,18,5.4,170,33,-47,176,61,50,18,302,67,-114,302,67,-114,,
201403021114A,-46.15,-76.89,15,5.2,6,49,-50,345,61,249,3,134,55,-127,134,55,-126,,
201403021618A,-45.78,-76.93,21,5,160,33,-86,237,78,67,12,336,57,-93,335,57,-93,,
201403021703A,-45.81,-76.96,12,5.4,177,32,-64,205,69,68,15,328,61,-105,327,62,-105,,
201403030317A,-33.21,-72.11,22,5.2,2,24,96,267,21,80,69,176,67,87,175,66,87,-19.58092308,-2.419
201403041051A,-33.63,-72.16,23,5.8,15,22,104,274,23,80,66,180,68,84,180,69,84,-20.45734978,-2.543
201403060437A,-33.31,-71.42,85,5.4,75,61,11,30,13,294,27,340,81,150,340,80,151,-43.47379303,-41.526
201403151446A,-34.8,-71.86,47,5.2,22,24,115,273,23,67,65,175,69,79,175,68,79,-44.53255844,-2.467
201404040952A,-31.45,-70.54,116,5.4,167,66,169,32,9,127,24,262,80,24,262,80,24,-81.60827637,-34.392
201404050222A,-32.74,-71.71,42,5.6,359,28,78,278,17,117,72,193,63,96,193,63,96,-30.65136909,-11.349
201404241007A,-34.67,-72.92,22,4.9,48,36,-73,80,76,306,10,207,55,-102,207,56,-102,-14.2847929,-7.715
201404301800A,-32.66,-71.93,40,5.2,358,29,88,269,16,93,74,180,61,91,180,61,91,-22.59816551,-17.402
201405210900A,-30.6,-71.56,50,5.1,351,33,93,259,12,71,78,168,57,88,167,57,88,-33.05410004,-16.946
201405270904A,-36.02,-74,15,5.3,19,13,98,282,32,98,58,191,77,88,191,77,88,-10.62675285,-4.373
201405302206A,-33.47,-72.42,31,5,359,30,84,273,15,105,75,186,60,93,186,60,93,-14.12768555,-16.872
201406082019A,-31.2,-68.85,107,4.8,94,59,-23,59,37,323,7,196,70,-147,196,70,-147,-94.95192719,-12.048
201407130316A,-32.92,-71.36,62,4.8,214,40,125,100,10,212,66,352,58,64,352,58,64,-44.53767395,-17.462
201407130718A,-30.98,-70.81,106,5.4,290,7,32,253,41,85,48,168,86,96,168,86,96,-70.36184692,-35.638
201407260731A,-30.54,-72.42,15,5,357,28,97,262,17,70,73,168,62,86,169,62,86,-10.28708839,-4.713
201408080410A,-33.64,-72.27,24,5.2,5,27,87,277,18,102,72,189,63,92,188,63,92,-18.13405991,-5.866
201408232232A,-32.76,-71.74,42,6.4,5,26,92,274,19,91,71,183,64,89,183,64,89,-28.92516518,-13.075
201409240634A,-34.36,-73.76,21,4.9,359,39,-99,138,82,275,6,190,52,-83,191,52,-83,,
201409280846A,-35.63,-73.38,20,5.3,21,19,106,278,27,86,63,185,72,85,184,72,85,-16.55296898,-3.447
201410061203A,-31.32,-68.47,130,4.9,188,48,-126,27,64,123,3,55,53,-57,55,53,-57,-93.48208618,-36.518
201410091734A,-44.58,-78.69,21,4.9,76,81,-173,300,11,31,1,345,83,-9,345,83,-9,,
201410232338A,-34.02,-72.39,17,5.2,3,13,97,267,32,84,58,176,77,88,176,77,88,-17.48722649,0.487
201410240716A,-34.14,-72.5,23,4.9,6,21,100,268,24,79,65,175,69,86,175,69,86,-16.76000595,-6.24
201410251705A,-33.89,-72.58,30,5,29,27,112,283,19,74,68,184,65,79,185,65,79,-13.13790226,-16.862
201411041144A,-41.25,-74.11,40,4.9,122,39,110,18,8,138,75,277,54,75,277,54,75,-24.25628662,-15.744
201501180359A,-33.13,-71.9,25,5.2,18,17,128,258,31,55,57,158,77,80,159,77,79,-24.8597393,-0.14
201501270527A,-36.84,-73.83,29,5,10,21,90,280,24,100,66,190,69,90,190,69,90,-17.24488068,-11.755
201502021049A,-32.77,-67.14,177,6.3,304,4,-13,313,46,141,44,47,89,-94,47,89,-94,-147.4767151,-29.523
201502171435A,-32.33,-70.86,102,5.4,339,80,170,205,0,295,14,70,80,10,71,80,10,-66.60845947,-35.392
201503050208A,-34.17,-72.74,25,5,83,31,175,294,35,59,40,177,88,60,177,87,59,-12.54598713,-12.454
201503061039A,-44.52,-78.91,14,5,77,74,-172,300,17,32,6,345,82,-16,345,82,-16,,
201503090753A,-34.48,-73.79,15,4.9,41,42,-69,45,75,296,5,193,51,-108,194,51,-108,,
201503131916A,-44.79,-73.51,25,5,99,61,4,57,17,319,23,7,86,151,7,87,151,,
201503181827A,-36.16,-73.9,12,6.1,9,17,87,281,28,104,62,192,73,91,192,73,91,-12.73120594,0.731
201503181907A,-36.09,-74.06,15,5.4,2,22,82,278,23,106,67,190,68,93,191,68,93,-10.56871414,-4.431
201503190834A,-36.17,-74.01,14,5,359,25,83,274,20,103,70,187,65,93,187,65,93,-11.41846657,-2.582
201506021032A,-33.84,-72.6,22,5.1,27,26,107,284,20,82,69,188,66,82,188,65,82,-12.83074474,-9.169
201506200210A,-36.35,-74.1,12,6.4,9,18,84,284,27,108,63,196,72,92,195,72,92,-11.19786167,-0.802
201506200522A,-36.47,-74.1,12,5.4,11,18,93,279,27,96,63,188,72,89,188,72,89,-11.66909981,-0.331
201507071335A,-33.48,-70.37,124,4.9,148,14,-134,295,54,94,34,12,80,-80,13,80,-80,-86.48665619,-37.513
201507171111A,-35.57,-73.42,22,5.3,24,19,109,279,27,84,62,184,72,83,184,72,84,-15.52472591,-6.475
201507200947A,-35.81,-74.45,17,5.1,16,43,-97,176,85,291,2,205,47,-84,206,47,-84,,
201508120014A,-31.84,-71.79,38,5.5,345,27,83,260,18,91,72,172,63,93,173,63,94,-26.30918121,-11.691
201509051815A,-38.04,-75.56,19,4.9,187,44,-88,222,88,96,1,4,46,-92,4,46,-92,,
201509162254A,-31.13,-72.09,17,6.7,7,19,109,262,27,67,62,166,72,83,167,72,84,-16.49548912,-0.505
201509162318A,-31.79,-71.95,36,,349,30,87,261,15,87,75,173,60,92,172,60,92,-21.55900955,-14.441
201509170410A,-31.65,-71.94,37,,355,30,94,262,15,74,75,170,60,88,170,60,88,-21.28305244,-15.717
201509171214A,-32.27,-72.41,22,5.9,351,26,90,261,19,81,71,172,64,90,171,64,90,-12.23595524,-9.764
201509171332A,-32.23,-72.28,17,5.9,357,22,87,269,23,92,67,181,68,91,180,68,91,-13.99341106,-3.007
201509172040A,-30.08,-72.02,31,5.3,357,30,103,257,16,54,73,162,61,82,162,61,83,-16.75350571,-14.246
201509172208A,-30.37,-72.27,21,5.1,358,28,86,271,17,98,73,183,63,92,183,62,92,-12.27405834,-8.726
201509172239A,-31.12,-71.96,39,5.1,237,23,-52,266,60,118,26,17,72,-105,17,72,-105,-20.19153976,-18.808
201509180315A,-31.44,-71.76,41,5,3,37,100,266,8,50,80,171,53,83,171,54,83,-27.32593155,-13.674
201509180332A,-31.85,-72.28,28,5.1,356,22,92,264,23,82,67,174,68,89,174,68,89,-13.57600689,-14.424
201509180429A,-31.59,-71.99,35,5.1,5,41,90,275,4,95,86,185,49,90,185,49,90,-19.80853462,-15.191
201509180818A,-32.32,-72.6,12,5.5,348,20,85,262,25,86,65,173,70,92,173,70,92,-9.425483704,-2.575
201509180910A,-32.31,-72.3,13,6.1,347,24,81,264,21,95,68,177,67,94,177,66,94,-14.03362942,1.034
201509181351A,-31.48,-71.9,30,4.9,356,23,74,278,23,115,66,194,68,97,193,68,97,-22.45668602,-7.543
201509182212A,-30.45,-72.29,18,5.1,356,24,89,267,21,88,69,177,66,90,177,66,90,-11.60755157,-6.392
201509182235A,-30.33,-72.95,12,4.9,203,41,-72,214,77,100,5,360,51,-105,360,51,-105,,
201509190249A,-31.6,-71.87,34,4.9,351,30,99,254,15,57,74,160,60,85,161,60,85,-24.21527672,-9.785
201509190433A,-30.48,-72.96,19,4.9,355,38,-106,148,77,276,8,195,54,-78,195,54,-78,,
201509190831A,-30.26,-72.3,14,5.4,0,24,91,269,21,88,69,180,66,90,179,66,90,-11.34552193,-2.654
201509190907A,-31.2,-71.86,37,5.8,353,29,92,262,16,78,74,171,61,89,171,61,89,-23.39593697,-13.604
201509191252A,-32.34,-72.05,20,6.2,6,23,98,270,22,81,68,178,67,87,177,67,87,-19.61338043,-0.387
201509191308A,-30.71,-72.18,23,5.6,359,26,100,262,19,68,70,168,65,85,168,64,85,-13.67827797,-9.322
201509191813A,-31.41,-72.14,38,5,6,31,97,271,14,76,75,179,59,86,178,59,86,-15.83297825,-22.167
201509200302A,-31.02,-71.47,50,5.1,340,33,75,261,13,114,75,178,58,100,178,58,100,-38.78933716,-11.211
201509200607A,-31.79,-72.18,23,5.2,350,27,83,265,18,96,72,178,63,94,178,63,94,-15.44330215,-7.557
201509200902A,-30.36,-72.3,17,5.1,7,22,77,287,23,120,66,201,69,95,201,69,95,-11.47669125,-5.523
201509201718A,-30.46,-71.92,34,4.9,353,29,88,264,16,88,74,175,61,91,175,61,91,-20.19702339,-13.803
201509210539A,-31.66,-71.84,38,6.1,2,28,101,264,17,66,72,170,63,84,170,63,84,-24.31141281,-13.689
201509211249A,-31.17,-72.85,12,4.8,177,39,-91,274,84,88,6,359,51,-89,358,51,-89,,
201509211537A,-31.17,-71.95,31,5.5,353,24,90,263,21,83,69,172,66,90,173,66,90,-20.29112434,-10.709
201509211739A,-31.77,-71.81,39,,1,28,92,270,17,86,73,178,62,89,179,62,89,-26.1434269,-12.857
201509211836A,-31.14,-72.02,39,5.8,347,32,87,259,13,86,77,171,58,92,171,58,92,-18.93571854,-20.064
201509211956A,-31.94,-71.87,42,5.7,345,30,93,253,15,67,75,162,60,88,162,60,88,-24.82468224,-17.175
201509220712A,-31.58,-71.39,64,6.1,0,28,103,260,18,60,71,165,63,83,165,63,83,-42.26907349,-21.731
201509231132A,-31.67,-72.03,29,5.1,356,27,84,270,18,100,72,182,64,93,183,63,93,-18.60937881,-10.391
201509252030A,-30.58,-72.27,28,5,344,30,75,265,16,112,73,181,62,98,181,61,98,-12.63097095,-15.369
201509260251A,-30.88,-71.62,52,6.3,357,33,94,264,12,74,78,172,57,88,172,57,87,-31.90129471,-20.099
201509272104A,-31.79,-71.73,38,5.1,336,31,80,253,14,94,75,167,60,96,168,60,96,-27.96180153,-10.038
201509280605A,-31.77,-72.4,23,4.9,354,29,84,268,16,99,74,181,61,94,181,61,93,-11.77799892,-11.222
201509300200A,-30.77,-72.04,36,4.9,354,28,89,265,17,86,73,176,62,91,175,62,91,-16.93736458,-19.063
201510021622A,-30.77,-71.82,36,5,349,26,109,245,20,41,68,148,66,81,148,66,81,-24.02311325,-11.977
201510021633A,-31.08,-72.93,20,5,216,52,-50,190,60,99,0,343,53,-129,342,53,-129,,
201510030603A,-37.57,-73.71,22,5.7,4,19,93,272,26,89,64,181,72,89,181,71,89,-22.42499161,0.425
201510030626A,-30.33,-71.75,42,5.9,13,35,108,270,11,47,75,171,57,77,171,57,78,-24.56058121,-17.439
201510040349A,-30.41,-72.26,12,5.4,358,26,94,265,19,79,71,173,64,88,174,64,88,-12.34547806,0.345
201510041011A,-30.68,-71.88,31,5.1,5,30,103,265,16,62,73,169,61,83,170,61,83,-20.78829956,-10.212
201510051633A,-30.36,-71.78,43,5.9,8,34,101,270,11,61,77,175,57,83,175,57,83,-22.92328453,-20.077
201510060451A,-30.26,-72.52,24,5,342,34,75,263,12,119,76,181,57,100,180,57,100,-8.783103943,-15.217
201510091827A,-31.81,-71.82,36,5.4,342,25,75,263,21,102,68,179,66,97,178,66,97,-26.22818565,-9.772
201510120315A,-31.28,-71.96,32,5.6,355,28,97,260,17,68,73,167,62,86,167,62,86,-20.59076118,-11.409
201510151923A,-30.4,-71.67,36,5,29,33,114,282,14,58,71,180,60,75,181,60,75,-28.31390762,-7.686
201510201006A,-30.79,-71.51,43,5.2,179,40,107,77,6,196,78,337,52,76,337,52,76,-35.91051102,-7.089
201510242124A,-31.5,-71.64,51,5,341,33,79,259,12,105,76,174,57,97,174,58,97,-31.2161541,-19.784
201511060844A,-30.26,-72.28,12,5.3,6,25,97,271,20,82,70,178,65,87,178,65,87,-11.34552193,-0.654
201511070731A,-30.99,-71.66,43,,359,33,97,264,12,66,77,171,58,86,171,57,85,-30.13015938,-12.87
201511071053A,-30.88,-71.71,45,5.8,349,31,86,262,14,91,76,174,59,92,174,59,92,-27.94376183,-17.056
201511212305A,-30.66,-71.98,33,5.8,5,28,102,266,17,67,72,171,63,84,171,63,84,-17.96740723,-15.033
201511240914A,-31.85,-72.2,25,5,359,27,90,269,18,89,72,179,63,90,179,63,90,-15.51724911,-9.483
201511280544A,-30.39,-72.26,12,5.6,0,22,95,266,23,81,67,175,68,88,175,68,88,-12.34547806,0.345
201512020938A,-30.52,-72.31,19,4.9,1,25,99,264,20,73,69,171,65,86,171,65,86,-11.67329311,-7.327
201512081256A,-30.92,-71.89,35,5.6,354,24,91,263,21,82,69,173,66,89,173,66,90,-21.22255135,-13.777
201512100009A,-35.97,-73.45,19,5.5,23,13,103,282,32,96,58,190,77,87,190,77,87,-18.66745758,-0.333
201512191925A,-30.7,-71.54,62,5.8,359,32,99,262,13,62,76,168,58,84,168,58,84,-33.4010849,-28.599
201512261758B,-31.8,-72.33,30,5.2,323,29,67,250,18,104,69,168,63,102,169,63,102,-12.64262295,-17.357
201601071540A,-41.65,-74.29,32,5.1,13,24,98,277,21,87,69,184,66,86,184,66,86,-21.00749016,-10.993
201601080112A,-30.74,-71.94,33,5.7,1,29,97,266,16,73,73,174,62,86,173,61,86,-19.48524666,-13.515
201601100436A,-36.27,-72.54,51,4.9,37,41,77,316,5,198,80,235,50,102,234,50,101,-45.80656815,-5.193
201601160942A,-38.11,-75.62,18,4.8,176,45,-95,358,86,90,0,3,46,-85,3,45,-85,,
201601260019A,-32.66,-71.99,32,5.1,344,39,83,259,6,115,82,173,51,96,173,51,96,-21.2136631,-10.786
201601292007A,-30.28,-71.74,42,5.1,14,33,105,273,13,60,75,177,58,80,176,58,80,-24.39434242,-17.606
201602050528A,-31,-72.08,35,5,1,33,90,271,12,91,78,181,57,90,181,57,90,-16.23125648,-18.769
201602100033A,-30.62,-71.9,36,6.4,11,29,103,271,17,70,72,176,61,83,176,62,83,-20.55943489,-15.441
201602190533A,-30.62,-71.81,36,5,358,31,89,269,14,91,76,179,59,91,179,59,91,-23.63828659,-12.362
201602192150A,-45.8,-77.89,25,5,80,72,-163,302,25,33,1,344,74,-19,345,74,-19,,
201602211337A,-45.72,-77.76,19,4.9,75,51,-174,291,30,35,23,341,85,-39,341,85,-39,,
201602220637A,-30.56,-72.26,12,6,359,23,90,269,22,89,68,179,67,90,179,67,90,-12.55937195,0.559
201602260852A,-31.75,-67.54,35,5,231,44,151,101,16,209,48,343,70,50,343,70,50,-102.4695282,67.47
201603091328A,-30.45,-71.53,46,4.9,3,31,104,263,15,56,74,167,60,82,167,60,82,-32.48383713,-13.516
201603121605A,-30.22,-71.73,37,5.1,18,36,117,269,12,34,70,166,58,72,166,58,72,-24.04971695,-12.95
201603160349A,-31.28,-72.03,31,5.4,353,25,85,267,20,93,70,178,65,92,179,65,92,-17.95180321,-13.048
201603271201A,-45.64,-77.32,36,5,74,80,-174,298,11,29,3,343,84,-10,343,84,-10,,
201604041232A,-31.26,-72,29,5.4,1,23,99,264,22,74,67,171,67,86,171,67,86,-19.12884712,-9.871
201604061735A,-31.46,-71.82,34,5.4,5,27,95,271,18,84,72,178,63,87,179,63,87,-25.57210159,-8.428
201604140938A,-33.85,-70.39,129,5.1,120,10,162,327,41,128,47,228,87,80,228,87,80,-88.4995575,-40.5
201604181138A,-31.83,-71.49,50,5.2,347,29,83,262,16,95,73,175,61,94,175,61,94,-37.92857361,-12.071
201605111311A,-30.73,-71.95,30,5.4,3,27,101,265,18,69,71,171,64,85,171,64,84,-19.48524666,-10.515
201605221147A,-30.54,-71.93,32,5.1,6,33,102,267,12,59,76,172,58,82,172,58,82,-19.05593491,-12.944
201606061316A,-30.13,-71.8,39,5.4,13,38,116,265,10,25,72,161,56,71,161,56,71,-22.28340721,-16.717
201606061321A,-30.06,-71.66,40,5.5,1,36,91,270,9,86,81,179,54,89,180,54,89,-26.91790009,-13.082
201606220354A,-30.68,-72.01,35,5.1,1,28,97,266,17,74,73,173,62,86,173,62,86,-18.06717491,-16.933
201606271251A,-31.58,-71.46,46,5.1,9,33,107,267,13,50,74,169,58,79,169,59,79,-39.95495605,-6.045
201607080035A,-44.42,-78.43,19,4.9,79,73,-176,302,15,35,9,348,87,-17,348,86,-17,,
201607180258A,-30.86,-71.95,25,5.1,3,13,115,252,33,60,56,157,78,84,157,78,84,-19.69068527,-5.309
201607180859A,-30.59,-71.92,37,5.1,341,38,89,252,7,77,83,163,52,91,162,52,91,-20.55943489,-16.441
201607190518A,-30.27,-72.29,14,5.7,359,25,91,268,20,87,70,178,65,89,178,65,90,-11.34552193,-2.654
201607262300A,-32.59,-71.88,32,4.9,159,39,69,84,8,324,75,5,54,106,5,54,106,-24.00355721,-7.996
201607270125A,-44.62,-79.48,20,5.9,78,88,179,303,1,33,2,168,89,2,168,89,2,,
201608081224A,-31.71,-71.74,30,4.9,6,43,134,246,10,353,60,133,60,57,133,61,57,-27.79692841,-2.203
201608231447A,-45.77,-77.66,22,5,76,70,-175,298,17,32,11,344,86,-20,344,85,-20,,
201608300809A,-34.91,-72.67,31,5.4,20,20,98,284,25,97,65,191,70,87,191,70,87,-21.66175842,-9.338
201610272032A,-33.83,-72.75,12,6,11,17,90,281,28,101,62,190,73,90,191,73,90,-10.72484398,-1.275
201610292201A,-33.96,-72.71,14,5.1,14,19,100,276,26,88,64,183,71,86,183,71,87,-11.95349979,-2.047
201610311115A,-33.74,-72.68,30,5,8,35,85,282,10,118,80,194,55,94,194,55,93,-10.86800385,-19.132
201611041620A,-35.06,-70.98,96,6.3,173,27,-128,331,62,111,22,35,69,-73,34,69,-73,-85.41038513,-10.59
201611080455A,-36.66,-73.71,20,6,8,17,95,274,28,90,62,182,73,88,183,73,88,-18.92136955,-1.079
201611202057A,-31.66,-68.74,119,6.4,31,40,-92,137,85,302,5,214,50,-89,214,50,-88,-97.79133606,-21.209
201612120140A,-31.03,-71.62,52,5,8,38,102,269,8,45,79,172,53,81,173,53,81,-32.29198837,-19.708
201612120256A,-31.31,-68.11,22,5,8,51,132,250,2,343,59,134,55,51,133,55,50,-93.52048492,71.52
201612162311A,-30.57,-72.06,36,5.2,334,31,82,250,14,87,75,163,59,95,163,59,95,-16.56095505,-19.439
201612191536A,-30.8,-71.27,44,5,354,38,94,261,7,62,83,169,52,87,169,52,87,-47.78084564,3.781
201612251422A,-43.41,-74.43,33,6.8,4,19,96,269,26,84,64,178,71,88,178,71,88,-22.2438755,-10.756
201701032119A,-43.33,-74.63,24,5.4,320,26,61,252,21,104,65,172,68,103,172,67,103,-17.57296181,-6.427
201701041324A,-30.51,-71.64,32,5,175,38,119,65,10,184,70,320,58,69,320,57,69,-28.66879654,-3.331
201701080033A,-30.23,-72.42,21,5,339,25,73,262,21,102,68,178,66,98,178,66,98,-9.956046104,-11.044
201702030052A,-33.07,-69.51,20,5.4,138,46,-15,109,39,1,21,238,79,-135,239,79,-135,-107.5134201,87.513
201702160702A,-30.26,-72.35,14,5.3,359,27,91,268,18,87,72,178,63,90,178,63,89,-10.62206364,-3.378
201703100622A,-30.63,-72.14,20,5.2,2,24,93,270,21,86,69,179,66,89,179,66,89,-14.5722847,-5.428
201703131505A,-30.52,-71.5,48,5.1,358,34,95,264,11,70,79,173,56,87,172,56,87,-34.81488037,-13.185
201703270303A,-36.34,-71.79,103,5.1,246,42,-6,215,35,103,28,341,86,-132,340,86,-132,-75.24597168,-27.754
201703311844A,-30.83,-71.61,42,5.3,358,30,97,263,15,69,74,171,60,86,170,60,86,-31.76185417,-10.238
201704130342A,-31.15,-71.7,46,5.4,358,38,119,248,10,7,70,143,58,69,143,57,69,-28.53908157,-17.461
201704222246A,-33.02,-72.26,29,5.1,1,24,84,276,21,103,69,188,66,93,188,66,93,-15.7309618,-13.269
201704230236A,-33.06,-72.04,23,6,1,22,88,273,23,95,67,184,68,91,183,68,91,-20.4628849,-2.537
201704231940A,-33.16,-72.17,22,5.6,355,24,87,267,21,91,69,178,66,91,178,66,91,-18.24897385,-3.751
201704242138A,-33.13,-72.07,26,,3,16,94,270,29,87,61,179,74,89,179,74,89,-20.69934845,-5.301
201704250143A,-33.35,-72.31,31,5.5,16,24,107,273,22,74,67,178,67,83,177,67,83,-15.63603783,-15.364
201704270509A,-33.32,-71.89,25,5.2,350,16,79,269,29,96,61,181,74,93,181,74,93,-25.3549633,0.355
201704281530A,-33.3,-72.03,23,5.9,0,20,99,263,25,75,65,171,70,87,170,70,87,-21.17302132,-1.827
201704281558A,-33.35,-72.06,24,5.5,349,18,97,253,27,68,63,162,72,88,162,72,88,-21.36867523,-2.631
201704281605A,-33.3,-71.83,31,5.9,334,20,73,257,26,92,64,172,71,96,172,71,96,-26.88096046,-4.119
201704281741A,-33.27,-72,24,5.5,5,18,90,275,27,95,63,185,72,90,185,72,90,-22.32279205,-1.677
201704290146A,-33.42,-72.08,32,5.4,5,33,92,274,12,88,78,183,57,89,183,57,89,-20.31138992,-11.689
201705061451A,-44.52,-78.83,14,5.4,76,73,178,300,11,33,13,167,88,17,167,88,17,,
201705131654A,-32.9,-72.12,28,5.3,360,20,84,275,25,100,65,186,70,92,186,70,92,-18.94462204,-9.055
201705182345A,-32.78,-67.3,182,4.9,154,43,-130,345,62,91,8,23,59,-59,23,59,-59,-145.3993378,-36.601
201705270738A,-45.88,-76.26,15,5.3,76,58,-176,295,25,34,19,344,86,-32,344,87,-32,,
201705291457A,-37.38,-71.87,98,5.9,263,34,-22,248,47,126,26,12,78,-122,12,78,-122,-85.9773407,-12.023
201706120243A,-31.49,-71.87,34,5.7,5,26,99,268,19,76,70,175,64,86,175,64,86,-24.01703262,-9.983
201706231000A,-39.47,-71.87,129,5,260,39,56,194,10,78,67,121,59,114,121,59,114,-105.7668304,-23.233
201706252208A,-42.09,-71.66,12,5.2,172,17,118,60,30,222,59,322,75,82,323,75,82,-138.7984619,126.798
201706261444A,-30.77,-71.53,55,5.2,3,29,101,265,16,66,73,170,61,84,170,62,84,-33.56472397,-21.435
201707041605A,-35.59,-73.56,12,5.9,25,19,104,284,26,93,63,190,71,85,190,72,85,-13.71610069,1.716
201707070304A,-33.65,-72.54,32,5.1,16,28,98,280,17,87,72,186,63,86,187,62,86,-12.52049351,-19.48
201707120908A,-35.5,-73.34,12,5.5,28,16,112,280,30,87,59,185,75,84,185,75,84,-15.81248856,3.812
201707141200A,-33.8,-72.7,14,5.4,16,19,97,280,26,95,64,189,71,88,189,71,88,-11.115798,-2.884
201708020715A,-33.17,-70.58,96,5.4,202,32,-115,353,70,130,15,51,62,-75,51,61,-75,-76.26715088,-19.733
201708121254A,-30.39,-72.26,13,5.7,5,24,84,280,21,107,69,191,66,93,192,66,93,-12.34547806,-0.655
201708151903A,-30.06,-72.25,18,5.1,352,29,78,271,16,111,73,186,62,97,186,62,97,-11.83097172,-6.169
201708182031A,-45.7,-77.44,24,5.1,74,62,171,298,14,35,25,168,82,29,168,82,28,,
201708300315A,-37.4,-73.75,29,5.1,10,21,96,275,24,90,66,183,69,88,184,69,88,-21.01244545,-7.988
201709181346A,-31.91,-72.15,22,5.7,351,23,84,266,22,92,68,177,67,93,178,67,93,-16.66610909,-5.334
201709231725A,-30.74,-69.04,130,5.1,44,59,177,266,19,4,23,136,87,32,136,87,31,-94.65274811,-35.347
201710011648A,-45.94,-76.52,27,5,75,69,-175,297,18,31,11,343,85,-21,343,85,-21,,
201710151059A,-32.26,-72.92,22,4.8,52,39,-96,178,83,326,6,240,52,-85,240,51,-85,,
201710161929A,-35.5,-74.36,19,5,27,38,-88,106,83,296,7,205,52,-91,204,52,-92,,
201711291635A,-32.15,-68.62,131,4.9,56,46,-64,44,72,308,2,201,50,-115,201,50,-114,-104.8858109,-26.114
201801261327A,-37.63,-74.27,23,5,7,28,94,274,17,87,73,182,62,88,182,62,88,-13.59620857,-9.404
201801261526A,-37.64,-74.27,19,5,14,26,104,274,20,75,69,178,65,83,178,65,83,-13.59620857,-5.404
201801282353A,-31.25,-68.78,120,5.4,218,46,-107,49,78,140,0,61,47,-74,62,47,-73,-94.84748077,-25.153
201802010012A,-37.52,-74.17,22,4.9,4,28,86,277,17,104,73,188,62,92,189,62,92,-14.70141792,-7.299
201802012313A,-31.5,-69.95,118,5.2,2,78,176,227,6,318,11,92,86,12,93,86,12,-98.08220673,-19.918
201802060448A,-35.37,-74.3,19,4.8,37,43,-94,183,87,310,2,222,47,-87,222,47,-86,,
201802082119A,-37.58,-74.19,12,5.5,27,17,111,280,29,86,60,185,74,84,185,74,84,-14.19879341,2.199
201803021806A,-44.45,-76.6,13,5,111,64,-170,331,25,66,12,16,81,-26,17,81,-26,,
201803191251A,-32.44,-69.76,113,5,194,71,-165,56,24,147,3,99,76,-20,99,76,-20,-99.50869751,-13.491
201804010114A,-30.3,-72.44,23,4.9,353,29,85,267,16,96,74,178,61,93,179,61,93,-9.393275261,-13.607
201804050632A,-42.6,-74.46,37,5.1,5,25,97,270,20,81,70,178,66,87,177,65,87,-20.66408348,-16.336
201804101019A,-31.05,-71.58,82,6.2,120,26,-118,263,65,51,21,331,67,-77,331,67,-77,-32.29198837,-49.708
201805021609A,-33.3,-70.06,103,5,166,39,-100,308,81,83,6,359,52,-82,359,52,-82,-94.11862946,-8.881
201805060244A,-34.23,-72.48,31,5.3,25,24,105,284,22,86,67,190,67,84,189,67,83,-17.6588192,-13.341
201805282059A,-31.3,-68.71,119,5,14,40,-100,161,82,291,5,207,50,-82,207,51,-82,-94.48329163,-24.517
201806020617A,-38.35,-73.9,29,5.3,354,19,87,266,26,89,64,177,72,91,177,71,91,-21.35459518,-7.645
201806140627A,-45.99,-76.46,15,5.7,74,58,177,295,20,35,24,166,88,32,166,87,32,,
201806230231A,-44.67,-79.85,25,5.1,350,77,0,306,9,214,9,80,90,-167,260,90,-167,,
201807161029A,-35.65,-73.6,16,5.1,31,17,113,283,29,87,60,187,74,83,187,74,83,-13.42970371,-2.57
201808311325A,-32.26,-70.21,115,5,48,54,-45,19,55,288,1,169,55,-135,168,55,-134,-89.84136963,-25.159
201809072312A,-30.39,-69.78,141,4.9,131,50,176,350,25,95,29,223,87,40,224,87,40,-93.13065338,-47.869
201809110049A,-45.85,-77.66,25,4.9,82,75,-172,305,16,37,5,350,82,-15,350,82,-15,,
201810011511A,-45.88,-76.26,18,5.3,78,44,178,294,29,44,32,170,88,46,169,89,46,,
201810251119A,-30.53,-72.03,35,5,3,35,94,270,10,77,80,178,55,87,178,55,87,-16.56095505,-18.439
201811020820A,-30.18,-67.6,36,5,99,49,47,38,4,301,59,334,57,128,334,56,128,-91.65933228,55.659
201811062122A,-45.69,-77.09,12,5.3,75,53,-176,292,28,35,23,343,87,-37,343,87,-37,,
201811091854A,-30.64,-71.91,33,5.2,3,31,98,267,14,70,75,174,59,85,174,59,85,-20.67503357,-12.325
201812012355A,-33.95,-72.55,20,5.6,8,20,93,276,25,93,65,185,70,89,185,70,89,-14.2902813,-5.71
201812051712A,-33.66,-71.57,35,5.2,333,48,120,222,1,315,68,112,50,61,112,50,61,-39.68072128,4.681
201812311049A,-31.84,-69.35,120,5.3,186,48,-121,24,67,117,1,48,50,-61,48,50,-60,-102.3417816,-17.658
201901200132A,-30.18,-71.39,61,,187,39,-106,344,78,108,7,28,53,-77,27,53,-77,-37.83129501,-23.169
201901280900A,-35.61,-73,28,5.2,15,17,101,276,28,89,62,184,73,87,184,73,87,-23.77317238,-4.227
201902030256A,-31.49,-71.77,33,4.9,355,50,125,241,1,332,64,129,51,56,128,51,56,-27.42566299,-5.574
201903012243A,-30.65,-71.84,34,5.1,356,29,86,269,16,96,74,181,61,92,181,61,92,-22.1729126,-11.827
201903022021A,-33.67,-72.69,17,5.5,352,17,68,280,29,114,60,195,74,97,195,74,97,-10.41839981,-6.582
201903070510A,-38.58,-68.93,12,4.8,167,48,28,117,13,13,46,57,70,134,57,70,134,-329.2559509,317.256
201903151842A,-44.38,-76.42,13,5,351,38,-114,157,73,278,9,200,56,-73,200,56,-72,,
201903161754A,-45.68,-77.23,16,5.1,78,64,-177,299,20,35,16,347,88,-26,347,87,-26,,
201904071052A,-33.84,-72.63,12,5.7,14,17,96,279,28,95,62,188,73,88,188,73,88,-12.08075333,0.081
201904211000A,-35.86,-71.86,86,5,327,59,-154,182,39,277,6,223,68,-34,223,68,-34,-65.25539398,-20.745
201905160032A,-31.46,-69.27,121,5.2,32,42,-83,61,84,297,3,202,49,-97,203,48,-96,-99.83904266,-21.161
201905170527A,-35.2,-74.15,12,5.2,25,43,-88,79,88,294,2,203,47,-92,202,47,-92,,
201905201118A,-31.54,-70.04,113,5.6,277,65,-13,237,26,143,9,13,79,-154,13,78,-154,-96.22905731,-16.771
201906132250A,-30.46,-71.52,63,5,2,37,105,261,9,35,77,164,55,79,163,54,79,-34.60739899,-28.393
201906140019A,-30.12,-72.16,12,6.3,1,21,88,273,24,94,66,183,69,91,183,69,91,-13.62775135,1.628
201906200123A,-33.68,-68.83,163,5.5,352,52,-157,203,41,304,13,248,72,-40,247,72,-40,-139.0717468,-23.928
201908011828A,-34.32,-72.24,25,,19,14,106,276,31,87,58,183,77,86,183,77,86,-23.92683601,-1.073
201908012001A,-34.35,-72.08,15,5.9,358,13,87,271,32,92,58,181,77,91,181,77,91,-28.74487305,13.745
201908020055A,-34.18,-72.3,24,5.4,350,24,69,276,22,119,66,193,68,99,193,68,99,-21.57800293,-2.422
201908130119A,-44.89,-78.33,18,4.8,335,46,-118,168,70,264,2,192,51,-64,192,51,-64,,
201908151423A,-30.01,-72.11,24,5,7,28,98,271,17,78,72,177,62,86,178,62,86,-14.38451385,-9.615
201908240233A,-31.46,-71.5,96,5,306,49,-167,158,36,263,20,207,81,-42,207,80,-42,-37.48635864,-58.514
201908242336A,-43.14,-74.42,32,5.2,15,27,89,286,18,107,72,196,63,91,196,63,91,-23.17952728,-8.82
201909050541A,-36.18,-73.91,13,5.1,3,21,78,282,24,114,65,196,70,94,196,69,95,-13.02402401,0.024
201909140515A,-31.36,-68.46,122,5.1,212,45,-113,40,74,138,2,64,49,-68,63,49,-69,-93.80753326,-28.192
201909141222A,-34.03,-73.55,21,4.9,36,43,-87,79,87,304,2,212,47,-93,212,47,-93,,
201909230824A,-36.18,-73.96,13,5.3,4,16,81,281,29,107,61,194,74,93,193,74,93,-12.33445263,-0.666
201909261636A,-40.9,-72.06,139,6.1,96,58,33,42,3,310,45,347,62,143,347,62,143,-108.7023163,-30.298
201909291557A,-35.56,-73.1,17,,16,12,106,273,33,85,56,180,78,87,180,78,87,-20.96169853,3.962
201910171658A,-46.51,-68.89,12,4.8,308,60,-24,272,37,177,6,51,69,-148,51,69,-148,,
201910280355A,-30.25,-68.97,39,5.1,59,39,145,292,17,46,54,178,69,57,178,69,56,-92.09814453,53.098
201911030806A,-30.75,-72.13,20,5.2,1,22,92,269,23,87,67,179,68,89,179,68,89,-14.73675728,-5.263
201911042153A,-31.81,-71.37,67,6.1,205,33,118,95,15,228,69,352,61,73,353,61,73,-44.68732071,-22.313
201911151716A,-34.01,-72.33,22,5.2,10,23,107,267,23,69,66,171,68,83,172,68,83,-18.5418396,-3.458
201911222227A,-32.77,-70.15,114,5.1,359,32,-70,37,72,255,14,156,61,-102,156,60,-102,-89.90485382,-24.095
201912090504A,-32.05,-70.07,132,4.9,352,38,133,232,14,349,61,122,63,62,122,63,62,-94.53734589,-37.463
202001130201A,-40.33,-71.42,190,5.4,259,14,-25,270,49,115,38,14,84,-103,13,84,-103,-136.6835175,-53.316
202001281816A,-30.35,-72.26,12,5.4,342,23,69,268,23,109,65,185,69,99,185,69,99,-12.27405834,0.274
202002180532A,-35.63,-73.27,15,5.1,13,13,99,275,32,91,58,184,78,88,184,77,88,-19.26183701,4.262
202003111704A,-30.31,-72.52,32,4.9,2,28,91,271,17,90,73,181,62,90,181,62,89,-8.827676773,-23.172
202003170812A,-36.17,-73.13,38,5.5,109,28,79,27,17,225,72,301,62,96,301,63,96,-27.26180077,-10.738
202003231746A,-44.68,-79.39,12,4.9,64,42,105,323,4,75,79,224,49,76,224,50,77,,
202003240652A,-30.5,-71.89,36,5,6,35,99,270,10,62,78,176,56,84,175,55,84,-20.32055855,-15.679
202004010355A,-45.63,-76.77,20,5,341,43,-87,24,87,249,2,157,47,-93,157,47,-93,,
202004010409A,-45.62,-76.81,12,5.2,330,44,-109,153,77,253,3,176,49,-73,176,49,-73,,
202004010412A,-45.66,-77.02,20,5.2,336,25,-109,103,67,260,21,176,66,-81,177,66,-81,,
202004040454A,-31.11,-68.67,105,4.9,209,44,-114,34,73,136,3,61,51,-69,61,51,-69,-93.15686035,-11.843
202004141602A,-33.83,-70.33,115,5,112,55,-136,322,54,53,0,353,55,-45,353,55,-44,-90.21199036,-24.788
202004141854A,-44.71,-79.9,33,5,351,79,9,305,2,215,14,259,81,169,259,81,169,,
202004161513A,-38.06,-73.65,22,5.1,219,46,-72,208,77,116,0,15,47,-107,14,47,-108,-25.28151703,3.282
202005231310A,-33.56,-69.81,130,5.2,251,57,-32,218,44,124,4,0,64,-143,360,64,-143,-104.1919556,-25.808
202006251155A,-32.13,-71.82,35,5.2,28,39,129,271,12,26,64,162,60,63,162,61,63,-26.71060562,-8.289
202007021235A,-34.14,-72.34,33,5,8,29,90,278,16,98,74,188,61,90,188,61,90,-19.90768623,-13.092
202008151111A,-33.2,-70.14,12,4.9,234,72,-172,97,18,189,7,141,82,-18,142,82,-18,-90.69812775,78.698
202009060116A,-30.41,-71.8,38,6.3,7,28,100,270,17,74,72,175,62,84,176,62,85,-23.07398605,-14.926
202009170133A,-30.2,-71.37,40,5,0,38,100,263,7,43,80,167,53,82,167,53,82,-40.10326767,0.103
202010060506A,-38.55,-75.45,20,4.9,27,39,-89,110,84,296,6,205,51,-91,206,51,-91,,
202010150220A,-31.49,-68.79,124,4.9,54,38,-73,79,77,312,8,214,54,-102,213,54,-103,-96.64579773,-27.354
202010280452A,-34.96,-71.72,77,5.4,342,54,-148,192,46,289,6,232,65,-40,232,65,-41,-53.4689827,-23.531
202011030240A,-44.61,-79.46,18,6,258,86,-179,123,4,213,2,168,89,-4,168,89,-4,,
202011031947A,-44.77,-79.91,29,5,263,73,179,127,11,219,13,353,89,17,353,89,17,,
202011210211A,-31.07,-71.47,62,5.5,353,32,98,257,13,59,76,164,58,85,164,58,85,-38.92525101,-23.075
202011220054A,-34.67,-73.12,34,6.1,171,48,169,33,22,139,35,268,82,43,268,82,43,-11.54027653,-22.46
202012030237A,-31.92,-67.12,138,5.2,235,53,28,184,9,85,44,128,68,140,127,68,140,-113.134697,-24.865
202012080707A,-32.15,-71.48,44,5,181,31,77,100,15,306,74,15,60,98,16,60,98,-38.02668762,-5.973
202012260147A,-46.25,-75.98,20,4.8,352,68,-18,312,28,220,4,90,73,-156,89,73,-157,,
202012260219A,-46.29,-75.91,18,4.9,350,66,-22,311,32,219,3,90,70,-154,89,70,-154,,
202012272139A,-39.58,-75.26,12,,1,43,-109,179,77,284,4,206,50,-73,206,50,-73,,
202012291929A,-39.38,-71.99,122,4.8,149,52,138,27,4,122,54,269,58,47,268,58,46,-99.23408508,-22.766
202101160353A,-31.09,-71.38,62,5.2,30,21,-34,41,53,257,31,152,78,-108,152,78,-108,-41.41222763,-20.588
202101190246A,-31.85,-68.86,26,6.5,223,61,164,89,10,185,31,321,76,30,321,76,30,-100.6627274,74.663
202101191158A,-45.78,-77.55,21,4.9,351,77,0,307,9,215,9,261,90,167,261,90,-167,,
202101240007A,-33.5,-70.01,108,5.7,197,5,-94,291,50,111,40,21,85,-90,21,85,-90,-97.2930603,-10.707
202102111401A,-39.87,-71.96,21,5,78,82,-7,34,11,303,1,169,83,-172,169,83,-172,-106.3838348,85.384
202103081248A,-32.18,-69.78,106,5.2,197,45,-105,22,79,118,1,37,47,-76,38,47,-75,-98.97467804,-7.025
202103100153A,-45.44,-76.9,13,4.9,336,41,-131,164,62,274,11,205,61,-60,205,60,-60,,
202104170350A,-30.56,-72.16,22,4.9,2,28,97,267,17,75,73,174,62,86,174,62,86,-14.40710735,-7.593
202104190318A,-34.02,-72.45,21,5.2,12,20,99,275,25,87,65,182,70,87,182,70,87,-16.48726082,-4.513
202104190411A,-34.03,-72.44,20,5.2,7,19,98,271,26,84,64,179,71,87,179,71,87,-16.89191246,-3.108
202104191113A,-33.97,-72.45,22,5.2,11,22,99,274,23,85,67,182,68,86,181,68,86,-16.10089874,-5.899
202104191305A,-34.05,-72.37,23,5,340,27,74,262,19,104,70,178,64,98,178,64,98,-18.97813416,-4.022
202104220017A,-34.03,-72.46,21,5.5,7,21,96,272,24,87,66,181,69,88,181,69,88,-16.89191246,-4.108
202104290217A,-37.29,-71.05,155,5.7,115,28,-159,304,48,75,30,6,80,-64,6,80,-64,-115.4868011,-39.513
202105020657A,-30.18,-71.71,42,5.8,9,36,122,256,13,20,68,151,60,69,151,60,69,-25.74808502,-16.252
202106021447A,-45.84,-77.78,25,4.9,339,58,-33,305,45,213,3,89,62,-143,88,62,-143,,
202106050305A,-35.01,-74.1,19,5.4,19,33,-114,170,71,306,14,226,60,-75,227,60,-75,,
202106120336A,-33.65,-72.3,28,5.2,15,22,97,280,23,92,67,187,68,87,187,68,87,-17.06015968,-10.94
202106221916A,-32.06,-71.14,75,5,21,41,-81,51,83,285,4,190,49,-97,189,50,-98,-53.84532928,-21.155
202107311214A,-32.75,-71.96,33,5.2,352,32,89,263,13,85,77,173,58,91,173,58,91,-22.70363998,-10.296
202109140156A,-31.79,-72.08,27,5.1,342,25,81,259,20,90,69,172,66,94,172,65,94,-17.65598297,-9.344
202109150846A,-32.25,-72.26,18,5.1,353,17,91,262,28,81,62,172,73,90,172,73,90,-14.96440125,-3.036
202109201312A,-36.85,-74.2,19,5.1,359,22,82,275,23,103,67,188,69,93,188,68,93,-12.11565304,-6.884
202109211314A,-36.82,-74.28,12,6.4,6,16,86,279,29,102,61,190,74,91,190,74,91,-10.74081421,-1.259
202109221742A,-36.85,-74.27,23,5,348,32,70,272,14,130,72,191,61,102,191,60,102,-11.49894238,-11.501
202109290753A,-33.33,-68.15,28,5,200,27,106,98,19,256,70,2,64,82,2,64,82,-147.3631592,119.363
202110041236A,-31.72,-72.15,30,5.1,344,30,87,256,15,82,75,168,60,92,167,60,92,-16.35002327,-13.65
202110181832A,-45.73,-77.41,17,5,347,81,-4,303,9,212,4,77,86,-171,78,86,-171,,
202110182223A,-45.73,-77.36,12,5.1,80,78,-172,304,14,35,3,349,82,-12,348,82,-12,,
202111030317A,-32.88,-69.91,117,5.7,209,22,-36,221,54,78,30,333,77,-108,333,77,-108,-96.46686554,-20.533
202111080616A,-34.06,-73.48,17,5,39,32,-100,159,76,316,13,231,59,-84,231,59,-84,,
202112010439A,-38.02,-73.66,22,5.2,152,24,-107,274,67,75,22,350,67,-83,351,67,-83,-25.0667305,3.067
202202280115A,-37.07,-73.99,13,5.6,5,17,90,275,28,95,62,185,73,90,185,73,90,-15.6549902,2.655
202204011128A,-31.39,-67.97,117,5.2,29,46,-70,18,76,285,1,181,47,-109,181,47,-110,-94.67434692,-22.326
202204030516A,-31.54,-67.07,136,5.1,214,38,-53,215,65,98,12,351,61,-115,350,61,-115,-104.9854584,-31.015
202204161710A,-33.94,-72.37,22,5.1,3,23,90,273,22,93,68,183,67,90,183,67,90,-18.12493324,-3.875
202204241445A,-35.24,-71.16,100,4.9,102,47,-140,303,55,45,9,342,62,-51,342,62,-51,-82.70014191,-17.3
202205040345A,-32.2,-72.01,32,5,355,36,62,285,12,160,70,208,58,109,208,59,109,-20.76360893,-11.236
202205040654A,-32.31,-72.02,35,5,4,27,72,287,19,132,69,205,64,99,204,64,99,-20.87484169,-14.125
202205041159A,-32.29,-71.99,32,5.3,359,23,65,288,24,133,64,206,69,100,206,69,100,-20.87484169,-11.125
202205041248A,-32.26,-72.06,32,5.1,357,33,72,280,13,138,74,198,59,101,198,59,101,-19.50943184,-12.491
202205052105A,-33.14,-73.07,38,5.2,218,45,118,109,3,208,70,1,51,65,1,51,65,,
202206181824A,-33.52,-69.41,148,5.1,305,40,-41,294,57,182,14,69,65,-122,69,65,-122,-116.7416458,-31.258
202207061512A,-42.4,-75.55,12,5.5,9,41,-105,173,79,290,5,208,50,-78,209,51,-77,,
202207132121A,-33.33,-73.13,19,5,17,32,-121,176,67,309,16,232,63,-72,232,63,-72,,
202208080344A,-32.77,-71.9,22,5,333,32,64,262,15,125,69,183,62,105,183,62,105,-24.15596771,2.156
202208180210A,-34.42,-70.5,115,5.3,187,21,-107,306,64,110,25,25,70,-84,25,70,-84,-93.90550232,-21.094
202209232253A,-41.44,-75.62,32,6.1,190,46,120,79,3,177,69,330,51,63,330,51,63,,
202209281513A,-45.83,-76.24,20,5,80,72,-166,302,22,33,3,345,77,-19,346,77,-19,,
202209300615A,-45.89,-76.27,12,5.3,345,78,-8,301,14,210,3,76,82,-168,77,82,-168,,
202210180735A,-30.84,-71.44,43,5.1,350,31,94,257,14,68,76,166,59,88,165,59,88,-38.3392868,-4.661
202211050757A,-35.62,-73.85,20,5,151,56,175,12,20,113,27,244,86,34,244,86,34,-10.00279331,-9.997
202211051212A,-33.54,-68.6,41,5.1,200,47,115,93,1,185,72,345,49,66,346,48,66,-142.2935791,101.294
202211080851A,-33.62,-70.63,106,5,148,43,164,11,23,121,41,250,79,48,250,79,48,-76.93102264,-29.069
202211130224B,-37.59,-73.68,21,6.3,354,18,84,269,27,93,63,180,72,92,180,72,92,-22.58710289,1.587
202211230853A,-35.5,-71.14,85,5,259,50,0,222,27,116,27,169,90,140,169,90,-140,-87.02579498,2.026
202212090806A,-44.66,-79.82,21,5.1,259,76,-171,122,16,213,4,167,81,-14,167,81,-14,,
202212100725A,-33.64,-72.11,24,5.5,16,21,103,276,24,84,65,182,70,85,182,70,85,-21.70924187,-2.291
202212232003A,-45.56,-76.94,12,5.3,160,42,-55,154,66,46,8,296,57,-117,297,57,-117,,
202212300519A,-45.97,-76.63,12,5.3,76,69,-168,297,23,30,7,342,79,-21,342,79,-21,,
202301070623A,-31.87,-69.29,111,4.8,57,50,-49,34,60,299,3,184,55,-128,183,55,-128,-102.3059387,-8.694
202301120619A,-30.77,-71.5,61,5.6,353,34,94,260,11,68,79,168,57,87,168,56,87,-35.74577332,-25.254
202302231023A,-34.01,-73.38,12,5.4,29,35,-96,142,79,303,10,216,55,-86,216,55,-86,,
202303110235A,-45.69,-77.53,21,5.2,81,82,-174,305,10,36,1,350,84,-8,350,84,-8,,
202303141956A,-38.56,-75.44,12,5.5,205,39,-71,223,76,102,7,2,53,-104,1,53,-105,,
202303151659A,-44.64,-79.86,18,4.8,258,69,-173,120,20,213,10,166,84,-21,165,83,-21,,
202303301733A,-35.77,-73.7,12,6.3,14,16,92,282,29,101,61,192,74,89,192,74,89,-12.82909298,0.829
202304270607A,-35.66,-71.32,99,5,174,20,-116,305,62,104,27,21,72,-81,21,72,-81,-83.45556641,-15.544
202306172231A,-34.96,-70.89,104,4.9,203,18,-93,298,63,115,27,26,72,-89,26,72,-89,-87.82730865,-16.173
202307091711A,-33.22,-70.13,108,5.6,157,37,-95,271,81,71,8,343,53,-86,343,53,-86,-90.69812775,-17.302
202307170305A,-38.18,-70.44,193,,260,21,-38,275,55,130,30,26,77,-107,26,77,-107,-158.7876892,-34.212
202309062348A,-30.34,-71.73,44,6.3,12,34,107,270,12,51,75,172,58,79,172,58,79,-24.56058121,-19.439
202309170218A,-37.7,-75.57,29,5.2,173,43,-76,180,80,73,3,335,49,-102,334,49,-103,,
202311061351A,-32.99,-72.08,30,5.1,19,43,109,276,4,21,77,173,50,73,174,50,73,-19.11066055,-10.889
202311202103A,-30.99,-71.55,47,5,331,33,76,251,13,103,75,167,58,99,168,58,99,-34.29262161,-12.707
202312060158A,-44.62,-78.92,12,4.9,255,82,-176,120,8,210,3,165,87,-8,164,86,-8,,
202312060229A,-44.57,-78.87,17,4.8,167,85,5,122,0,32,7,77,85,175,77,85,175,,
202312090449A,-45.82,-76.09,12,5.2,78,72,-166,300,22,31,3,343,77,-19,344,77,-19,,
202312120100A,-45.75,-77.62,13,5,76,76,-178,300,11,32,8,346,89,-14,346,88,-14,,
202312240323A,-38.25,-74.12,19,5.8,359,16,88,271,29,92,61,181,74,91,181,74,91,-17.35761642,-1.642
202401211737A,-33.59,-72.35,32,5,359,37,83,274,8,122,81,189,53,96,188,53,95,-15.76656914,-16.233
202403091923A,-33.21,-73.13,21,4.8,1,45,-106,187,79,282,1,203,47,-75,203,47,-75,,
202403120342A,-33.9,-72.67,17,5.2,357,18,76,278,27,109,62,192,72,95,192,73,94,-12.37392616,-4.626
202404031351A,-36.97,-73,43,5.3,18,34,108,275,12,55,74,176,58,78,177,58,78,-36.97913742,-6.021
202405130918A,-35.44,-73.31,18,5.2,16,19,94,283,26,100,64,192,71,89,192,71,89,-16.09337234,-1.907
202408182331A,-37.15,-74.03,15,5.1,9,20,92,277,25,96,65,187,70,89,187,70,89,-15.23916912,0.239
202408261621A,-44.93,-73.85,72,5.1,235,46,10,195,24,86,35,138,83,135,138,83,136,,
202409030116A,-45.64,-76.82,17,4.9,335,42,-107,147,78,257,4,176,50,-76,177,50,-75,,
202409030121A,-45.56,-76.8,12,5.3,327,48,-120,165,68,258,1,188,50,-61,188,50,-61,,
202409211744A,-44.6,-78.88,14,4.9,166,89,0,121,1,31,1,76,90,179,76,90,-179,,
202409221846A,-32.01,-71.37,83,5.1,90,24,-9,75,44,299,37,189,86,-113,188,86,-114,-44.6243782,-38.376
202410202259A,-30.9,-68.73,117,5.7,178,45,-106,4,79,99,1,20,48,-75,20,47,-75,-92.97076416,-24.029
202411030404A,-35.76,-69.4,197,5.5,187,26,-124,338,63,122,22,44,69,-75,44,69,-75,-176.6195221,-20.38
202411081137A,-46.72,-75.63,12,6.3,10,28,87,282,17,107,73,193,62,92,193,62,92,,
202411261233A,-30.53,-71.45,56,5.1,3,34,100,266,11,59,77,171,56,83,171,57,83,-37.23594284,-18.764
202412070626A,-38.97,-73.55,30,5.3,102,36,53,38,14,276,65,326,62,114,325,62,114,-32.81453705,2.815
202412132338A,-35.36,-70.79,115,6.4,235,20,-53,269,59,116,28,16,74,-103,16,74,-102,-99.30977631,-15.69
202412180952A,-31.56,-68.91,107,4.9,244,45,-44,227,58,123,9,8,61,-126,8,61,-126,-97.81263733,-9.187
202502021025A,-44.67,-79.89,20,4.9,262,72,180,126,13,218,13,352,90,18,352,90,18,,
202502021354A,-30.86,-71.65,39,4.9,178,44,95,84,1,192,86,352,46,85,351,46,85,-29.74105453,-9.259
202502110224A,-37.33,-75.13,17,5.2,358,45,-109,185,77,281,2,204,48,-72,204,48,-72,,
202502160708A,-38.6,-74.14,23,5.1,11,28,94,278,17,91,73,186,62,88,186,62,88,-17.36438751,-5.636
202502222220A,-45.6,-77.05,12,5.4,79,66,-174,300,21,35,13,347,85,-24,347,85,-24,,
202502241226A,-45.71,-77.6,15,5.1,346,79,-10,302,15,212,1,78,81,-169,78,80,-169,,
202503182117A,-30.14,-71.42,77,5.2,2,39,-104,155,79,282,7,200,53,-79,200,52,-79,-37.56569672,-39.434
