id,time_iso,latitude,longitude,depth,mag,mag_type,strike1,dip1,rake1,strike2,dip2,rake2,T_plunge,T_azimuth,P_plunge,P_azimuth,N_plunge,N_azimuth,Mrr,Mtt,Mpp,Mrt,Mrp,Mtp,source,class
200605090902A,2006-05-09T09:02:00,-32.85,-70.04,126,5.0,mw,270,44,-29,22,70,-130,16,140,48,248,,,,,,,,,gmt,deep_subduction
200609170934A,2006-09-17T09:34:00,-31.9,-67.15,146,6.2,mw,147,17,-147,25,81,-76,34,103,52,312,,,,,,,,,gmt,deep_subduction
200609242108A,2006-09-24T21:08:00,-31.89,-67.18,152,5.7,mw,122,34,-131,348,65,-66,17,61,62,296,,,,,,,,,gmt,deep_subduction
200701071055A,2007-01-07T10:55:00,-35.52,-71.23,121,5.0,mw,199,23,-83,12,68,-93,22,104,68,276,,,,,,,,,gmt,deep_subduction
200702100603A,2007-02-10T06:03:00,-43.26,-72.26,162,5.5,mw,207,6,117,360,84,87,50,267,40,92,,,,,,,,,gmt,deep_subduction
200703201759A,2007-03-20T17:59:00,-31.92,-67.19,146,5.2,mw,168,19,-125,24,75,-79,29,106,59,310,,,,,,,,,gmt,deep_subduction
200707111512A,2007-07-11T15:12:00,-32.67,-70.3,116,5.1,mw,150,50,-177,58,88,-40,25,111,29,6,,,,,,,,,gmt,deep_subduction
200710270116A,2007-10-27T01:16:00,-31.85,-69.21,114,5.0,mw,299,51,-26,46,70,-138,12,169,43,270,,,,,,,,,gmt,deep_subduction
200810011703A,2008-10-01T17:03:00,-35.03,-71.04,119,5.2,mw,288,4,-10,28,89,-94,44,122,46,294,,,,,,,,,gmt,deep_subduction
200812201707A,2008-12-20T17:07:00,-31.72,-68.14,123,5.2,mw,66,46,-52,198,56,-122,5,310,63,50,,,,,,,,,gmt,deep_subduction
200901231256A,2009-01-23T12:56:00,-36.64,-71.22,122,5.2,mw,253,56,-16,352,77,-145,14,119,34,218,,,,,,,,,gmt,deep_subduction
200904260803A,2009-04-26T08:03:00,-32.89,-69.49,141,5.3,mw,145,49,169,242,82,42,34,112,21,7,,,,,,,,,gmt,deep_subduction
200905081344A,2009-05-08T13:44:00,-32.02,-69.68,110,5.4,mw,185,48,-121,47,50,-60,1,116,67,23,,,,,,,,,gmt,deep_subduction
201001181228A,2010-01-18T12:28:00,-31.48,-68.97,116,5.4,mw,231,37,-97,60,54,-85,8,146,81,354,,,,,,,,,gmt,deep_subduction
201002121203A,2010-02-12T12:03:00,-33.63,-69.02,174,5.8,mw,69,57,-156,325,70,-35,8,20,39,283,,,,,,,,,gmt,deep_subduction
201009131644A,2010-09-13T16:44:00,-31.82,-70.46,126,5.1,mw,260,68,15,165,76,158,26,121,5,213,,,,,,,,,gmt,deep_subduction
201205241918A,2012-05-24T19:18:00,-37.11,-70.84,163,5.4,mw,123,17,-146,360,81,-76,34,78,52,287,,,,,,,,,gmt,deep_subduction
201209110635A,2012-09-11T06:35:00,-31.92,-68.39,127,5.0,mw,20,35,-77,184,56,-99,11,281,77,65,,,,,,,,,gmt,deep_subduction
201210111722A,2012-10-11T17:22:00,-32.86,-70.57,107,5.6,mw,170,84,-174,80,84,-6,0,125,8,35,,,,,,,,,gmt,deep_subduction
201306192129A,2013-06-19T21:29:00,-32.74,-70.2,115,5.2,mw,190,45,-111,39,48,-70,2,115,75,17,,,,,,,,,gmt,deep_subduction
201308301048A,2013-08-30T10:48:00,-34.57,-70.74,112,5.0,mw,338,45,-18,81,77,-133,20,202,41,311,,,,,,,,,gmt,deep_subduction
201312100051A,2013-12-10T00:51:00,-31.39,-69.29,117,5.1,mw,202,45,-117,57,51,-66,3,131,71,32,,,,,,,,,gmt,deep_subduction
201401150838A,2014-01-15T08:38:00,-31.27,-68.25,123,5.2,mw,182,74,-173,90,83,-16,6,137,16,45,,,,,,,,,gmt,deep_subduction
201404040952A,2014-04-04T09:52:00,-31.45,-70.54,116,5.4,mw,167,66,169,262,80,24,24,127,9,32,,,,,,,,,gmt,deep_subduction
201407130718A,2014-07-13T07:18:00,-30.98,-70.81,106,5.4,mw,290,7,32,168,86,96,48,85,41,253,,,,,,,,,gmt,deep_subduction
201502021049A,2015-02-02T10:49:00,-32.77,-67.14,177,6.3,mw,304,4,-13,47,89,-94,44,141,46,313,,,,,,,,,gmt,deep_subduction
201604140938A,2016-04-14T09:38:00,-33.85,-70.39,129,5.1,mw,120,10,162,228,87,80,47,128,41,327,,,,,,,,,gmt,deep_subduction
201611041620A,2016-11-04T16:20:00,-35.06,-70.98,96,6.3,mw,173,27,-128,35,69,-73,22,111,62,331,,,,,,,,,gmt,deep_subduction
201611202057A,2016-11-20T20:57:00,-31.66,-68.74,119,6.4,mw,31,40,-92,214,50,-89,5,302,85,137,,,,,,,,,gmt,deep_subduction
201703270303A,2017-03-27T03:03:00,-36.34,-71.79,103,5.1,mw,246,42,-6,341,86,-132,28,103,35,215,,,,,,,,,gmt,deep_subduction
201705291457A,2017-05-29T14:57:00,-37.38,-71.87,98,5.9,mw,263,34,-22,12,78,-122,26,126,47,248,,,,,,,,,gmt,deep_subduction
201706231000A,2017-06-23T10:00:00,-39.47,-71.87,129,5.0,mw,260,39,56,121,59,114,67,78,10,194,,,,,,,,,gmt,deep_subduction
201708020715A,2017-08-02T07:15:00,-33.17,-70.58,96,5.4,mw,202,32,-115,51,62,-75,15,130,70,353,,,,,,,,,gmt,deep_subduction
201709231725A,2017-09-23T17:25:00,-30.74,-69.04,130,5.1,mw,44,59,177,136,87,32,23,4,19,266,,,,,,,,,gmt,deep_subduction
201801282353A,2018-01-28T23:53:00,-31.25,-68.78,120,5.4,mw,218,46,-107,61,47,-74,0,140,78,49,,,,,,,,,gmt,deep_subduction
201802012313A,2018-02-01T23:13:00,-31.5,-69.95,118,5.2,mw,2,78,176,92,86,12,11,318,6,227,,,,,,,,,gmt,deep_subduction
201803191251A,2018-03-19T12:51:00,-32.44,-69.76,113,5.0,mw,194,71,-165,99,76,-20,3,147,24,56,,,,,,,,,gmt,deep_subduction
201805021609A,2018-05-02T16:09:00,-33.3,-70.06,103,5.0,mw,166,39,-100,359,52,-82,6,83,81,308,,,,,,,,,gmt,deep_subduction
201805282059A,2018-05-28T20:59:00,-31.3,-68.71,119,5.0,mw,14,40,-100,207,50,-82,5,291,82,161,,,,,,,,,gmt,deep_subduction
201808311325A,2018-08-31T13:25:00,-32.26,-70.21,115,5.0,mw,48,54,-45,169,55,-135,1,288,55,19,,,,,,,,,gmt,deep_subduction
201812311049A,2018-12-31T10:49:00,-31.84,-69.35,120,5.3,mw,186,48,-121,48,50,-61,1,117,67,24,,,,,,,,,gmt,deep_subduction
201905160032A,2019-05-16T00:32:00,-31.46,-69.27,121,5.2,mw,32,42,-83,202,49,-97,3,297,84,61,,,,,,,,,gmt,deep_subduction
201905201118A,2019-05-20T11:18:00,-31.54,-70.04,113,5.6,mw,277,65,-13,13,79,-154,9,143,26,237,,,,,,,,,gmt,deep_subduction
201906200123A,2019-06-20T01:23:00,-33.68,-68.83,163,5.5,mw,352,52,-157,248,72,-40,13,304,41,203,,,,,,,,,gmt,deep_subduction
201909140515A,2019-09-14T05:15:00,-31.36,-68.46,122,5.1,mw,212,45,-113,64,49,-68,2,138,74,40,,,,,,,,,gmt,deep_subduction
201909261636A,2019-09-26T16:36:00,-40.9,-72.06,139,6.1,mw,96,58,33,347,62,143,45,310,3,42,,,,,,,,,gmt,deep_subduction
201911222227A,2019-11-22T22:27:00,-32.77,-70.15,114,5.1,mw,359,32,-70,156,61,-102,14,255,72,37,,,,,,,,,gmt,deep_subduction
202001130201A,2020-01-13T02:01:00,-40.33,-71.42,190,5.4,mw,259,14,-25,14,84,-103,38,115,49,270,,,,,,,,,gmt,deep_subduction
202004141602A,2020-04-14T16:02:00,-33.83,-70.33,115,5.0,mw,112,55,-136,353,55,-45,0,53,54,322,,,,,,,,,gmt,deep_subduction
202005231310A,2020-05-23T13:10:00,-33.56,-69.81,130,5.2,mw,251,57,-32,0,64,-143,4,124,44,218,,,,,,,,,gmt,deep_subduction
202012030237A,2020-12-03T02:37:00,-31.92,-67.12,138,5.2,mw,235,53,28,128,68,140,44,85,9,184,,,,,,,,,gmt,deep_subduction
202101240007A,2021-01-24T00:07:00,-33.5,-70.01,108,5.7,mw,197,5,-94,21,85,-90,40,111,50,291,,,,,,,,,gmt,deep_subduction
202103081248A,2021-03-08T12:48:00,-32.18,-69.78,106,5.2,mw,197,45,-105,37,47,-76,1,118,79,22,,,,,,,,,gmt,deep_subduction
202104290217A,2021-04-29T02:17:00,-37.29,-71.05,155,5.7,mw,115,28,-159,6,80,-64,30,75,48,304,,,,,,,,,gmt,deep_subduction
202111030317A,2021-11-03T03:17:00,-32.88,-69.91,117,5.7,mw,209,22,-36,333,77,-108,30,78,54,221,,,,,,,,,gmt,deep_subduction
202204011128A,2022-04-01T11:28:00,-31.39,-67.97,117,5.2,mw,29,46,-70,181,47,-109,1,285,76,18,,,,,,,,,gmt,deep_subduction
202204030516A,2022-04-03T05:16:00,-31.54,-67.07,136,5.1,mw,214,38,-53,351,61,-115,12,98,65,215,,,,,,,,,gmt,deep_subduction
202206181824A,2022-06-18T18:24:00,-33.52,-69.41,148,5.1,mw,305,40,-41,69,65,-122,14,182,57,294,,,,,,,,,gmt,deep_subduction
202208180210A,2022-08-18T02:10:00,-34.42,-70.5,115,5.3,mw,187,21,-107,25,70,-84,25,110,64,306,,,,,,,,,gmt,deep_subduction
202211080851A,2022-11-08T08:51:00,-33.62,-70.63,106,5.0,mw,148,43,164,250,79,48,41,121,23,11,,,,,,,,,gmt,deep_subduction
202211230853A,2022-11-23T08:53:00,-35.5,-71.14,85,5.0,mw,259,50,0,169,90,140,27,116,27,222,,,,,,,,,gmt,deep_subduction
202304270607A,2023-04-27T06:07:00,-35.66,-71.32,99,5.0,mw,174,20,-116,21,72,-81,27,104,62,305,,,,,,,,,gmt,deep_subduction
202307091711A,2023-07-09T17:11:00,-33.22,-70.13,108,5.6,mw,157,37,-95,343,53,-86,8,71,81,271,,,,,,,,,gmt,deep_subduction
202410202259A,2024-10-20T22:59:00,-30.9,-68.73,117,5.7,mw,178,45,-106,20,48,-75,1,99,79,4,,,,,,,,,gmt,deep_subduction
202411030404A,2024-11-03T04:04:00,-35.76,-69.4,197,5.5,mw,187,26,-124,44,69,-75,22,122,63,338,,,,,,,,,gmt,deep_subduction
202412132338A,2024-12-13T23:38:00,-35.36,-70.79,115,6.4,mw,235,20,-53,16,74,-103,28,116,59,269,,,,,,,,,gmt,deep_subduction
010278A,,-37.96,-71.61,144,5.5,mw,93,53,-9,189,83,-142,20,315,31,58,,,,,,,,,gmt,deep_subduction
010703A,,-33.6,-70.22,113,5.7,mw,199,28,-70,356,64,-100,18,94,69,245,,,,,,,,,gmt,deep_subduction
010886A,,-35.83,-71.38,96,5.1,mw,303,16,0,33,90,-106,43,138,43,288,,,,,,,,,gmt,deep_subduction
011498D,,-31.82,-68.16,134,5.2,mw,176,31,-123,34,65,-72,17,110,66,335,,,,,,,,,gmt,deep_subduction
020599D,,-34.78,-70.56,99,5.2,mw,126,47,146,241,66,48,50,103,11,359,,,,,,,,,gmt,deep_subduction
020986A,,-36.24,-71.11,125,5.2,mw,14,14,92,192,76,89,59,101,31,282,,,,,,,,,gmt,deep_subduction
021097B,,-32.98,-68.31,152,5.3,mw,317,15,-31,77,82,-103,36,178,51,333,,,,,,,,,gmt,deep_subduction
022102D,,-31.77,-67.3,134,5.4,mw,131,33,-149,15,74,-61,23,82,52,318,,,,,,,,,gmt,deep_subduction
032079B,,-35.79,-71.42,123,5.4,mw,141,24,-158,32,81,-68,33,102,49,325,,,,,,,,,gmt,deep_subduction
032597A,,-33.45,-70.62,90,5.5,mw,158,59,-161,58,74,-33,10,111,34,14,,,,,,,,,gmt,deep_subduction
040189A,,-32.86,-70.19,119,5.3,mw,158,18,-122,10,75,-80,29,93,59,295,,,,,,,,,gmt,deep_subduction
040681A,,-35.36,-70.81,113,5.2,mw,95,33,163,200,81,58,45,78,29,315,,,,,,,,,gmt,deep_subduction
042097B,,-33.85,-70.39,116,5.6,mw,181,13,-93,4,77,-89,32,94,58,275,,,,,,,,,gmt,deep_subduction
042599B,,-31.91,-69.34,120,5.3,mw,36,42,-62,181,54,-113,6,286,71,34,,,,,,,,,gmt,deep_subduction
043004A,,-33.59,-70.5,102,5.0,mw,157,35,-133,26,65,-64,16,97,61,335,,,,,,,,,gmt,deep_subduction
050984A,,-34.34,-70.19,108,5.3,mw,205,31,-95,31,60,-87,14,119,76,309,,,,,,,,,gmt,deep_subduction
051490C,,-35.89,-71.34,92,6.1,mw,273,40,19,168,78,128,44,116,23,230,,,,,,,,,gmt,deep_subduction
051803C,,-31.46,-69.18,122,5.4,mw,43,41,-82,213,49,-97,4,307,83,76,,,,,,,,,gmt,deep_subduction
052299A,,-36.56,-70.57,164,5.3,mw,204,12,-65,359,80,-95,34,93,56,262,,,,,,,,,gmt,deep_subduction
052703D,,-31.32,-68.7,128,5.5,mw,223,37,-75,25,54,-101,9,122,77,256,,,,,,,,,gmt,deep_subduction
060798B,,-31.48,-67.77,125,5.9,mw,148,54,-145,36,62,-42,5,94,48,358,,,,,,,,,gmt,deep_subduction
060893F,,-31.62,-69.13,124,6.3,mw,40,41,-95,226,49,-86,4,314,85,172,,,,,,,,,gmt,deep_subduction
061600B,,-33.95,-69.92,109,6.4,mw,219,33,-67,11,60,-105,14,112,71,249,,,,,,,,,gmt,deep_subduction
061997F,,-33.15,-70.19,116,5.3,mw,150,24,-137,20,74,-72,27,95,57,314,,,,,,,,,gmt,deep_subduction
071380A,,-33.47,-70.49,113,5.7,mw,102,14,178,195,89,76,44,90,43,297,,,,,,,,,gmt,deep_subduction
080299A,,-33.08,-70.1,108,5.5,mw,141,19,-151,23,81,-73,34,99,51,312,,,,,,,,,gmt,deep_subduction
080380A,,-35.46,-69.82,164,5.3,mw,2,20,93,179,70,89,65,87,25,270,,,,,,,,,gmt,deep_subduction
080499C,,-31.87,-67.98,126,5.3,mw,155,45,-139,33,62,-53,10,98,56,353,,,,,,,,,gmt,deep_subduction
082498B,,-32.84,-69.32,115,5.1,mw,102,29,-106,300,62,-81,17,24,71,230,,,,,,,,,gmt,deep_subduction
090490F,,-30.92,-68.66,118,5.7,mw,215,44,-92,37,46,-88,1,126,88,0,,,,,,,,,gmt,deep_subduction
091591E,,-31.58,-69.96,123,5.8,mw,262,87,0,172,90,177,2,127,2,217,,,,,,,,,gmt,deep_subduction
092402B,,-31.48,-69.12,120,6.2,mw,27,39,-94,212,51,-87,6,300,83,143,,,,,,,,,gmt,deep_subduction
092803G,,-35.54,-71.11,105,5.1,mw,245,17,-66,39,74,-97,29,136,60,300,,,,,,,,,gmt,deep_subduction
093002B,,-35.17,-71.07,114,5.2,mw,222,23,-73,23,68,-97,23,119,66,281,,,,,,,,,gmt,deep_subduction
102094A,,-39.19,-70.8,170,5.9,mw,234,15,161,343,85,76,48,237,39,85,,,,,,,,,gmt,deep_subduction
102183A,,-30.69,-68.61,132,5.4,mw,323,30,-143,200,73,-65,24,271,56,141,,,,,,,,,gmt,deep_subduction
102485A,,-31.55,-68.73,124,5.5,mw,63,44,-105,263,48,-76,2,344,79,243,,,,,,,,,gmt,deep_subduction
102998B,,-32.56,-70.46,110,5.3,mw,165,47,164,266,78,44,39,136,20,29,,,,,,,,,gmt,deep_subduction
103093E,,-31.77,-68.16,126,5.8,mw,180,41,-125,43,58,-64,9,114,66,4,,,,,,,,,gmt,deep_subduction
110884E,,-31.54,-68.5,144,5.3,mw,178,45,-115,32,50,-67,3,105,72,7,,,,,,,,,gmt,deep_subduction
112798D,,-32.04,-69.21,129,5.4,mw,191,45,-107,35,47,-74,1,113,78,17,,,,,,,,,gmt,deep_subduction
112984B,,-35.42,-71.28,102,5.3,mw,151,19,-154,37,82,-73,35,112,50,325,,,,,,,,,gmt,deep_subduction
120191C,,-32.03,-69.55,114,5.4,mw,197,46,-121,58,52,-62,3,128,68,31,,,,,,,,,gmt,deep_subduction
121198B,,-31.52,-68.94,128,5.4,mw,32,41,-97,221,49,-84,4,307,84,175,,,,,,,,,gmt,deep_subduction
121202A,,-31.86,-67.28,132,5.3,mw,245,33,8,148,86,123,40,88,33,211,,,,,,,,,gmt,deep_subduction
121498D,,-38.28,-71.25,146,5.9,mw,250,8,-6,346,89,-98,44,84,45,248,,,,,,,,,gmt,deep_subduction
121581A,,-36.13,-71.16,105,5.0,mw,157,10,-61,308,81,-95,36,42,53,212,,,,,,,,,gmt,deep_subduction
121583A,,-33.09,-70.56,104,6.0,mw,202,21,-78,9,69,-95,24,103,65,271,,,,,,,,,gmt,deep_subduction
122190F,,-32.71,-69.7,130,5.4,mw,289,47,-7,24,85,-137,25,148,33,256,,,,,,,,,gmt,deep_subduction
122580B,,-31.0,-67.19,138,5.1,mw,173,40,-106,14,52,-77,6,94,78,334,,,,,,,,,gmt,deep_subduction
122602C,,-31.46,-68.55,122,5.2,mw,347,37,-81,156,54,-97,8,251,80,37,,,,,,,,,gmt,deep_subduction
122679A,,-35.9,-71.5,111,5.6,mw,199,6,-66,355,85,-92,39,87,50,262,,,,,,,,,gmt,deep_subduction
122992C,,-31.55,-67.15,144,5.4,mw,139,26,-112,343,66,-80,20,65,67,272,,,,,,,,,gmt,deep_subduction
123087A,,-34.74,-71.01,112,5.4,mw,126,21,-171,27,87,-69,38,99,44,318,,,,,,,,,gmt,deep_subduction
