id,time_iso,latitude,longitude,depth,mag,mag_type,strike1,dip1,rake1,strike2,dip2,rake2,T_plunge,T_azimuth,P_plunge,P_azimuth,N_plunge,N_azimuth,Mrr,Mtt,Mpp,Mrt,Mrp,Mtp,source,class
200503010724A,2005-03-01T07:24:00,-31.59,-72.1,33,5.4,mw,354,25,103,159,66,84,69,58,20,254,,,,,,,,,gmt,subduction_intraslab
200503132038A,2005-03-13T20:38:00,-32.72,-72.02,36,5.2,mw,9,24,103,175,66,84,68,74,21,269,,,,,,,,,gmt,subduction_intraslab
200503291638A,2005-03-29T16:38:00,-33.76,-72.38,20,5.3,mw,6,17,100,175,73,87,62,81,28,268,,,,,,,,,gmt,subduction_intraslab
200512141052A,2005-12-14T10:52:00,-31.22,-72.05,58,5.3,mw,266,24,-18,12,83,-113,34,122,47,259,,,,,,,,,gmt,subduction_intraslab
200512212219A,2005-12-21T22:19:00,-42.85,-74.43,30,5.2,mw,333,23,60,185,70,102,63,114,24,266,,,,,,,,,gmt,subduction_intraslab
200512260056A,2005-12-26T00:56:00,-39.01,-73.74,41,5.1,mw,4,32,89,185,58,91,77,97,13,275,,,,,,,,,gmt,subduction_intraslab
200601052251A,2006-01-05T22:51:00,-36.43,-73.52,20,5.2,mw,19,16,104,184,74,86,60,89,29,278,,,,,,,,,gmt,subduction_intraslab
200602101751A,2006-02-10T17:51:00,-32.57,-71.84,42,5.2,mw,11,32,97,183,59,86,76,80,13,276,,,,,,,,,gmt,subduction_intraslab
200604151442A,2006-04-15T14:42:00,-31.18,-72.33,28,5.2,mw,1,22,93,179,68,89,67,86,23,269,,,,,,,,,gmt,subduction_intraslab
200605090902A,2006-05-09T09:02:00,-32.85,-70.04,126,5.0,mw,270,44,-29,22,70,-130,16,140,48,248,,,,,,,,,gmt,subduction_intraslab
200605181826A,2006-05-18T18:26:00,-32.34,-72.14,24,5.0,mw,11,24,109,170,68,82,67,66,22,267,,,,,,,,,gmt,subduction_intraslab
200605210511A,2006-05-21T05:11:00,-37.41,-74.14,15,5.2,mw,27,17,120,176,76,82,59,74,30,273,,,,,,,,,gmt,subduction_intraslab
200607192211A,2006-07-19T22:11:00,-32.63,-72.24,31,5.0,mw,336,25,74,174,66,98,68,98,21,258,,,,,,,,,gmt,subduction_intraslab
200609170934A,2006-09-17T09:34:00,-31.9,-67.15,146,6.2,mw,147,17,-147,25,81,-76,34,103,52,312,,,,,,,,,gmt,subduction_intraslab
200609242108A,2006-09-24T21:08:00,-31.89,-67.18,152,5.7,mw,122,34,-131,348,65,-66,17,61,62,296,,,,,,,,,gmt,subduction_intraslab
200610121805A,2006-10-12T18:05:00,-31.48,-72.03,37,6.4,mw,3,26,96,176,65,87,71,80,19,269,,,,,,,,,gmt,subduction_intraslab
200610131612A,2006-10-13T16:12:00,-31.55,-72.02,39,5.3,mw,360,26,95,174,64,88,71,79,19,266,,,,,,,,,gmt,subduction_intraslab
200610160133A,2006-10-16T01:33:00,-30.32,-71.76,43,5.5,mw,8,38,113,160,56,73,73,24,9,262,,,,,,,,,gmt,subduction_intraslab
200701071055A,2007-01-07T10:55:00,-35.52,-71.23,121,5.0,mw,199,23,-83,12,68,-93,22,104,68,276,,,,,,,,,gmt,subduction_intraslab
200702100603A,2007-02-10T06:03:00,-43.26,-72.26,162,5.5,mw,207,6,117,360,84,87,50,267,40,92,,,,,,,,,gmt,subduction_intraslab
200703021307A,2007-03-02T13:07:00,-30.93,-71.64,55,5.4,mw,7,35,100,176,55,83,78,60,10,270,,,,,,,,,gmt,subduction_intraslab
200703201759A,2007-03-20T17:59:00,-31.92,-67.19,146,5.2,mw,168,19,-125,24,75,-79,29,106,59,310,,,,,,,,,gmt,subduction_intraslab
200703291440A,2007-03-29T14:40:00,-31.63,-72.16,27,5.6,mw,12,19,91,191,71,90,64,100,26,281,,,,,,,,,gmt,subduction_intraslab
200703291709A,2007-03-29T17:09:00,-31.59,-72.06,22,5.6,mw,29,22,112,185,69,81,64,81,24,282,,,,,,,,,gmt,subduction_intraslab
200703291746A,2007-03-29T17:46:00,-31.69,-72.12,20,5.3,mw,336,15,59,188,78,98,57,108,32,271,,,,,,,,,gmt,subduction_intraslab
200703291832A,2007-03-29T18:32:00,-31.72,-72.23,32,5.0,mw,347,31,85,172,59,93,76,91,14,261,,,,,,,,,gmt,subduction_intraslab
200704220605A,2007-04-22T06:05:00,-31.59,-72.34,28,5.1,mw,348,28,61,201,66,105,66,136,20,279,,,,,,,,,gmt,subduction_intraslab
200706210954A,2007-06-21T09:54:00,-31.79,-71.42,54,5.1,mw,359,32,94,174,58,88,77,77,13,266,,,,,,,,,gmt,subduction_intraslab
200706281925A,2007-06-28T19:25:00,-32.08,-71.63,80,5.6,mw,198,15,-73,0,75,-95,31,94,59,264,,,,,,,,,gmt,subduction_intraslab
200707111512A,2007-07-11T15:12:00,-32.67,-70.3,116,5.1,mw,150,50,-177,58,88,-40,25,111,29,6,,,,,,,,,gmt,subduction_intraslab
200708081414A,2007-08-08T14:14:00,-32.66,-71.92,24,5.3,mw,335,17,78,167,74,93,61,83,28,255,,,,,,,,,gmt,subduction_intraslab
200710201956A,2007-10-20T19:56:00,-36.5,-73.51,41,5.2,mw,13,23,104,177,67,84,67,77,23,272,,,,,,,,,gmt,subduction_intraslab
200710270116A,2007-10-27T01:16:00,-31.85,-69.21,114,5.0,mw,299,51,-26,46,70,-138,12,169,43,270,,,,,,,,,gmt,subduction_intraslab
200712151822A,2007-12-15T18:22:00,-32.81,-72.02,33,5.9,mw,359,21,89,179,69,90,66,91,24,270,,,,,,,,,gmt,subduction_intraslab
200712200306A,2007-12-20T03:06:00,-32.85,-72.01,25,5.5,mw,351,12,80,181,78,92,57,94,33,269,,,,,,,,,gmt,subduction_intraslab
200803290134A,2008-03-29T01:34:00,-43.2,-74.58,42,5.1,mw,5,32,90,184,58,90,77,95,13,275,,,,,,,,,gmt,subduction_intraslab
200810011703A,2008-10-01T17:03:00,-35.03,-71.04,119,5.2,mw,288,4,-10,28,89,-94,44,122,46,294,,,,,,,,,gmt,subduction_intraslab
200811232119A,2008-11-23T21:19:00,-36.38,-73.36,38,5.3,mw,11,22,111,169,69,82,65,65,24,265,,,,,,,,,gmt,subduction_intraslab
200812182119A,2008-12-18T21:19:00,-32.63,-72.13,22,6.1,mw,360,19,94,175,71,89,64,84,26,267,,,,,,,,,gmt,subduction_intraslab
200812182150A,2008-12-18T21:50:00,-32.62,-72.11,21,5.8,mw,350,18,83,177,72,92,63,91,27,266,,,,,,,,,gmt,subduction_intraslab
200812190730A,2008-12-19T07:30:00,-32.66,-72.24,22,5.4,mw,359,20,90,179,70,90,65,89,25,269,,,,,,,,,gmt,subduction_intraslab
200812190936A,2008-12-19T09:36:00,-32.56,-72.1,23,5.7,mw,2,19,100,172,72,87,64,76,26,264,,,,,,,,,gmt,subduction_intraslab
200812191357A,2008-12-19T13:57:00,-32.68,-71.97,24,5.2,mw,11,19,118,162,74,81,61,58,28,259,,,,,,,,,gmt,subduction_intraslab
200812191648A,2008-12-19T16:48:00,-32.6,-72.25,29,5.2,mw,351,23,82,180,67,93,68,96,22,267,,,,,,,,,gmt,subduction_intraslab
200812201707A,2008-12-20T17:07:00,-31.72,-68.14,123,5.2,mw,66,46,-52,198,56,-122,5,310,63,50,,,,,,,,,gmt,subduction_intraslab
200901231256A,2009-01-23T12:56:00,-36.64,-71.22,122,5.2,mw,253,56,-16,352,77,-145,14,119,34,218,,,,,,,,,gmt,subduction_intraslab
200903111306A,2009-03-11T13:06:00,-31.98,-69.29,37,5.3,mw,190,44,109,344,49,72,77,187,3,87,,,,,,,,,gmt,subduction_intraslab
200904260803A,2009-04-26T08:03:00,-32.89,-69.49,141,5.3,mw,145,49,169,242,82,42,34,112,21,7,,,,,,,,,gmt,subduction_intraslab
200905081344A,2009-05-08T13:44:00,-32.02,-69.68,110,5.4,mw,185,48,-121,47,50,-60,1,116,67,23,,,,,,,,,gmt,subduction_intraslab
200906132122A,2009-06-13T21:22:00,-30.8,-71.99,34,5.0,mw,352,29,88,175,61,91,74,87,16,263,,,,,,,,,gmt,subduction_intraslab
200907121443A,2009-07-12T14:43:00,-30.71,-71.58,66,5.2,mw,360,32,99,169,58,84,76,63,13,263,,,,,,,,,gmt,subduction_intraslab
200909251547A,2009-09-25T15:47:00,-32.26,-71.9,42,5.1,mw,277,58,15,180,78,147,32,133,13,231,,,,,,,,,gmt,subduction_intraslab
200910280620A,2009-10-28T06:20:00,-32.84,-72.05,19,5.0,mw,164,43,86,349,47,94,87,310,2,77,,,,,,,,,gmt,subduction_intraslab
200912291147A,2009-12-29T11:47:00,-36.78,-73.39,43,5.1,mw,1,21,95,175,69,88,66,82,24,267,,,,,,,,,gmt,subduction_intraslab
201001181228A,2010-01-18T12:28:00,-31.48,-68.97,116,5.4,mw,231,37,-97,60,54,-85,8,146,81,354,,,,,,,,,gmt,subduction_intraslab
201002121203A,2010-02-12T12:03:00,-33.63,-69.02,174,5.8,mw,69,57,-156,325,70,-35,8,20,39,283,,,,,,,,,gmt,subduction_intraslab
201002271900A,2010-02-27T19:00:00,-33.62,-72.29,24,6.2,mw,3,27,97,175,64,86,72,77,18,268,,,,,,,,,gmt,subduction_intraslab
201002272302A,2010-02-27T23:02:00,-37.94,-73.33,53,5.9,mw,349,27,90,169,63,90,72,79,18,259,,,,,,,,,gmt,subduction_intraslab
201002280108A,2010-02-28T01:08:00,-34.25,-72.46,31,5.9,mw,13,24,95,187,66,88,69,93,21,279,,,,,,,,,gmt,subduction_intraslab
201002281125A,2010-02-28T11:25:00,-35.11,-72.05,53,6.2,mw,17,25,113,171,67,80,66,63,21,270,,,,,,,,,gmt,subduction_intraslab
201002281948A,2010-02-28T19:48:00,-38.36,-74.15,15,5.8,mw,1,16,91,180,74,90,61,90,29,270,,,,,,,,,gmt,subduction_intraslab
201003010110A,2010-03-01T01:10:00,-35.4,-72.33,58,5.2,mw,34,33,130,169,65,67,63,43,17,276,,,,,,,,,gmt,subduction_intraslab
201003010244A,2010-03-01T02:44:00,-35.22,-72.75,19,5.6,mw,302,29,32,183,75,115,53,123,26,254,,,,,,,,,gmt,subduction_intraslab
201003010749A,2010-03-01T07:49:00,-34.73,-73.53,12,5.3,mw,208,35,-65,358,58,-107,12,100,71,230,,,,,,,,,gmt,subduction_intraslab
201003010846A,2010-03-01T08:46:00,-35.51,-73.46,15,5.3,mw,26,17,98,197,73,87,62,104,28,290,,,,,,,,,gmt,subduction_intraslab
201003011552A,2010-03-01T15:52:00,-36.83,-73.91,27,5.1,mw,13,27,104,177,64,83,70,72,19,273,,,,,,,,,gmt,subduction_intraslab
201003011656A,2010-03-01T16:56:00,-36.4,-72.7,68,5.0,mw,43,35,125,182,62,68,66,53,14,288,,,,,,,,,gmt,subduction_intraslab
201003020409A,2010-03-02T04:09:00,-35.88,-73.73,15,5.4,mw,359,13,78,191,78,93,58,105,32,279,,,,,,,,,gmt,subduction_intraslab
201003020428A,2010-03-02T04:28:00,-36.85,-73.81,15,5.5,mw,17,11,110,178,79,86,55,82,35,270,,,,,,,,,gmt,subduction_intraslab
201003020610A,2010-03-02T06:10:00,-34.63,-72.87,15,5.3,mw,3,5,84,189,85,91,50,100,40,279,,,,,,,,,gmt,subduction_intraslab
201003021130A,2010-03-02T11:30:00,-35.45,-72.99,12,5.0,mw,198,67,-163,101,74,-24,5,151,28,58,,,,,,,,,gmt,subduction_intraslab
201003021216A,2010-03-02T12:16:00,-36.76,-73.83,18,5.2,mw,5,16,95,181,74,89,61,88,29,271,,,,,,,,,gmt,subduction_intraslab
201003021407A,2010-03-02T14:07:00,-39.72,-74.43,35,5.1,mw,16,28,112,172,64,79,69,59,18,270,,,,,,,,,gmt,subduction_intraslab
201003021912A,2010-03-02T19:12:00,-34.39,-72.55,19,5.6,mw,14,17,119,163,75,81,59,62,30,261,,,,,,,,,gmt,subduction_intraslab
201003022144A,2010-03-02T21:44:00,-36.61,-73.85,37,5.0,mw,44,26,115,196,67,79,66,86,21,295,,,,,,,,,gmt,subduction_intraslab
201003030435A,2010-03-03T04:35:00,-37.61,-74.29,15,5.3,mw,350,12,66,194,79,95,56,111,34,280,,,,,,,,,gmt,subduction_intraslab
201003030442A,2010-03-03T04:42:00,-37.4,-74.27,21,5.1,mw,13,26,105,176,65,83,69,72,20,272,,,,,,,,,gmt,subduction_intraslab
201003030616A,2010-03-03T06:16:00,-33.81,-72.44,23,5.2,mw,10,22,99,180,68,86,67,84,23,273,,,,,,,,,gmt,subduction_intraslab
201003031744A,2010-03-03T17:44:00,-36.7,-73.69,16,6.1,mw,15,12,103,182,78,87,57,88,33,274,,,,,,,,,gmt,subduction_intraslab
201003031958A,2010-03-03T19:58:00,-33.59,-72.36,19,5.8,mw,2,17,94,178,73,89,62,86,28,269,,,,,,,,,gmt,subduction_intraslab
201003040159A,2010-03-04T01:59:00,-33.45,-72.55,13,6.0,mw,10,19,97,183,71,88,64,89,26,274,,,,,,,,,gmt,subduction_intraslab
201003041737A,2010-03-04T17:37:00,-34.24,-72.41,24,5.4,mw,14,22,106,177,69,84,66,76,24,272,,,,,,,,,gmt,subduction_intraslab
201003050334A,2010-03-05T03:34:00,-34.67,-71.94,12,5.4,mw,1,38,-77,165,53,-100,8,262,79,35,,,,,,,,,gmt,subduction_intraslab
201003050355A,2010-03-05T03:55:00,-34.63,-71.95,26,5.2,mw,319,75,177,50,87,15,13,275,8,183,,,,,,,,,gmt,subduction_intraslab
201003050736A,2010-03-05T07:36:00,-35.35,-73.41,36,5.1,mw,266,50,-3,358,88,-140,25,125,29,230,,,,,,,,,gmt,subduction_intraslab
201003050919A,2010-03-05T09:19:00,-36.76,-73.59,15,6.1,mw,11,8,116,164,83,87,52,71,38,258,,,,,,,,,gmt,subduction_intraslab
201003051031A,2010-03-05T10:31:00,-37.58,-73.77,26,5.2,mw,358,28,97,171,62,86,73,71,17,263,,,,,,,,,gmt,subduction_intraslab
201003061519A,2010-03-06T15:19:00,-37.59,-74.31,14,5.2,mw,28,19,112,185,72,83,62,84,27,281,,,,,,,,,gmt,subduction_intraslab
201003070446A,2010-03-07T04:46:00,-33.14,-72.18,29,5.1,mw,7,26,92,185,64,89,71,93,19,276,,,,,,,,,gmt,subduction_intraslab
201003071559A,2010-03-07T15:59:00,-38.22,-73.78,25,5.9,mw,348,12,84,174,78,91,57,86,33,263,,,,,,,,,gmt,subduction_intraslab
201003071836A,2010-03-07T18:36:00,-34.65,-72.22,47,5.3,mw,24,27,114,177,65,78,67,66,20,276,,,,,,,,,gmt,subduction_intraslab
201003072200A,2010-03-07T22:00:00,-34.01,-72.18,34,5.2,mw,26,42,113,176,52,71,74,28,5,280,,,,,,,,,gmt,subduction_intraslab
201003072346A,2010-03-07T23:46:00,-36.17,-73.36,29,5.1,mw,26,21,-119,237,72,-80,26,318,62,163,,,,,,,,,gmt,subduction_intraslab
201003081750A,2010-03-08T17:50:00,-32.88,-72.04,17,5.3,mw,360,28,108,159,63,81,70,50,18,257,,,,,,,,,gmt,subduction_intraslab
201003081808A,2010-03-08T18:08:00,-32.78,-72.11,16,5.3,mw,353,26,89,175,64,91,71,85,19,264,,,,,,,,,gmt,subduction_intraslab
201003092210A,2010-03-09T22:10:00,-33.88,-72.83,20,5.1,mw,358,22,76,193,69,96,66,113,23,279,,,,,,,,,gmt,subduction_intraslab
201003100241A,2010-03-10T02:41:00,-37.07,-73.13,48,5.2,mw,19,32,107,178,60,80,73,63,14,277,,,,,,,,,gmt,subduction_intraslab
201003100401A,2010-03-10T04:01:00,-37.32,-74.12,15,5.1,mw,15,12,109,176,78,86,56,81,34,269,,,,,,,,,gmt,subduction_intraslab
201003112011A,2010-03-11T20:11:00,-34.62,-72.08,19,5.6,mw,3,44,-61,146,52,-115,5,253,70,355,,,,,,,,,gmt,subduction_intraslab
201003112234A,2010-03-11T22:34:00,-37.85,-74.11,22,5.3,mw,351,20,82,180,70,93,65,94,25,267,,,,,,,,,gmt,subduction_intraslab
201003121650A,2010-03-12T16:50:00,-34.41,-72.18,12,5.7,mw,342,40,-87,158,50,-92,5,250,85,49,,,,,,,,,gmt,subduction_intraslab
201003130315A,2010-03-13T03:15:00,-36.69,-74.02,31,5.3,mw,2,23,88,183,67,91,68,96,22,274,,,,,,,,,gmt,subduction_intraslab
201003130319A,2010-03-13T03:19:00,-36.77,-73.77,24,5.4,mw,10,19,102,177,72,86,63,81,26,271,,,,,,,,,gmt,subduction_intraslab
201003130712A,2010-03-13T07:12:00,-34.65,-71.97,19,5.1,mw,345,45,-81,152,46,-99,0,249,84,342,,,,,,,,,gmt,subduction_intraslab
201003131034A,2010-03-13T10:34:00,-37.78,-73.95,20,5.8,mw,7,19,102,175,71,86,63,78,26,268,,,,,,,,,gmt,subduction_intraslab
201003131522A,2010-03-13T15:22:00,-34.57,-72.07,16,5.2,mw,10,29,-75,172,62,-99,17,269,72,64,,,,,,,,,gmt,subduction_intraslab
201003132020A,2010-03-13T20:20:00,-37.11,-74.29,15,5.3,mw,346,12,79,177,79,92,57,90,33,265,,,,,,,,,gmt,subduction_intraslab
201003140731A,2010-03-14T07:31:00,-34.42,-72.1,16,5.2,mw,341,34,-116,191,59,-73,13,270,70,138,,,,,,,,,gmt,subduction_intraslab
201003141352A,2010-03-14T13:52:00,-38.71,-73.85,19,5.5,mw,281,25,-26,35,79,-113,31,143,51,279,,,,,,,,,gmt,subduction_intraslab
201003142004A,2010-03-14T20:04:00,-38.68,-73.85,13,5.4,mw,228,23,-60,15,71,-102,24,115,63,267,,,,,,,,,gmt,subduction_intraslab
201003151108A,2010-03-15T11:08:00,-35.96,-73.85,12,6.2,mw,21,15,103,187,76,87,59,93,30,280,,,,,,,,,gmt,subduction_intraslab
201003160304A,2010-03-16T03:04:00,-36.68,-73.76,17,5.9,mw,19,14,112,177,77,85,58,79,32,271,,,,,,,,,gmt,subduction_intraslab
201003171829A,2010-03-17T18:29:00,-35.47,-73.56,20,5.1,mw,27,24,106,190,67,83,67,87,22,285,,,,,,,,,gmt,subduction_intraslab
201003180157A,2010-03-18T01:57:00,-36.65,-72.98,25,5.2,mw,340,8,63,188,83,94,52,101,38,274,,,,,,,,,gmt,subduction_intraslab
201003180318A,2010-03-18T03:18:00,-34.49,-72.42,31,5.1,mw,35,21,-54,177,73,-103,27,277,60,69,,,,,,,,,gmt,subduction_intraslab
201003190255A,2010-03-19T02:55:00,-33.63,-72.65,17,5.2,mw,13,18,99,184,72,87,63,89,27,276,,,,,,,,,gmt,subduction_intraslab
201003190854A,2010-03-19T08:54:00,-35.67,-73.33,15,5.5,mw,27,10,118,178,81,85,54,83,36,273,,,,,,,,,gmt,subduction_intraslab
201003191420A,2010-03-19T14:20:00,-33.37,-72.59,15,5.2,mw,20,16,110,178,75,84,60,81,30,274,,,,,,,,,gmt,subduction_intraslab
201003211831A,2010-03-21T18:31:00,-36.56,-73.57,21,5.5,mw,11,25,113,166,67,79,66,57,21,264,,,,,,,,,gmt,subduction_intraslab
201003240005A,2010-03-24T00:05:00,-37.28,-74.18,16,5.1,mw,12,14,106,176,77,86,58,80,31,269,,,,,,,,,gmt,subduction_intraslab
201003251110A,2010-03-25T11:10:00,-35.85,-73.69,15,5.3,mw,21,14,103,187,76,87,59,93,31,280,,,,,,,,,gmt,subduction_intraslab
201003281436A,2010-03-28T14:36:00,-36.16,-73.92,12,5.2,mw,6,16,92,183,74,89,61,93,29,274,,,,,,,,,gmt,subduction_intraslab
201003282138A,2010-03-28T21:38:00,-35.56,-73.44,12,6.0,mw,28,16,112,185,75,84,59,87,30,280,,,,,,,,,gmt,subduction_intraslab
201003282143A,2010-03-28T21:43:00,-35.45,-73.44,17,5.6,mw,7,16,86,191,74,91,61,103,29,280,,,,,,,,,gmt,subduction_intraslab
201003290735A,2010-03-29T07:35:00,-34.92,-72.01,53,5.3,mw,36,29,127,175,67,71,63,56,20,279,,,,,,,,,gmt,subduction_intraslab
201004011253A,2010-04-01T12:53:00,-34.87,-72.22,12,5.1,mw,195,58,-142,82,59,-39,0,139,48,49,,,,,,,,,gmt,subduction_intraslab
201004011943A,2010-04-01T19:43:00,-34.28,-72.25,24,5.1,mw,352,16,89,173,74,90,61,83,29,263,,,,,,,,,gmt,subduction_intraslab
201004022258A,2010-04-02T22:58:00,-36.33,-73.2,30,6.0,mw,17,15,101,186,75,87,60,92,30,278,,,,,,,,,gmt,subduction_intraslab
201004162241A,2010-04-16T22:41:00,-37.69,-74.25,12,5.6,mw,360,15,90,180,75,90,60,90,30,270,,,,,,,,,gmt,subduction_intraslab
201004162315A,2010-04-16T23:15:00,-37.62,-74.24,12,5.7,mw,31,15,115,185,77,84,58,87,31,281,,,,,,,,,gmt,subduction_intraslab
201004180149A,2010-04-18T01:49:00,-37.41,-74.19,15,5.6,mw,4,19,93,180,71,89,64,89,26,272,,,,,,,,,gmt,subduction_intraslab
201004180252A,2010-04-18T02:52:00,-37.28,-74.22,22,5.1,mw,348,33,74,187,59,100,74,125,13,270,,,,,,,,,gmt,subduction_intraslab
201004190732A,2010-04-19T07:32:00,-37.69,-74.24,19,5.2,mw,353,20,93,170,70,89,65,78,25,261,,,,,,,,,gmt,subduction_intraslab
201004231003A,2010-04-23T10:03:00,-37.69,-73.32,29,6.0,mw,7,14,141,135,81,79,53,32,35,235,,,,,,,,,gmt,subduction_intraslab
201004290756A,2010-04-29T07:56:00,-36.97,-74.28,19,5.1,mw,4,27,92,182,63,89,72,89,18,273,,,,,,,,,gmt,subduction_intraslab
201005021452A,2010-05-02T14:52:00,-34.48,-72.22,15,5.9,mw,26,25,-36,149,76,-110,28,256,55,34,,,,,,,,,gmt,subduction_intraslab
201005031839A,2010-05-03T18:39:00,-37.36,-74.33,12,5.4,mw,6,16,92,183,74,89,61,93,29,274,,,,,,,,,gmt,subduction_intraslab
201005032309A,2010-05-03T23:09:00,-38.31,-74.08,15,6.2,mw,357,14,89,178,76,90,59,88,31,268,,,,,,,,,gmt,subduction_intraslab
201005041355A,2010-05-04T13:55:00,-34.17,-72.48,23,5.2,mw,25,26,107,187,66,82,69,80,20,282,,,,,,,,,gmt,subduction_intraslab
201005051524A,2010-05-05T15:24:00,-35.67,-73.32,16,5.4,mw,19,14,106,182,76,86,58,87,31,276,,,,,,,,,gmt,subduction_intraslab
201005090329A,2010-05-09T03:29:00,-34.13,-72.45,23,5.0,mw,14,22,112,170,70,81,64,66,24,267,,,,,,,,,gmt,subduction_intraslab
201005132039A,2010-05-13T20:39:00,-34.26,-72.51,30,5.2,mw,11,27,117,161,67,77,66,48,20,261,,,,,,,,,gmt,subduction_intraslab
201005211852A,2010-05-21T18:52:00,-34.75,-72.09,12,5.3,mw,25,38,-91,206,52,-90,7,296,83,121,,,,,,,,,gmt,subduction_intraslab
201005242357A,2010-05-24T23:57:00,-36.4,-73.71,21,5.2,mw,19,19,111,177,73,83,62,76,27,272,,,,,,,,,gmt,subduction_intraslab
201005251309A,2010-05-25T13:09:00,-37.83,-73.49,48,5.3,mw,348,26,99,158,64,86,70,59,19,251,,,,,,,,,gmt,subduction_intraslab
201006011605A,2010-06-01T16:05:00,-36.93,-73.85,22,5.1,mw,355,21,81,184,70,93,66,101,24,272,,,,,,,,,gmt,subduction_intraslab
201006241324A,2010-06-24T13:24:00,-37.07,-74.16,20,5.0,mw,12,24,102,178,66,85,68,79,21,273,,,,,,,,,gmt,subduction_intraslab
201006270715A,2010-06-27T07:15:00,-37.0,-74.3,15,5.0,mw,6,22,92,184,68,89,67,92,23,274,,,,,,,,,gmt,subduction_intraslab
201006290140A,2010-06-29T01:40:00,-37.91,-73.72,19,5.5,mw,330,27,126,110,69,73,63,354,22,213,,,,,,,,,gmt,subduction_intraslab
201007030005A,2010-07-03T00:05:00,-34.63,-72.06,56,5.1,mw,43,39,124,183,58,66,67,45,10,289,,,,,,,,,gmt,subduction_intraslab
201007141505A,2010-07-14T15:05:00,-38.39,-73.8,23,5.8,mw,353,14,88,175,76,91,59,86,31,265,,,,,,,,,gmt,subduction_intraslab
201007150036A,2010-07-15T00:36:00,-34.27,-72.35,23,5.4,mw,18,24,121,164,70,77,63,54,24,265,,,,,,,,,gmt,subduction_intraslab
201008050601A,2010-08-05T06:01:00,-37.7,-73.69,18,5.9,mw,6,13,97,179,78,88,58,87,32,270,,,,,,,,,gmt,subduction_intraslab
201008050627A,2010-08-05T06:27:00,-37.57,-73.76,30,5.4,mw,355,30,86,180,60,92,75,96,15,268,,,,,,,,,gmt,subduction_intraslab
201009060320A,2010-09-06T03:20:00,-37.79,-73.56,27,5.0,mw,19,28,114,173,65,78,68,59,19,271,,,,,,,,,gmt,subduction_intraslab
201009090728A,2010-09-09T07:28:00,-37.27,-74.16,12,6.2,mw,11,14,99,182,76,88,59,89,31,274,,,,,,,,,gmt,subduction_intraslab
201009131644A,2010-09-13T16:44:00,-31.82,-70.46,126,5.1,mw,260,68,15,165,76,158,26,121,5,213,,,,,,,,,gmt,subduction_intraslab
201009140323A,2010-09-14T03:23:00,-37.32,-74.27,13,5.2,mw,359,19,83,186,71,92,64,100,26,275,,,,,,,,,gmt,subduction_intraslab
201009140337A,2010-09-14T03:37:00,-37.32,-74.35,16,5.1,mw,352,19,76,187,72,95,63,104,26,273,,,,,,,,,gmt,subduction_intraslab
201009170652A,2010-09-17T06:52:00,-37.65,-74.17,16,5.1,mw,341,16,71,181,75,95,60,98,30,266,,,,,,,,,gmt,subduction_intraslab
201009200542A,2010-09-20T05:42:00,-33.84,-72.36,22,5.1,mw,348,22,78,182,69,95,66,99,23,267,,,,,,,,,gmt,subduction_intraslab
201009231636A,2010-09-23T16:36:00,-35.05,-72.13,53,5.4,mw,19,30,113,173,63,78,70,56,17,272,,,,,,,,,gmt,subduction_intraslab
201009260529A,2010-09-26T05:29:00,-40.58,-73.14,74,5.0,mw,126,43,103,289,48,78,81,134,3,27,,,,,,,,,gmt,subduction_intraslab
201009291629A,2010-09-29T16:29:00,-34.49,-71.75,57,5.0,mw,62,42,134,190,61,58,60,51,11,302,,,,,,,,,gmt,subduction_intraslab
201009300026A,2010-09-30T00:26:00,-36.51,-74.07,12,5.6,mw,9,17,98,180,73,87,62,87,28,273,,,,,,,,,gmt,subduction_intraslab
201010230558A,2010-10-23T05:58:00,-37.91,-73.88,21,5.5,mw,31,16,123,177,76,81,57,75,31,274,,,,,,,,,gmt,subduction_intraslab
201010231057A,2010-10-23T10:57:00,-36.77,-73.87,29,5.1,mw,31,29,110,188,63,79,70,76,17,286,,,,,,,,,gmt,subduction_intraslab
201010310710A,2010-10-31T07:10:00,-33.82,-72.39,21,5.3,mw,4,20,94,180,70,89,65,87,25,271,,,,,,,,,gmt,subduction_intraslab
201011100123A,2010-11-10T01:23:00,-36.52,-73.55,29,5.0,mw,359,33,88,181,57,91,78,96,12,270,,,,,,,,,gmt,subduction_intraslab
201011280819A,2010-11-28T08:19:00,-34.58,-72.29,33,5.2,mw,40,24,-70,198,68,-99,22,295,66,93,,,,,,,,,gmt,subduction_intraslab
201101070942A,2011-01-07T09:42:00,-35.87,-73.66,12,5.4,mw,22,21,107,184,70,83,64,83,25,279,,,,,,,,,gmt,subduction_intraslab
201101071405A,2011-01-07T14:05:00,-35.72,-73.73,35,5.1,mw,26,37,90,206,53,90,82,116,8,296,,,,,,,,,gmt,subduction_intraslab
201101100602A,2011-01-10T06:02:00,-35.77,-73.59,12,5.9,mw,22,14,105,187,76,86,58,92,31,280,,,,,,,,,gmt,subduction_intraslab
201101110105A,2011-01-11T01:05:00,-35.7,-73.79,18,5.0,mw,29,23,95,204,67,88,68,110,22,295,,,,,,,,,gmt,subduction_intraslab
201101110533A,2011-01-11T05:33:00,-35.33,-72.08,12,5.1,mw,138,15,60,349,77,98,57,269,32,73,,,,,,,,,gmt,subduction_intraslab
201101172329A,2011-01-17T23:29:00,-30.51,-71.62,90,5.0,mw,223,19,-34,345,79,-106,33,89,53,237,,,,,,,,,gmt,subduction_intraslab
201101211536A,2011-01-21T15:36:00,-34.03,-72.48,28,5.0,mw,347,25,69,190,66,99,67,117,21,273,,,,,,,,,gmt,subduction_intraslab
201102051611A,2011-02-05T16:11:00,-37.81,-73.84,21,5.7,mw,9,17,98,180,73,88,62,87,28,273,,,,,,,,,gmt,subduction_intraslab
201102112339A,2011-02-11T23:39:00,-37.45,-74.11,16,6.0,mw,11,16,98,183,74,88,61,89,29,275,,,,,,,,,gmt,subduction_intraslab
201102120117A,2011-02-12T01:17:00,-37.35,-74.0,14,6.0,mw,12,15,98,183,75,88,60,91,30,275,,,,,,,,,gmt,subduction_intraslab
201102130851A,2011-02-13T08:51:00,-36.78,-73.61,16,5.9,mw,13,11,101,182,79,88,56,89,34,274,,,,,,,,,gmt,subduction_intraslab
201102131035A,2011-02-13T10:35:00,-36.83,-73.74,14,5.9,mw,12,18,97,184,72,88,63,91,27,276,,,,,,,,,gmt,subduction_intraslab
201102131344A,2011-02-13T13:44:00,-36.75,-73.74,18,5.6,mw,9,15,95,184,75,89,60,92,30,275,,,,,,,,,gmt,subduction_intraslab
201102141021A,2011-02-14T10:21:00,-35.6,-73.41,15,5.2,mw,13,18,107,175,73,85,62,77,28,270,,,,,,,,,gmt,subduction_intraslab
201102181701A,2011-02-18T17:01:00,-33.99,-72.37,27,5.2,mw,14,20,105,178,71,85,64,79,26,272,,,,,,,,,gmt,subduction_intraslab
201102190626A,2011-02-19T06:26:00,-34.05,-72.33,21,5.2,mw,360,21,94,176,69,89,66,83,24,267,,,,,,,,,gmt,subduction_intraslab
201102240436A,2011-02-24T04:36:00,-36.29,-73.82,20,5.1,mw,24,27,139,152,73,69,57,34,25,258,,,,,,,,,gmt,subduction_intraslab
201102280129A,2011-02-28T01:29:00,-37.46,-73.69,25,5.8,mw,6,16,97,179,74,88,61,86,29,270,,,,,,,,,gmt,subduction_intraslab
201103030758A,2011-03-03T07:58:00,-37.45,-73.83,23,5.2,mw,1,22,97,173,68,87,67,78,23,266,,,,,,,,,gmt,subduction_intraslab
201103162236A,2011-03-16T22:36:00,-32.57,-71.89,37,5.5,mw,15,28,105,179,63,83,71,71,18,274,,,,,,,,,gmt,subduction_intraslab
201103171114A,2011-03-17T11:14:00,-32.67,-72.0,35,5.2,mw,6,28,101,174,62,84,72,70,17,268,,,,,,,,,gmt,subduction_intraslab
201103280610A,2011-03-28T06:10:00,-34.91,-72.08,51,5.2,mw,29,32,119,176,62,73,68,53,16,278,,,,,,,,,gmt,subduction_intraslab
201103282357A,2011-03-28T23:57:00,-33.69,-72.36,33,5.0,mw,2,33,96,175,57,86,77,72,12,268,,,,,,,,,gmt,subduction_intraslab
201104102024A,2011-04-10T20:24:00,-36.17,-73.96,18,5.2,mw,357,15,83,184,75,92,60,97,30,273,,,,,,,,,gmt,subduction_intraslab
201104131514A,2011-04-13T15:14:00,-33.78,-72.27,31,5.4,mw,9,23,100,178,67,86,67,80,22,271,,,,,,,,,gmt,subduction_intraslab
201104190057A,2011-04-19T00:57:00,-33.3,-72.48,21,5.1,mw,355,29,76,191,62,97,72,119,17,275,,,,,,,,,gmt,subduction_intraslab
201104190550A,2011-04-19T05:50:00,-33.97,-72.65,21,5.1,mw,23,24,108,184,67,82,67,79,22,279,,,,,,,,,gmt,subduction_intraslab
201104220512A,2011-04-22T05:12:00,-38.1,-74.31,14,5.3,mw,359,19,88,182,71,91,64,92,26,271,,,,,,,,,gmt,subduction_intraslab
201104270457A,2011-04-27T04:57:00,-34.01,-72.66,20,5.1,mw,17,21,103,183,70,85,65,85,24,277,,,,,,,,,gmt,subduction_intraslab
201105070657A,2011-05-07T06:57:00,-33.98,-72.82,29,5.0,mw,17,25,93,194,65,89,70,101,20,285,,,,,,,,,gmt,subduction_intraslab
201105191705A,2011-05-19T17:05:00,-34.63,-71.95,53,5.2,mw,19,32,118,167,62,74,69,44,16,269,,,,,,,,,gmt,subduction_intraslab
201106011255A,2011-06-01T12:55:00,-37.74,-74.41,12,6.3,mw,1,17,88,183,73,91,62,94,28,273,,,,,,,,,gmt,subduction_intraslab
201106011347A,2011-06-01T13:47:00,-37.37,-74.3,27,5.4,mw,9,23,77,202,68,95,67,123,22,289,,,,,,,,,gmt,subduction_intraslab
201106051025A,2011-06-05T10:25:00,-35.01,-72.11,50,5.3,mw,24,31,118,172,63,74,68,51,17,274,,,,,,,,,gmt,subduction_intraslab
201106290536A,2011-06-29T05:36:00,-33.98,-72.54,19,5.5,mw,13,18,100,183,72,87,63,88,27,275,,,,,,,,,gmt,subduction_intraslab
201107130201A,2011-07-13T02:01:00,-36.33,-73.88,21,5.0,mw,6,23,93,182,67,89,68,90,22,274,,,,,,,,,gmt,subduction_intraslab
201107160026A,2011-07-16T00:26:00,-33.96,-72.19,24,5.9,mw,14,21,108,174,70,83,64,74,25,270,,,,,,,,,gmt,subduction_intraslab
201107251115A,2011-07-25T11:15:00,-37.9,-74.03,20,5.4,mw,3,15,95,178,75,89,60,86,30,269,,,,,,,,,gmt,subduction_intraslab
201107281605A,2011-07-28T16:05:00,-35.91,-73.57,13,5.2,mw,24,19,103,191,71,86,63,93,26,284,,,,,,,,,gmt,subduction_intraslab
201107281950A,2011-07-28T19:50:00,-35.86,-73.53,13,5.6,mw,344,17,61,194,75,98,59,116,30,277,,,,,,,,,gmt,subduction_intraslab
201108061322A,2011-08-06T13:22:00,-36.06,-73.46,15,5.5,mw,49,9,131,188,83,84,51,91,38,283,,,,,,,,,gmt,subduction_intraslab
201108280430A,2011-08-28T04:30:00,-33.2,-72.38,20,5.3,mw,7,23,90,187,67,90,68,97,22,277,,,,,,,,,gmt,subduction_intraslab
201109031620A,2011-09-03T16:20:00,-38.27,-74.17,18,5.8,mw,4,16,93,181,74,89,61,90,29,272,,,,,,,,,gmt,subduction_intraslab
201109071121A,2011-09-07T11:21:00,-33.43,-72.55,19,5.2,mw,338,24,78,171,66,95,68,91,21,257,,,,,,,,,gmt,subduction_intraslab
201109100317A,2011-09-10T03:17:00,-34.1,-72.47,29,5.0,mw,27,25,112,184,67,80,67,75,21,280,,,,,,,,,gmt,subduction_intraslab
201109140703A,2011-09-14T07:03:00,-32.8,-71.88,26,5.9,mw,359,16,84,185,74,92,61,98,29,274,,,,,,,,,gmt,subduction_intraslab
201109282240A,2011-09-28T22:40:00,-38.05,-74.45,12,5.5,mw,6,15,82,194,75,92,60,107,30,283,,,,,,,,,gmt,subduction_intraslab
201109291540A,2011-09-29T15:40:00,-38.06,-74.56,12,5.2,mw,3,22,87,187,68,91,67,98,23,275,,,,,,,,,gmt,subduction_intraslab
201111081718A,2011-11-08T17:18:00,-34.16,-72.45,29,5.3,mw,6,22,108,166,69,83,65,65,24,262,,,,,,,,,gmt,subduction_intraslab
201111110808A,2011-11-11T08:08:00,-38.24,-73.31,41,5.2,mw,346,20,76,181,71,95,64,99,25,267,,,,,,,,,gmt,subduction_intraslab
201111220741A,2011-11-22T07:41:00,-34.8,-71.98,53,5.1,mw,43,31,129,179,66,69,63,57,19,285,,,,,,,,,gmt,subduction_intraslab
201201092130A,2012-01-09T21:30:00,-32.7,-71.93,35,5.2,mw,11,23,100,180,68,86,67,82,22,273,,,,,,,,,gmt,subduction_intraslab
201201172321A,2012-01-17T23:21:00,-31.76,-71.95,34,5.7,mw,355,29,87,178,61,91,74,93,16,267,,,,,,,,,gmt,subduction_intraslab
201201172323A,2012-01-17T23:23:00,-31.86,-71.96,39,5.6,mw,7,40,91,185,50,89,85,89,5,276,,,,,,,,,gmt,subduction_intraslab
201201181135A,2012-01-18T11:35:00,-31.81,-68.24,14,5.0,mw,215,42,130,346,59,60,63,206,9,98,,,,,,,,,gmt,subduction_intraslab
201201231604A,2012-01-23T16:04:00,-36.5,-73.42,22,6.1,mw,13,19,101,182,71,86,63,85,26,274,,,,,,,,,gmt,subduction_intraslab
201202110258A,2012-02-11T02:58:00,-37.54,-73.68,24,5.6,mw,3,22,93,180,68,89,67,88,23,271,,,,,,,,,gmt,subduction_intraslab
201202170801A,2012-02-17T08:01:00,-37.27,-74.29,17,5.1,mw,350,25,66,197,67,101,66,125,22,278,,,,,,,,,gmt,subduction_intraslab
201203031101A,2012-03-03T11:01:00,-30.48,-71.55,66,5.2,mw,179,23,88,1,67,91,68,273,22,91,,,,,,,,,gmt,subduction_intraslab
201203032212A,2012-03-03T22:12:00,-35.77,-73.17,31,5.1,mw,45,30,101,213,61,84,74,106,15,307,,,,,,,,,gmt,subduction_intraslab
201203162331A,2012-03-16T23:31:00,-33.45,-72.27,33,5.1,mw,1,26,95,176,65,88,71,80,19,267,,,,,,,,,gmt,subduction_intraslab
201203240728A,2012-03-24T07:28:00,-33.04,-71.21,91,5.1,mw,68,64,2,337,88,154,19,289,17,26,,,,,,,,,gmt,subduction_intraslab
201204030211A,2012-04-03T02:11:00,-33.86,-72.63,14,5.1,mw,5,22,84,191,68,92,67,106,23,280,,,,,,,,,gmt,subduction_intraslab
201205241918A,2012-05-24T19:18:00,-37.11,-70.84,163,5.4,mw,123,17,-146,360,81,-76,34,78,52,287,,,,,,,,,gmt,subduction_intraslab
201206180829A,2012-06-18T08:29:00,-33.01,-68.6,29,5.0,mw,166,25,82,355,65,94,70,272,20,82,,,,,,,,,gmt,subduction_intraslab
201207040833A,2012-07-04T08:33:00,-38.09,-73.31,45,5.1,mw,344,27,73,183,64,98,70,110,19,267,,,,,,,,,gmt,subduction_intraslab
201208300804A,2012-08-30T08:04:00,-37.34,-74.04,26,5.2,mw,352,17,79,183,73,93,62,98,28,271,,,,,,,,,gmt,subduction_intraslab
201209110635A,2012-09-11T06:35:00,-31.92,-68.39,127,5.0,mw,20,35,-77,184,56,-99,11,281,77,65,,,,,,,,,gmt,subduction_intraslab
201210111722A,2012-10-11T17:22:00,-32.86,-70.57,107,5.6,mw,170,84,-174,80,84,-6,0,125,8,35,,,,,,,,,gmt,subduction_intraslab
201210152104A,2012-10-15T21:04:00,-31.81,-72.29,22,5.1,mw,348,28,77,183,62,97,71,108,18,268,,,,,,,,,gmt,subduction_intraslab
201211191645A,2012-11-19T16:45:00,-33.92,-72.42,21,5.1,mw,351,23,78,184,67,95,67,103,22,270,,,,,,,,,gmt,subduction_intraslab
201211201623A,2012-11-20T16:23:00,-33.99,-72.4,19,5.4,mw,16,20,100,185,71,87,65,89,25,278,,,,,,,,,gmt,subduction_intraslab
201211211816A,2012-11-21T18:16:00,-33.93,-72.4,28,5.2,mw,19,24,118,169,69,79,64,59,23,268,,,,,,,,,gmt,subduction_intraslab
201211212136A,2012-11-21T21:36:00,-34.05,-72.31,21,5.9,mw,6,20,106,169,70,84,64,70,26,264,,,,,,,,,gmt,subduction_intraslab
201211212252A,2012-11-21T22:52:00,-34.04,-72.49,33,5.1,mw,11,32,101,177,58,83,75,69,13,273,,,,,,,,,gmt,subduction_intraslab
201212261317A,2012-12-26T13:17:00,-37.41,-73.78,25,5.4,mw,4,17,92,182,73,89,62,91,28,272,,,,,,,,,gmt,subduction_intraslab
201212270037A,2012-12-27T00:37:00,-35.89,-73.77,12,5.8,mw,14,16,94,190,74,89,61,98,29,281,,,,,,,,,gmt,subduction_intraslab
201301230247A,2013-01-23T02:47:00,-31.82,-71.62,30,5.1,mw,336,25,71,176,66,99,67,103,21,260,,,,,,,,,gmt,subduction_intraslab
201302101954A,2013-02-10T19:54:00,-33.58,-72.21,31,5.4,mw,6,24,100,176,66,86,68,77,21,268,,,,,,,,,gmt,subduction_intraslab
201302181000A,2013-02-18T10:00:00,-34.05,-72.39,17,5.4,mw,5,18,95,180,72,89,63,87,27,271,,,,,,,,,gmt,subduction_intraslab
201303290730A,2013-03-29T07:30:00,-35.44,-73.28,14,5.4,mw,23,19,111,181,72,83,62,80,27,276,,,,,,,,,gmt,subduction_intraslab
201306192129A,2013-06-19T21:29:00,-32.74,-70.2,115,5.2,mw,190,45,-111,39,48,-70,2,115,75,17,,,,,,,,,gmt,subduction_intraslab
201308301048A,2013-08-30T10:48:00,-34.57,-70.74,112,5.0,mw,338,45,-18,81,77,-133,20,202,41,311,,,,,,,,,gmt,subduction_intraslab
201309292306A,2013-09-29T23:06:00,-37.53,-73.89,20,5.3,mw,4,20,92,182,70,89,65,91,25,272,,,,,,,,,gmt,subduction_intraslab
201309292323A,2013-09-29T23:23:00,-37.57,-73.81,22,5.5,mw,358,20,86,182,70,91,65,95,25,271,,,,,,,,,gmt,subduction_intraslab
201310300229A,2013-10-30T02:29:00,-35.46,-73.36,13,5.9,mw,15,18,91,194,72,90,63,103,27,284,,,,,,,,,gmt,subduction_intraslab
201310300251A,2013-10-30T02:51:00,-35.43,-73.48,12,6.3,mw,19,17,92,196,73,89,62,106,28,287,,,,,,,,,gmt,subduction_intraslab
201310312303A,2013-10-31T23:03:00,-30.46,-71.86,36,6.5,mw,5,28,98,175,62,85,72,76,17,269,,,,,,,,,gmt,subduction_intraslab
201311071701A,2013-11-07T17:01:00,-37.6,-74.25,22,5.2,mw,339,30,69,183,62,102,70,118,16,264,,,,,,,,,gmt,subduction_intraslab
201311100201A,2013-11-10T02:01:00,-33.37,-72.23,29,5.2,mw,18,24,98,189,67,87,69,92,21,282,,,,,,,,,gmt,subduction_intraslab
201311150619A,2013-11-15T06:19:00,-32.72,-67.54,35,5.1,mw,208,41,103,10,50,79,80,227,5,109,,,,,,,,,gmt,subduction_intraslab
201311290521A,2013-11-29T05:21:00,-33.33,-72.44,24,5.0,mw,16,28,91,195,62,90,73,104,17,285,,,,,,,,,gmt,subduction_intraslab
201312070923A,2013-12-07T09:23:00,-33.88,-72.58,20,5.0,mw,14,17,92,192,73,89,62,101,28,282,,,,,,,,,gmt,subduction_intraslab
201312100051A,2013-12-10T00:51:00,-31.39,-69.29,117,5.1,mw,202,45,-117,57,51,-66,3,131,71,32,,,,,,,,,gmt,subduction_intraslab
201401150838A,2014-01-15T08:38:00,-31.27,-68.25,123,5.2,mw,182,74,-173,90,83,-16,6,137,16,45,,,,,,,,,gmt,subduction_intraslab
201402170034A,2014-02-17T00:34:00,-31.65,-72.06,30,5.0,mw,25,30,116,175,63,76,68,57,17,276,,,,,,,,,gmt,subduction_intraslab
201403030317A,2014-03-03T03:17:00,-33.21,-72.11,22,5.2,mw,2,24,96,176,67,87,69,80,21,267,,,,,,,,,gmt,subduction_intraslab
201403041051A,2014-03-04T10:51:00,-33.63,-72.16,23,5.8,mw,15,22,104,180,68,84,66,80,23,274,,,,,,,,,gmt,subduction_intraslab
201403060437A,2014-03-06T04:37:00,-33.31,-71.42,85,5.4,mw,75,61,11,340,81,150,27,294,13,30,,,,,,,,,gmt,subduction_intraslab
201403151446A,2014-03-15T14:46:00,-34.8,-71.86,47,5.2,mw,22,24,115,175,69,79,65,67,23,273,,,,,,,,,gmt,subduction_intraslab
201404040952A,2014-04-04T09:52:00,-31.45,-70.54,116,5.4,mw,167,66,169,262,80,24,24,127,9,32,,,,,,,,,gmt,subduction_intraslab
201404050222A,2014-04-05T02:22:00,-32.74,-71.71,42,5.6,mw,359,28,78,193,63,96,72,117,17,278,,,,,,,,,gmt,subduction_intraslab
201404301800A,2014-04-30T18:00:00,-32.66,-71.93,40,5.2,mw,358,29,88,180,61,91,74,93,16,269,,,,,,,,,gmt,subduction_intraslab
201405210900A,2014-05-21T09:00:00,-30.6,-71.56,50,5.1,mw,351,33,93,168,57,88,78,71,12,259,,,,,,,,,gmt,subduction_intraslab
201405270904A,2014-05-27T09:04:00,-36.02,-74.0,15,5.3,mw,19,13,98,191,77,88,58,98,32,282,,,,,,,,,gmt,subduction_intraslab
201405302206A,2014-05-30T22:06:00,-33.47,-72.42,31,5.0,mw,359,30,84,186,60,93,75,105,15,273,,,,,,,,,gmt,subduction_intraslab
201407130718A,2014-07-13T07:18:00,-30.98,-70.81,106,5.4,mw,290,7,32,168,86,96,48,85,41,253,,,,,,,,,gmt,subduction_intraslab
201407260731A,2014-07-26T07:31:00,-30.54,-72.42,15,5.0,mw,357,28,97,168,62,86,73,70,17,262,,,,,,,,,gmt,subduction_intraslab
201408080410A,2014-08-08T04:10:00,-33.64,-72.27,24,5.2,mw,5,27,87,189,63,92,72,102,18,277,,,,,,,,,gmt,subduction_intraslab
201408232232A,2014-08-23T22:32:00,-32.76,-71.74,42,6.4,mw,5,26,92,183,64,89,71,91,19,274,,,,,,,,,gmt,subduction_intraslab
201409280846A,2014-09-28T08:46:00,-35.63,-73.38,20,5.3,mw,21,19,106,185,72,85,63,86,27,278,,,,,,,,,gmt,subduction_intraslab
201410232338A,2014-10-23T23:38:00,-34.02,-72.39,17,5.2,mw,3,13,97,176,77,88,58,84,32,267,,,,,,,,,gmt,subduction_intraslab
201410251705A,2014-10-25T17:05:00,-33.89,-72.58,30,5.0,mw,29,27,112,184,65,79,68,74,19,283,,,,,,,,,gmt,subduction_intraslab
201501180359A,2015-01-18T03:59:00,-33.13,-71.9,25,5.2,mw,18,17,128,158,77,80,57,55,31,258,,,,,,,,,gmt,subduction_intraslab
201501270527A,2015-01-27T05:27:00,-36.84,-73.83,29,5.0,mw,10,21,90,190,69,90,66,100,24,280,,,,,,,,,gmt,subduction_intraslab
201502021049A,2015-02-02T10:49:00,-32.77,-67.14,177,6.3,mw,304,4,-13,47,89,-94,44,141,46,313,,,,,,,,,gmt,subduction_intraslab
201502171435A,2015-02-17T14:35:00,-32.33,-70.86,102,5.4,mw,339,80,170,70,80,10,14,295,0,205,,,,,,,,,gmt,subduction_intraslab
201503050208A,2015-03-05T02:08:00,-34.17,-72.74,25,5.0,mw,83,31,175,177,88,60,40,59,35,294,,,,,,,,,gmt,subduction_intraslab
201503181827A,2015-03-18T18:27:00,-36.16,-73.9,12,6.1,mw,9,17,87,192,73,91,62,104,28,281,,,,,,,,,gmt,subduction_intraslab
201503181907A,2015-03-18T19:07:00,-36.09,-74.06,15,5.4,mw,2,22,82,190,68,93,67,106,23,278,,,,,,,,,gmt,subduction_intraslab
201503190834A,2015-03-19T08:34:00,-36.17,-74.01,14,5.0,mw,359,25,83,187,65,93,70,103,20,274,,,,,,,,,gmt,subduction_intraslab
201506021032A,2015-06-02T10:32:00,-33.84,-72.6,22,5.1,mw,27,26,107,188,66,82,69,82,20,284,,,,,,,,,gmt,subduction_intraslab
201506200210A,2015-06-20T02:10:00,-36.35,-74.1,12,6.4,mw,9,18,84,196,72,92,63,108,27,284,,,,,,,,,gmt,subduction_intraslab
201506200522A,2015-06-20T05:22:00,-36.47,-74.1,12,5.4,mw,11,18,93,188,72,89,63,96,27,279,,,,,,,,,gmt,subduction_intraslab
201507171111A,2015-07-17T11:11:00,-35.57,-73.42,22,5.3,mw,24,19,109,184,72,83,62,84,27,279,,,,,,,,,gmt,subduction_intraslab
201508120014A,2015-08-12T00:14:00,-31.84,-71.79,38,5.5,mw,345,27,83,172,63,93,72,91,18,260,,,,,,,,,gmt,subduction_intraslab
201509162254A,2015-09-16T22:54:00,-31.13,-72.09,17,6.7,mw,7,19,109,166,72,83,62,67,27,262,,,,,,,,,gmt,subduction_intraslab
201509171214A,2015-09-17T12:14:00,-32.27,-72.41,22,5.9,mw,351,26,90,172,64,90,71,81,19,261,,,,,,,,,gmt,subduction_intraslab
201509171332A,2015-09-17T13:32:00,-32.23,-72.28,17,5.9,mw,357,22,87,181,68,91,67,92,23,269,,,,,,,,,gmt,subduction_intraslab
201509172040A,2015-09-17T20:40:00,-30.08,-72.02,31,5.3,mw,357,30,103,162,61,82,73,54,16,257,,,,,,,,,gmt,subduction_intraslab
201509172208A,2015-09-17T22:08:00,-30.37,-72.27,21,5.1,mw,358,28,86,183,63,92,73,98,17,271,,,,,,,,,gmt,subduction_intraslab
201509172239A,2015-09-17T22:39:00,-31.12,-71.96,39,5.1,mw,237,23,-52,17,72,-105,26,118,60,266,,,,,,,,,gmt,subduction_intraslab
201509180315A,2015-09-18T03:15:00,-31.44,-71.76,41,5.0,mw,3,37,100,171,53,83,80,50,8,266,,,,,,,,,gmt,subduction_intraslab
201509180332A,2015-09-18T03:32:00,-31.85,-72.28,28,5.1,mw,356,22,92,174,68,89,67,82,23,264,,,,,,,,,gmt,subduction_intraslab
201509180429A,2015-09-18T04:29:00,-31.59,-71.99,35,5.1,mw,5,41,90,185,49,90,86,95,4,275,,,,,,,,,gmt,subduction_intraslab
201509180910A,2015-09-18T09:10:00,-32.31,-72.3,13,6.1,mw,347,24,81,177,67,94,68,95,21,264,,,,,,,,,gmt,subduction_intraslab
201509182212A,2015-09-18T22:12:00,-30.45,-72.29,18,5.1,mw,356,24,89,177,66,90,69,88,21,267,,,,,,,,,gmt,subduction_intraslab
201509190831A,2015-09-19T08:31:00,-30.26,-72.3,14,5.4,mw,0,24,91,180,66,90,69,88,21,269,,,,,,,,,gmt,subduction_intraslab
201509190907A,2015-09-19T09:07:00,-31.2,-71.86,37,5.8,mw,353,29,92,171,61,89,74,78,16,262,,,,,,,,,gmt,subduction_intraslab
201509191252A,2015-09-19T12:52:00,-32.34,-72.05,20,6.2,mw,6,23,98,178,67,87,68,81,22,270,,,,,,,,,gmt,subduction_intraslab
201509191308A,2015-09-19T13:08:00,-30.71,-72.18,23,5.6,mw,359,26,100,168,65,85,70,68,19,262,,,,,,,,,gmt,subduction_intraslab
201509191813A,2015-09-19T18:13:00,-31.41,-72.14,38,5.0,mw,6,31,97,179,59,86,75,76,14,271,,,,,,,,,gmt,subduction_intraslab
201509200302A,2015-09-20T03:02:00,-31.02,-71.47,50,5.1,mw,340,33,75,178,58,100,75,114,13,261,,,,,,,,,gmt,subduction_intraslab
201509200607A,2015-09-20T06:07:00,-31.79,-72.18,23,5.2,mw,350,27,83,178,63,94,72,96,18,265,,,,,,,,,gmt,subduction_intraslab
201509200902A,2015-09-20T09:02:00,-30.36,-72.3,17,5.1,mw,7,22,77,201,69,95,66,120,23,287,,,,,,,,,gmt,subduction_intraslab
201509210539A,2015-09-21T05:39:00,-31.66,-71.84,38,6.1,mw,2,28,101,170,63,84,72,66,17,264,,,,,,,,,gmt,subduction_intraslab
201509211537A,2015-09-21T15:37:00,-31.17,-71.95,31,5.5,mw,353,24,90,172,66,90,69,83,21,263,,,,,,,,,gmt,subduction_intraslab
201509211836A,2015-09-21T18:36:00,-31.14,-72.02,39,5.8,mw,347,32,87,171,58,92,77,86,13,259,,,,,,,,,gmt,subduction_intraslab
201509211956A,2015-09-21T19:56:00,-31.94,-71.87,42,5.7,mw,345,30,93,162,60,88,75,67,15,253,,,,,,,,,gmt,subduction_intraslab
201509220712A,2015-09-22T07:12:00,-31.58,-71.39,64,6.1,mw,0,28,103,165,63,83,71,60,18,260,,,,,,,,,gmt,subduction_intraslab
201509231132A,2015-09-23T11:32:00,-31.67,-72.03,29,5.1,mw,356,27,84,182,64,93,72,100,18,270,,,,,,,,,gmt,subduction_intraslab
201509252030A,2015-09-25T20:30:00,-30.58,-72.27,28,5.0,mw,344,30,75,181,62,98,73,112,16,265,,,,,,,,,gmt,subduction_intraslab
201509260251A,2015-09-26T02:51:00,-30.88,-71.62,52,6.3,mw,357,33,94,172,57,88,78,74,12,264,,,,,,,,,gmt,subduction_intraslab
201509272104A,2015-09-27T21:04:00,-31.79,-71.73,38,5.1,mw,336,31,80,167,60,96,75,94,14,253,,,,,,,,,gmt,subduction_intraslab
201510021622A,2015-10-02T16:22:00,-30.77,-71.82,36,5.0,mw,349,26,109,148,66,81,68,41,20,245,,,,,,,,,gmt,subduction_intraslab
201510030603A,2015-10-03T06:03:00,-37.57,-73.71,22,5.7,mw,4,19,93,181,72,89,64,89,26,272,,,,,,,,,gmt,subduction_intraslab
201510030626A,2015-10-03T06:26:00,-30.33,-71.75,42,5.9,mw,13,35,108,171,57,77,75,47,11,270,,,,,,,,,gmt,subduction_intraslab
201510040349A,2015-10-04T03:49:00,-30.41,-72.26,12,5.4,mw,358,26,94,173,64,88,71,79,19,265,,,,,,,,,gmt,subduction_intraslab
201510041011A,2015-10-04T10:11:00,-30.68,-71.88,31,5.1,mw,5,30,103,169,61,83,73,62,16,265,,,,,,,,,gmt,subduction_intraslab
201510051633A,2015-10-05T16:33:00,-30.36,-71.78,43,5.9,mw,8,34,101,175,57,83,77,61,11,270,,,,,,,,,gmt,subduction_intraslab
201510091827A,2015-10-09T18:27:00,-31.81,-71.82,36,5.4,mw,342,25,75,179,66,97,68,102,21,263,,,,,,,,,gmt,subduction_intraslab
201510120315A,2015-10-12T03:15:00,-31.28,-71.96,32,5.6,mw,355,28,97,167,62,86,73,68,17,260,,,,,,,,,gmt,subduction_intraslab
201510151923A,2015-10-15T19:23:00,-30.4,-71.67,36,5.0,mw,29,33,114,180,60,75,71,58,14,282,,,,,,,,,gmt,subduction_intraslab
201510201006A,2015-10-20T10:06:00,-30.79,-71.51,43,5.2,mw,179,40,107,337,52,76,78,196,6,77,,,,,,,,,gmt,subduction_intraslab
201510242124A,2015-10-24T21:24:00,-31.5,-71.64,51,5.0,mw,341,33,79,174,57,97,76,105,12,259,,,,,,,,,gmt,subduction_intraslab
201511060844A,2015-11-06T08:44:00,-30.26,-72.28,12,5.3,mw,6,25,97,178,65,87,70,82,20,271,,,,,,,,,gmt,subduction_intraslab
201511071053A,2015-11-07T10:53:00,-30.88,-71.71,45,5.8,mw,349,31,86,174,59,92,76,91,14,262,,,,,,,,,gmt,subduction_intraslab
201511212305A,2015-11-21T23:05:00,-30.66,-71.98,33,5.8,mw,5,28,102,171,63,84,72,67,17,266,,,,,,,,,gmt,subduction_intraslab
201511240914A,2015-11-24T09:14:00,-31.85,-72.2,25,5.0,mw,359,27,90,179,63,90,72,89,18,269,,,,,,,,,gmt,subduction_intraslab
201511280544A,2015-11-28T05:44:00,-30.39,-72.26,12,5.6,mw,0,22,95,175,68,88,67,81,23,266,,,,,,,,,gmt,subduction_intraslab
201512081256A,2015-12-08T12:56:00,-30.92,-71.89,35,5.6,mw,354,24,91,173,66,89,69,82,21,263,,,,,,,,,gmt,subduction_intraslab
201512100009A,2015-12-10T00:09:00,-35.97,-73.45,19,5.5,mw,23,13,103,190,77,87,58,96,32,282,,,,,,,,,gmt,subduction_intraslab
201512191925A,2015-12-19T19:25:00,-30.7,-71.54,62,5.8,mw,359,32,99,168,58,84,76,62,13,262,,,,,,,,,gmt,subduction_intraslab
201512261758B,2015-12-26T17:58:00,-31.8,-72.33,30,5.2,mw,323,29,67,168,63,102,69,104,18,250,,,,,,,,,gmt,subduction_intraslab
201601071540A,2016-01-07T15:40:00,-41.65,-74.29,32,5.1,mw,13,24,98,184,66,86,69,87,21,277,,,,,,,,,gmt,subduction_intraslab
201601080112A,2016-01-08T01:12:00,-30.74,-71.94,33,5.7,mw,1,29,97,174,62,86,73,73,16,266,,,,,,,,,gmt,subduction_intraslab
201601260019A,2016-01-26T00:19:00,-32.66,-71.99,32,5.1,mw,344,39,83,173,51,96,82,115,6,259,,,,,,,,,gmt,subduction_intraslab
201601292007A,2016-01-29T20:07:00,-30.28,-71.74,42,5.1,mw,14,33,105,177,58,80,75,60,13,273,,,,,,,,,gmt,subduction_intraslab
201602050528A,2016-02-05T05:28:00,-31.0,-72.08,35,5.0,mw,1,33,90,181,57,90,78,91,12,271,,,,,,,,,gmt,subduction_intraslab
201602100033A,2016-02-10T00:33:00,-30.62,-71.9,36,6.4,mw,11,29,103,176,61,83,72,70,17,271,,,,,,,,,gmt,subduction_intraslab
201602190533A,2016-02-19T05:33:00,-30.62,-71.81,36,5.0,mw,358,31,89,179,59,91,76,91,14,269,,,,,,,,,gmt,subduction_intraslab
201602220637A,2016-02-22T06:37:00,-30.56,-72.26,12,6.0,mw,359,23,90,179,67,90,68,89,22,269,,,,,,,,,gmt,subduction_intraslab
201602260852A,2016-02-26T08:52:00,-31.75,-67.54,35,5.0,mw,231,44,151,343,70,50,48,209,16,101,,,,,,,,,gmt,subduction_intraslab
201603121605A,2016-03-12T16:05:00,-30.22,-71.73,37,5.1,mw,18,36,117,166,58,72,70,34,12,269,,,,,,,,,gmt,subduction_intraslab
201603160349A,2016-03-16T03:49:00,-31.28,-72.03,31,5.4,mw,353,25,85,178,65,92,70,93,20,267,,,,,,,,,gmt,subduction_intraslab
201604041232A,2016-04-04T12:32:00,-31.26,-72.0,29,5.4,mw,1,23,99,171,67,86,67,74,22,264,,,,,,,,,gmt,subduction_intraslab
201604061735A,2016-04-06T17:35:00,-31.46,-71.82,34,5.4,mw,5,27,95,178,63,87,72,84,18,271,,,,,,,,,gmt,subduction_intraslab
201604140938A,2016-04-14T09:38:00,-33.85,-70.39,129,5.1,mw,120,10,162,228,87,80,47,128,41,327,,,,,,,,,gmt,subduction_intraslab
201604181138A,2016-04-18T11:38:00,-31.83,-71.49,50,5.2,mw,347,29,83,175,61,94,73,95,16,262,,,,,,,,,gmt,subduction_intraslab
201605111311A,2016-05-11T13:11:00,-30.73,-71.95,30,5.4,mw,3,27,101,171,64,85,71,69,18,265,,,,,,,,,gmt,subduction_intraslab
201605221147A,2016-05-22T11:47:00,-30.54,-71.93,32,5.1,mw,6,33,102,172,58,82,76,59,12,267,,,,,,,,,gmt,subduction_intraslab
201606061316A,2016-06-06T13:16:00,-30.13,-71.8,39,5.4,mw,13,38,116,161,56,71,72,25,10,265,,,,,,,,,gmt,subduction_intraslab
201606061321A,2016-06-06T13:21:00,-30.06,-71.66,40,5.5,mw,1,36,91,179,54,89,81,86,9,270,,,,,,,,,gmt,subduction_intraslab
201606220354A,2016-06-22T03:54:00,-30.68,-72.01,35,5.1,mw,1,28,97,173,62,86,73,74,17,266,,,,,,,,,gmt,subduction_intraslab
201606271251A,2016-06-27T12:51:00,-31.58,-71.46,46,5.1,mw,9,33,107,169,58,79,74,50,13,267,,,,,,,,,gmt,subduction_intraslab
201607180258A,2016-07-18T02:58:00,-30.86,-71.95,25,5.1,mw,3,13,115,157,78,84,56,60,33,252,,,,,,,,,gmt,subduction_intraslab
201607180859A,2016-07-18T08:59:00,-30.59,-71.92,37,5.1,mw,341,38,89,163,52,91,83,77,7,252,,,,,,,,,gmt,subduction_intraslab
201607190518A,2016-07-19T05:18:00,-30.27,-72.29,14,5.7,mw,359,25,91,178,65,89,70,87,20,268,,,,,,,,,gmt,subduction_intraslab
201608300809A,2016-08-30T08:09:00,-34.91,-72.67,31,5.4,mw,20,20,98,191,70,87,65,97,25,284,,,,,,,,,gmt,subduction_intraslab
201610272032A,2016-10-27T20:32:00,-33.83,-72.75,12,6.0,mw,11,17,90,190,73,90,62,101,28,281,,,,,,,,,gmt,subduction_intraslab
201610292201A,2016-10-29T22:01:00,-33.96,-72.71,14,5.1,mw,14,19,100,183,71,86,64,88,26,276,,,,,,,,,gmt,subduction_intraslab
201610311115A,2016-10-31T11:15:00,-33.74,-72.68,30,5.0,mw,8,35,85,194,55,94,80,118,10,282,,,,,,,,,gmt,subduction_intraslab
201611041620A,2016-11-04T16:20:00,-35.06,-70.98,96,6.3,mw,173,27,-128,35,69,-73,22,111,62,331,,,,,,,,,gmt,subduction_intraslab
201611080455A,2016-11-08T04:55:00,-36.66,-73.71,20,6.0,mw,8,17,95,182,73,88,62,90,28,274,,,,,,,,,gmt,subduction_intraslab
201611202057A,2016-11-20T20:57:00,-31.66,-68.74,119,6.4,mw,31,40,-92,214,50,-89,5,302,85,137,,,,,,,,,gmt,subduction_intraslab
201612120140A,2016-12-12T01:40:00,-31.03,-71.62,52,5.0,mw,8,38,102,172,53,81,79,45,8,269,,,,,,,,,gmt,subduction_intraslab
201612120256A,2016-12-12T02:56:00,-31.31,-68.11,22,5.0,mw,8,51,132,134,55,51,59,343,2,250,,,,,,,,,gmt,subduction_intraslab
201612162311A,2016-12-16T23:11:00,-30.57,-72.06,36,5.2,mw,334,31,82,163,59,95,75,87,14,250,,,,,,,,,gmt,subduction_intraslab
201612191536A,2016-12-19T15:36:00,-30.8,-71.27,44,5.0,mw,354,38,94,169,52,87,83,62,7,261,,,,,,,,,gmt,subduction_intraslab
201612251422A,2016-12-25T14:22:00,-43.41,-74.43,33,6.8,mw,4,19,96,178,71,88,64,84,26,269,,,,,,,,,gmt,subduction_intraslab
201701032119A,2017-01-03T21:19:00,-43.33,-74.63,24,5.4,mw,320,26,61,172,68,103,65,104,21,252,,,,,,,,,gmt,subduction_intraslab
201701041324A,2017-01-04T13:24:00,-30.51,-71.64,32,5.0,mw,175,38,119,320,58,69,70,184,10,65,,,,,,,,,gmt,subduction_intraslab
201701080033A,2017-01-08T00:33:00,-30.23,-72.42,21,5.0,mw,339,25,73,178,66,98,68,102,21,262,,,,,,,,,gmt,subduction_intraslab
201702160702A,2017-02-16T07:02:00,-30.26,-72.35,14,5.3,mw,359,27,91,178,63,90,72,87,18,268,,,,,,,,,gmt,subduction_intraslab
201703100622A,2017-03-10T06:22:00,-30.63,-72.14,20,5.2,mw,2,24,93,179,66,89,69,86,21,270,,,,,,,,,gmt,subduction_intraslab
201703131505A,2017-03-13T15:05:00,-30.52,-71.5,48,5.1,mw,358,34,95,173,56,87,79,70,11,264,,,,,,,,,gmt,subduction_intraslab
201703270303A,2017-03-27T03:03:00,-36.34,-71.79,103,5.1,mw,246,42,-6,341,86,-132,28,103,35,215,,,,,,,,,gmt,subduction_intraslab
201703311844A,2017-03-31T18:44:00,-30.83,-71.61,42,5.3,mw,358,30,97,171,60,86,74,69,15,263,,,,,,,,,gmt,subduction_intraslab
201704130342A,2017-04-13T03:42:00,-31.15,-71.7,46,5.4,mw,358,38,119,143,58,69,70,7,10,248,,,,,,,,,gmt,subduction_intraslab
201704222246A,2017-04-22T22:46:00,-33.02,-72.26,29,5.1,mw,1,24,84,188,66,93,69,103,21,276,,,,,,,,,gmt,subduction_intraslab
201704230236A,2017-04-23T02:36:00,-33.06,-72.04,23,6.0,mw,1,22,88,184,68,91,67,95,23,273,,,,,,,,,gmt,subduction_intraslab
201704231940A,2017-04-23T19:40:00,-33.16,-72.17,22,5.6,mw,355,24,87,178,66,91,69,91,21,267,,,,,,,,,gmt,subduction_intraslab
201704250143A,2017-04-25T01:43:00,-33.35,-72.31,31,5.5,mw,16,24,107,178,67,83,67,74,22,273,,,,,,,,,gmt,subduction_intraslab
201704270509A,2017-04-27T05:09:00,-33.32,-71.89,25,5.2,mw,350,16,79,181,74,93,61,96,29,269,,,,,,,,,gmt,subduction_intraslab
201704281530A,2017-04-28T15:30:00,-33.3,-72.03,23,5.9,mw,0,20,99,171,70,87,65,75,25,263,,,,,,,,,gmt,subduction_intraslab
201704281558A,2017-04-28T15:58:00,-33.35,-72.06,24,5.5,mw,349,18,97,162,72,88,63,68,27,253,,,,,,,,,gmt,subduction_intraslab
201704281605A,2017-04-28T16:05:00,-33.3,-71.83,31,5.9,mw,334,20,73,172,71,96,64,92,26,257,,,,,,,,,gmt,subduction_intraslab
201704281741A,2017-04-28T17:41:00,-33.27,-72.0,24,5.5,mw,5,18,90,185,72,90,63,95,27,275,,,,,,,,,gmt,subduction_intraslab
201704290146A,2017-04-29T01:46:00,-33.42,-72.08,32,5.4,mw,5,33,92,183,57,89,78,88,12,274,,,,,,,,,gmt,subduction_intraslab
201705131654A,2017-05-13T16:54:00,-32.9,-72.12,28,5.3,mw,360,20,84,186,70,92,65,100,25,275,,,,,,,,,gmt,subduction_intraslab
201705291457A,2017-05-29T14:57:00,-37.38,-71.87,98,5.9,mw,263,34,-22,12,78,-122,26,126,47,248,,,,,,,,,gmt,subduction_intraslab
201706120243A,2017-06-12T02:43:00,-31.49,-71.87,34,5.7,mw,5,26,99,175,64,86,70,76,19,268,,,,,,,,,gmt,subduction_intraslab
201706231000A,2017-06-23T10:00:00,-39.47,-71.87,129,5.0,mw,260,39,56,121,59,114,67,78,10,194,,,,,,,,,gmt,subduction_intraslab
201706261444A,2017-06-26T14:44:00,-30.77,-71.53,55,5.2,mw,3,29,101,170,61,84,73,66,16,265,,,,,,,,,gmt,subduction_intraslab
201707041605A,2017-07-04T16:05:00,-35.59,-73.56,12,5.9,mw,25,19,104,190,71,85,63,93,26,284,,,,,,,,,gmt,subduction_intraslab
201707070304A,2017-07-07T03:04:00,-33.65,-72.54,32,5.1,mw,16,28,98,186,63,86,72,87,17,280,,,,,,,,,gmt,subduction_intraslab
201707120908A,2017-07-12T09:08:00,-35.5,-73.34,12,5.5,mw,28,16,112,185,75,84,59,87,30,280,,,,,,,,,gmt,subduction_intraslab
201707141200A,2017-07-14T12:00:00,-33.8,-72.7,14,5.4,mw,16,19,97,189,71,88,64,95,26,280,,,,,,,,,gmt,subduction_intraslab
201708020715A,2017-08-02T07:15:00,-33.17,-70.58,96,5.4,mw,202,32,-115,51,62,-75,15,130,70,353,,,,,,,,,gmt,subduction_intraslab
201708121254A,2017-08-12T12:54:00,-30.39,-72.26,13,5.7,mw,5,24,84,191,66,93,69,107,21,280,,,,,,,,,gmt,subduction_intraslab
201708151903A,2017-08-15T19:03:00,-30.06,-72.25,18,5.1,mw,352,29,78,186,62,97,73,111,16,271,,,,,,,,,gmt,subduction_intraslab
201708300315A,2017-08-30T03:15:00,-37.4,-73.75,29,5.1,mw,10,21,96,183,69,88,66,90,24,275,,,,,,,,,gmt,subduction_intraslab
201709181346A,2017-09-18T13:46:00,-31.91,-72.15,22,5.7,mw,351,23,84,177,67,93,68,92,22,266,,,,,,,,,gmt,subduction_intraslab
201709231725A,2017-09-23T17:25:00,-30.74,-69.04,130,5.1,mw,44,59,177,136,87,32,23,4,19,266,,,,,,,,,gmt,subduction_intraslab
201801261327A,2018-01-26T13:27:00,-37.63,-74.27,23,5.0,mw,7,28,94,182,62,88,73,87,17,274,,,,,,,,,gmt,subduction_intraslab
201801261526A,2018-01-26T15:26:00,-37.64,-74.27,19,5.0,mw,14,26,104,178,65,83,69,75,20,274,,,,,,,,,gmt,subduction_intraslab
201801282353A,2018-01-28T23:53:00,-31.25,-68.78,120,5.4,mw,218,46,-107,61,47,-74,0,140,78,49,,,,,,,,,gmt,subduction_intraslab
201802012313A,2018-02-01T23:13:00,-31.5,-69.95,118,5.2,mw,2,78,176,92,86,12,11,318,6,227,,,,,,,,,gmt,subduction_intraslab
201802082119A,2018-02-08T21:19:00,-37.58,-74.19,12,5.5,mw,27,17,111,185,74,84,60,86,29,280,,,,,,,,,gmt,subduction_intraslab
201803191251A,2018-03-19T12:51:00,-32.44,-69.76,113,5.0,mw,194,71,-165,99,76,-20,3,147,24,56,,,,,,,,,gmt,subduction_intraslab
201804050632A,2018-04-05T06:32:00,-42.6,-74.46,37,5.1,mw,5,25,97,178,66,87,70,81,20,270,,,,,,,,,gmt,subduction_intraslab
201804101019A,2018-04-10T10:19:00,-31.05,-71.58,82,6.2,mw,120,26,-118,331,67,-77,21,51,65,263,,,,,,,,,gmt,subduction_intraslab
201805021609A,2018-05-02T16:09:00,-33.3,-70.06,103,5.0,mw,166,39,-100,359,52,-82,6,83,81,308,,,,,,,,,gmt,subduction_intraslab
201805060244A,2018-05-06T02:44:00,-34.23,-72.48,31,5.3,mw,25,24,105,190,67,84,67,86,22,284,,,,,,,,,gmt,subduction_intraslab
201805282059A,2018-05-28T20:59:00,-31.3,-68.71,119,5.0,mw,14,40,-100,207,50,-82,5,291,82,161,,,,,,,,,gmt,subduction_intraslab
201806020617A,2018-06-02T06:17:00,-38.35,-73.9,29,5.3,mw,354,19,87,177,72,91,64,89,26,266,,,,,,,,,gmt,subduction_intraslab
201807161029A,2018-07-16T10:29:00,-35.65,-73.6,16,5.1,mw,31,17,113,187,74,83,60,87,29,283,,,,,,,,,gmt,subduction_intraslab
201808311325A,2018-08-31T13:25:00,-32.26,-70.21,115,5.0,mw,48,54,-45,169,55,-135,1,288,55,19,,,,,,,,,gmt,subduction_intraslab
201810251119A,2018-10-25T11:19:00,-30.53,-72.03,35,5.0,mw,3,35,94,178,55,87,80,77,10,270,,,,,,,,,gmt,subduction_intraslab
201811020820A,2018-11-02T08:20:00,-30.18,-67.6,36,5.0,mw,99,49,47,334,57,128,59,301,4,38,,,,,,,,,gmt,subduction_intraslab
201811091854A,2018-11-09T18:54:00,-30.64,-71.91,33,5.2,mw,3,31,98,174,59,85,75,70,14,267,,,,,,,,,gmt,subduction_intraslab
201812012355A,2018-12-01T23:55:00,-33.95,-72.55,20,5.6,mw,8,20,93,185,70,89,65,93,25,276,,,,,,,,,gmt,subduction_intraslab
201812051712A,2018-12-05T17:12:00,-33.66,-71.57,35,5.2,mw,333,48,120,112,50,61,68,315,1,222,,,,,,,,,gmt,subduction_intraslab
201812311049A,2018-12-31T10:49:00,-31.84,-69.35,120,5.3,mw,186,48,-121,48,50,-61,1,117,67,24,,,,,,,,,gmt,subduction_intraslab
201901280900A,2019-01-28T09:00:00,-35.61,-73.0,28,5.2,mw,15,17,101,184,73,87,62,89,28,276,,,,,,,,,gmt,subduction_intraslab
201903012243A,2019-03-01T22:43:00,-30.65,-71.84,34,5.1,mw,356,29,86,181,61,92,74,96,16,269,,,,,,,,,gmt,subduction_intraslab
201903022021A,2019-03-02T20:21:00,-33.67,-72.69,17,5.5,mw,352,17,68,195,74,97,60,114,29,280,,,,,,,,,gmt,subduction_intraslab
201904071052A,2019-04-07T10:52:00,-33.84,-72.63,12,5.7,mw,14,17,96,188,73,88,62,95,28,279,,,,,,,,,gmt,subduction_intraslab
201904211000A,2019-04-21T10:00:00,-35.86,-71.86,86,5.0,mw,327,59,-154,223,68,-34,6,277,39,182,,,,,,,,,gmt,subduction_intraslab
201905160032A,2019-05-16T00:32:00,-31.46,-69.27,121,5.2,mw,32,42,-83,202,49,-97,3,297,84,61,,,,,,,,,gmt,subduction_intraslab
201905201118A,2019-05-20T11:18:00,-31.54,-70.04,113,5.6,mw,277,65,-13,13,79,-154,9,143,26,237,,,,,,,,,gmt,subduction_intraslab
201906132250A,2019-06-13T22:50:00,-30.46,-71.52,63,5.0,mw,2,37,105,164,55,79,77,35,9,261,,,,,,,,,gmt,subduction_intraslab
201906140019A,2019-06-14T00:19:00,-30.12,-72.16,12,6.3,mw,1,21,88,183,69,91,66,94,24,273,,,,,,,,,gmt,subduction_intraslab
201906200123A,2019-06-20T01:23:00,-33.68,-68.83,163,5.5,mw,352,52,-157,248,72,-40,13,304,41,203,,,,,,,,,gmt,subduction_intraslab
201908012001A,2019-08-01T20:01:00,-34.35,-72.08,15,5.9,mw,358,13,87,181,77,91,58,92,32,271,,,,,,,,,gmt,subduction_intraslab
201908020055A,2019-08-02T00:55:00,-34.18,-72.3,24,5.4,mw,350,24,69,193,68,99,66,119,22,276,,,,,,,,,gmt,subduction_intraslab
201908151423A,2019-08-15T14:23:00,-30.01,-72.11,24,5.0,mw,7,28,98,177,62,86,72,78,17,271,,,,,,,,,gmt,subduction_intraslab
201908240233A,2019-08-24T02:33:00,-31.46,-71.5,96,5.0,mw,306,49,-167,207,81,-42,20,263,36,158,,,,,,,,,gmt,subduction_intraslab
201908242336A,2019-08-24T23:36:00,-43.14,-74.42,32,5.2,mw,15,27,89,196,63,91,72,107,18,286,,,,,,,,,gmt,subduction_intraslab
201909050541A,2019-09-05T05:41:00,-36.18,-73.91,13,5.1,mw,3,21,78,196,70,94,65,114,24,282,,,,,,,,,gmt,subduction_intraslab
201909140515A,2019-09-14T05:15:00,-31.36,-68.46,122,5.1,mw,212,45,-113,64,49,-68,2,138,74,40,,,,,,,,,gmt,subduction_intraslab
201909230824A,2019-09-23T08:24:00,-36.18,-73.96,13,5.3,mw,4,16,81,194,74,93,61,107,29,281,,,,,,,,,gmt,subduction_intraslab
201909261636A,2019-09-26T16:36:00,-40.9,-72.06,139,6.1,mw,96,58,33,347,62,143,45,310,3,42,,,,,,,,,gmt,subduction_intraslab
201910280355A,2019-10-28T03:55:00,-30.25,-68.97,39,5.1,mw,59,39,145,178,69,57,54,46,17,292,,,,,,,,,gmt,subduction_intraslab
201911030806A,2019-11-03T08:06:00,-30.75,-72.13,20,5.2,mw,1,22,92,179,68,89,67,87,23,269,,,,,,,,,gmt,subduction_intraslab
201911042153A,2019-11-04T21:53:00,-31.81,-71.37,67,6.1,mw,205,33,118,352,61,73,69,228,15,95,,,,,,,,,gmt,subduction_intraslab
201911151716A,2019-11-15T17:16:00,-34.01,-72.33,22,5.2,mw,10,23,107,171,68,83,66,69,23,267,,,,,,,,,gmt,subduction_intraslab
201911222227A,2019-11-22T22:27:00,-32.77,-70.15,114,5.1,mw,359,32,-70,156,61,-102,14,255,72,37,,,,,,,,,gmt,subduction_intraslab
202001130201A,2020-01-13T02:01:00,-40.33,-71.42,190,5.4,mw,259,14,-25,14,84,-103,38,115,49,270,,,,,,,,,gmt,subduction_intraslab
202001281816A,2020-01-28T18:16:00,-30.35,-72.26,12,5.4,mw,342,23,69,185,69,99,65,109,23,268,,,,,,,,,gmt,subduction_intraslab
202002180532A,2020-02-18T05:32:00,-35.63,-73.27,15,5.1,mw,13,13,99,184,78,88,58,91,32,275,,,,,,,,,gmt,subduction_intraslab
202003170812A,2020-03-17T08:12:00,-36.17,-73.13,38,5.5,mw,109,28,79,301,62,96,72,225,17,27,,,,,,,,,gmt,subduction_intraslab
202003240652A,2020-03-24T06:52:00,-30.5,-71.89,36,5.0,mw,6,35,99,176,56,84,78,62,10,270,,,,,,,,,gmt,subduction_intraslab
202004141602A,2020-04-14T16:02:00,-33.83,-70.33,115,5.0,mw,112,55,-136,353,55,-45,0,53,54,322,,,,,,,,,gmt,subduction_intraslab
202004161513A,2020-04-16T15:13:00,-38.06,-73.65,22,5.1,mw,219,46,-72,15,47,-107,0,116,77,208,,,,,,,,,gmt,subduction_intraslab
202005231310A,2020-05-23T13:10:00,-33.56,-69.81,130,5.2,mw,251,57,-32,0,64,-143,4,124,44,218,,,,,,,,,gmt,subduction_intraslab
202006251155A,2020-06-25T11:55:00,-32.13,-71.82,35,5.2,mw,28,39,129,162,60,63,64,26,12,271,,,,,,,,,gmt,subduction_intraslab
202007021235A,2020-07-02T12:35:00,-34.14,-72.34,33,5.0,mw,8,29,90,188,61,90,74,98,16,278,,,,,,,,,gmt,subduction_intraslab
202009060116A,2020-09-06T01:16:00,-30.41,-71.8,38,6.3,mw,7,28,100,175,62,84,72,74,17,270,,,,,,,,,gmt,subduction_intraslab
202009170133A,2020-09-17T01:33:00,-30.2,-71.37,40,5.0,mw,0,38,100,167,53,82,80,43,7,263,,,,,,,,,gmt,subduction_intraslab
202010280452A,2020-10-28T04:52:00,-34.96,-71.72,77,5.4,mw,342,54,-148,232,65,-40,6,289,46,192,,,,,,,,,gmt,subduction_intraslab
202011210211A,2020-11-21T02:11:00,-31.07,-71.47,62,5.5,mw,353,32,98,164,58,85,76,59,13,257,,,,,,,,,gmt,subduction_intraslab
202011220054A,2020-11-22T00:54:00,-34.67,-73.12,34,6.1,mw,171,48,169,268,82,43,35,139,22,33,,,,,,,,,gmt,subduction_intraslab
202012030237A,2020-12-03T02:37:00,-31.92,-67.12,138,5.2,mw,235,53,28,128,68,140,44,85,9,184,,,,,,,,,gmt,subduction_intraslab
202012080707A,2020-12-08T07:07:00,-32.15,-71.48,44,5.0,mw,181,31,77,15,60,98,74,306,15,100,,,,,,,,,gmt,subduction_intraslab
202101160353A,2021-01-16T03:53:00,-31.09,-71.38,62,5.2,mw,30,21,-34,152,78,-108,31,257,53,41,,,,,,,,,gmt,subduction_intraslab
202101240007A,2021-01-24T00:07:00,-33.5,-70.01,108,5.7,mw,197,5,-94,21,85,-90,40,111,50,291,,,,,,,,,gmt,subduction_intraslab
202103081248A,2021-03-08T12:48:00,-32.18,-69.78,106,5.2,mw,197,45,-105,37,47,-76,1,118,79,22,,,,,,,,,gmt,subduction_intraslab
202104190318A,2021-04-19T03:18:00,-34.02,-72.45,21,5.2,mw,12,20,99,182,70,87,65,87,25,275,,,,,,,,,gmt,subduction_intraslab
202104190411A,2021-04-19T04:11:00,-34.03,-72.44,20,5.2,mw,7,19,98,179,71,87,64,84,26,271,,,,,,,,,gmt,subduction_intraslab
202104191113A,2021-04-19T11:13:00,-33.97,-72.45,22,5.2,mw,11,22,99,182,68,86,67,85,23,274,,,,,,,,,gmt,subduction_intraslab
202104191305A,2021-04-19T13:05:00,-34.05,-72.37,23,5.0,mw,340,27,74,178,64,98,70,104,19,262,,,,,,,,,gmt,subduction_intraslab
202104220017A,2021-04-22T00:17:00,-34.03,-72.46,21,5.5,mw,7,21,96,181,69,88,66,87,24,272,,,,,,,,,gmt,subduction_intraslab
202104290217A,2021-04-29T02:17:00,-37.29,-71.05,155,5.7,mw,115,28,-159,6,80,-64,30,75,48,304,,,,,,,,,gmt,subduction_intraslab
202105020657A,2021-05-02T06:57:00,-30.18,-71.71,42,5.8,mw,9,36,122,151,60,69,68,20,13,256,,,,,,,,,gmt,subduction_intraslab
202106120336A,2021-06-12T03:36:00,-33.65,-72.3,28,5.2,mw,15,22,97,187,68,87,67,92,23,280,,,,,,,,,gmt,subduction_intraslab
202106221916A,2021-06-22T19:16:00,-32.06,-71.14,75,5.0,mw,21,41,-81,190,49,-97,4,285,83,51,,,,,,,,,gmt,subduction_intraslab
202107311214A,2021-07-31T12:14:00,-32.75,-71.96,33,5.2,mw,352,32,89,173,58,91,77,85,13,263,,,,,,,,,gmt,subduction_intraslab
202109140156A,2021-09-14T01:56:00,-31.79,-72.08,27,5.1,mw,342,25,81,172,66,94,69,90,20,259,,,,,,,,,gmt,subduction_intraslab
202109150846A,2021-09-15T08:46:00,-32.25,-72.26,18,5.1,mw,353,17,91,172,73,90,62,81,28,262,,,,,,,,,gmt,subduction_intraslab
202109201312A,2021-09-20T13:12:00,-36.85,-74.2,19,5.1,mw,359,22,82,188,69,93,67,103,23,275,,,,,,,,,gmt,subduction_intraslab
202109211314A,2021-09-21T13:14:00,-36.82,-74.28,12,6.4,mw,6,16,86,190,74,91,61,102,29,279,,,,,,,,,gmt,subduction_intraslab
202109221742A,2021-09-22T17:42:00,-36.85,-74.27,23,5.0,mw,348,32,70,191,61,102,72,130,14,272,,,,,,,,,gmt,subduction_intraslab
202109290753A,2021-09-29T07:53:00,-33.33,-68.15,28,5.0,mw,200,27,106,2,64,82,70,256,19,98,,,,,,,,,gmt,subduction_intraslab
202110041236A,2021-10-04T12:36:00,-31.72,-72.15,30,5.1,mw,344,30,87,168,60,92,75,82,15,256,,,,,,,,,gmt,subduction_intraslab
202111030317A,2021-11-03T03:17:00,-32.88,-69.91,117,5.7,mw,209,22,-36,333,77,-108,30,78,54,221,,,,,,,,,gmt,subduction_intraslab
202112010439A,2021-12-01T04:39:00,-38.02,-73.66,22,5.2,mw,152,24,-107,350,67,-83,22,75,67,274,,,,,,,,,gmt,subduction_intraslab
202202280115A,2022-02-28T01:15:00,-37.07,-73.99,13,5.6,mw,5,17,90,185,73,90,62,95,28,275,,,,,,,,,gmt,subduction_intraslab
202204011128A,2022-04-01T11:28:00,-31.39,-67.97,117,5.2,mw,29,46,-70,181,47,-109,1,285,76,18,,,,,,,,,gmt,subduction_intraslab
202204030516A,2022-04-03T05:16:00,-31.54,-67.07,136,5.1,mw,214,38,-53,351,61,-115,12,98,65,215,,,,,,,,,gmt,subduction_intraslab
202204161710A,2022-04-16T17:10:00,-33.94,-72.37,22,5.1,mw,3,23,90,183,67,90,68,93,22,273,,,,,,,,,gmt,subduction_intraslab
202205040345A,2022-05-04T03:45:00,-32.2,-72.01,32,5.0,mw,355,36,62,208,58,109,70,160,12,285,,,,,,,,,gmt,subduction_intraslab
202205040654A,2022-05-04T06:54:00,-32.31,-72.02,35,5.0,mw,4,27,72,205,64,99,69,132,19,287,,,,,,,,,gmt,subduction_intraslab
202205041159A,2022-05-04T11:59:00,-32.29,-71.99,32,5.3,mw,359,23,65,206,69,100,64,133,24,288,,,,,,,,,gmt,subduction_intraslab
202205041248A,2022-05-04T12:48:00,-32.26,-72.06,32,5.1,mw,357,33,72,198,59,101,74,138,13,280,,,,,,,,,gmt,subduction_intraslab
202206181824A,2022-06-18T18:24:00,-33.52,-69.41,148,5.1,mw,305,40,-41,69,65,-122,14,182,57,294,,,,,,,,,gmt,subduction_intraslab
202208080344A,2022-08-08T03:44:00,-32.77,-71.9,22,5.0,mw,333,32,64,183,62,105,69,125,15,262,,,,,,,,,gmt,subduction_intraslab
202208180210A,2022-08-18T02:10:00,-34.42,-70.5,115,5.3,mw,187,21,-107,25,70,-84,25,110,64,306,,,,,,,,,gmt,subduction_intraslab
202210180735A,2022-10-18T07:35:00,-30.84,-71.44,43,5.1,mw,350,31,94,166,59,88,76,68,14,257,,,,,,,,,gmt,subduction_intraslab
202211051212A,2022-11-05T12:12:00,-33.54,-68.6,41,5.1,mw,200,47,115,345,49,66,72,185,1,93,,,,,,,,,gmt,subduction_intraslab
202211080851A,2022-11-08T08:51:00,-33.62,-70.63,106,5.0,mw,148,43,164,250,79,48,41,121,23,11,,,,,,,,,gmt,subduction_intraslab
202211130224B,2022-11-13T02:24:00,-37.59,-73.68,21,6.3,mw,354,18,84,180,72,92,63,93,27,269,,,,,,,,,gmt,subduction_intraslab
202211230853A,2022-11-23T08:53:00,-35.5,-71.14,85,5.0,mw,259,50,0,169,90,140,27,116,27,222,,,,,,,,,gmt,subduction_intraslab
202212100725A,2022-12-10T07:25:00,-33.64,-72.11,24,5.5,mw,16,21,103,182,70,85,65,84,24,276,,,,,,,,,gmt,subduction_intraslab
202301120619A,2023-01-12T06:19:00,-30.77,-71.5,61,5.6,mw,353,34,94,168,57,87,79,68,11,260,,,,,,,,,gmt,subduction_intraslab
202303301733A,2023-03-30T17:33:00,-35.77,-73.7,12,6.3,mw,14,16,92,192,74,89,61,101,29,282,,,,,,,,,gmt,subduction_intraslab
202304270607A,2023-04-27T06:07:00,-35.66,-71.32,99,5.0,mw,174,20,-116,21,72,-81,27,104,62,305,,,,,,,,,gmt,subduction_intraslab
202307091711A,2023-07-09T17:11:00,-33.22,-70.13,108,5.6,mw,157,37,-95,343,53,-86,8,71,81,271,,,,,,,,,gmt,subduction_intraslab
202309062348A,2023-09-06T23:48:00,-30.34,-71.73,44,6.3,mw,12,34,107,172,58,79,75,51,12,270,,,,,,,,,gmt,subduction_intraslab
202311061351A,2023-11-06T13:51:00,-32.99,-72.08,30,5.1,mw,19,43,109,173,50,73,77,21,4,276,,,,,,,,,gmt,subduction_intraslab
202311202103A,2023-11-20T21:03:00,-30.99,-71.55,47,5.0,mw,331,33,76,167,58,99,75,103,13,251,,,,,,,,,gmt,subduction_intraslab
202312240323A,2023-12-24T03:23:00,-38.25,-74.12,19,5.8,mw,359,16,88,181,74,91,61,92,29,271,,,,,,,,,gmt,subduction_intraslab
202401211737A,2024-01-21T17:37:00,-33.59,-72.35,32,5.0,mw,359,37,83,189,53,96,81,122,8,274,,,,,,,,,gmt,subduction_intraslab
202403120342A,2024-03-12T03:42:00,-33.9,-72.67,17,5.2,mw,357,18,76,192,72,95,62,109,27,278,,,,,,,,,gmt,subduction_intraslab
202404031351A,2024-04-03T13:51:00,-36.97,-73.0,43,5.3,mw,18,34,108,176,58,78,74,55,12,275,,,,,,,,,gmt,subduction_intraslab
202405130918A,2024-05-13T09:18:00,-35.44,-73.31,18,5.2,mw,16,19,94,192,71,89,64,100,26,283,,,,,,,,,gmt,subduction_intraslab
202408182331A,2024-08-18T23:31:00,-37.15,-74.03,15,5.1,mw,9,20,92,187,70,89,65,96,25,277,,,,,,,,,gmt,subduction_intraslab
202409221846A,2024-09-22T18:46:00,-32.01,-71.37,83,5.1,mw,90,24,-9,189,86,-113,37,299,44,75,,,,,,,,,gmt,subduction_intraslab
202410202259A,2024-10-20T22:59:00,-30.9,-68.73,117,5.7,mw,178,45,-106,20,48,-75,1,99,79,4,,,,,,,,,gmt,subduction_intraslab
202411030404A,2024-11-03T04:04:00,-35.76,-69.4,197,5.5,mw,187,26,-124,44,69,-75,22,122,63,338,,,,,,,,,gmt,subduction_intraslab
202411261233A,2024-11-26T12:33:00,-30.53,-71.45,56,5.1,mw,3,34,100,171,56,83,77,59,11,266,,,,,,,,,gmt,subduction_intraslab
202412070626A,2024-12-07T06:26:00,-38.97,-73.55,30,5.3,mw,102,36,53,326,62,114,65,276,14,38,,,,,,,,,gmt,subduction_intraslab
202412132338A,2024-12-13T23:38:00,-35.36,-70.79,115,6.4,mw,235,20,-53,16,74,-103,28,116,59,269,,,,,,,,,gmt,subduction_intraslab
202502160708A,2025-02-16T07:08:00,-38.6,-74.14,23,5.1,mw,11,28,94,186,62,88,73,91,17,278,,,,,,,,,gmt,subduction_intraslab
202503182117A,2025-03-18T21:17:00,-30.14,-71.42,77,5.2,mw,2,39,-104,200,53,-79,7,282,79,155,,,,,,,,,gmt,subduction_intraslab
010193C,,-31.93,-71.66,22,5.3,mw,356,19,92,174,71,89,64,83,26,264,,,,,,,,,gmt,subduction_intraslab
010278A,,-37.96,-71.61,144,5.5,mw,93,53,-9,189,83,-142,20,315,31,58,,,,,,,,,gmt,subduction_intraslab
010701C,,-33.52,-72.33,21,5.9,mw,353,23,85,178,67,92,68,92,22,267,,,,,,,,,gmt,subduction_intraslab
010703A,,-33.6,-70.22,113,5.7,mw,199,28,-70,356,64,-100,18,94,69,245,,,,,,,,,gmt,subduction_intraslab
010886A,,-35.83,-71.38,96,5.1,mw,303,16,0,33,90,-106,43,138,43,288,,,,,,,,,gmt,subduction_intraslab
011004D,,-30.9,-71.94,59,5.6,mw,70,48,-144,314,64,-48,9,15,51,273,,,,,,,,,gmt,subduction_intraslab
011177A,,-31.92,-72.1,42,5.2,mw,5,34,111,160,59,77,73,36,13,260,,,,,,,,,gmt,subduction_intraslab
011298G,,-31.25,-71.87,35,6.6,mw,355,27,91,174,63,90,72,83,18,264,,,,,,,,,gmt,subduction_intraslab
011498D,,-31.82,-68.16,134,5.2,mw,176,31,-123,34,65,-72,17,110,66,335,,,,,,,,,gmt,subduction_intraslab
011589A,,-31.69,-71.72,15,5.4,mw,336,10,113,133,81,86,54,38,36,226,,,,,,,,,gmt,subduction_intraslab
011778A,,-31.53,-68.08,23,6.0,mw,142,66,12,47,79,156,25,2,9,96,,,,,,,,,gmt,subduction_intraslab
011904A,,-31.85,-72.07,34,5.3,mw,358,25,95,172,65,88,70,78,20,264,,,,,,,,,gmt,subduction_intraslab
012078A,,-34.55,-70.04,109,5.6,mw,183,26,-98,12,64,-86,19,99,70,290,,,,,,,,,gmt,subduction_intraslab
020387A,,-37.69,-73.3,28,5.8,mw,357,16,95,172,74,89,61,80,29,263,,,,,,,,,gmt,subduction_intraslab
020599D,,-34.78,-70.56,99,5.2,mw,126,47,146,241,66,48,50,103,11,359,,,,,,,,,gmt,subduction_intraslab
020986A,,-36.24,-71.11,125,5.2,mw,14,14,92,192,76,89,59,101,31,282,,,,,,,,,gmt,subduction_intraslab
021097B,,-32.98,-68.31,152,5.3,mw,317,15,-31,77,82,-103,36,178,51,333,,,,,,,,,gmt,subduction_intraslab
021480A,,-32.02,-71.56,47,5.1,mw,226,41,142,346,66,55,55,212,14,101,,,,,,,,,gmt,subduction_intraslab
022102D,,-31.77,-67.3,134,5.4,mw,131,33,-149,15,74,-61,23,82,52,318,,,,,,,,,gmt,subduction_intraslab
022185B,,-33.37,-72.1,33,5.7,mw,29,31,127,167,66,70,64,45,18,272,,,,,,,,,gmt,subduction_intraslab
022296C,,-33.53,-72.0,50,5.9,mw,93,40,49,321,61,119,62,279,11,31,,,,,,,,,gmt,subduction_intraslab
022803A,,-35.41,-73.56,15,5.3,mw,26,18,115,180,74,82,61,79,28,276,,,,,,,,,gmt,subduction_intraslab
030385A,,-33.92,-71.71,41,7.2,mw,11,26,110,169,66,81,68,61,20,266,,,,,,,,,gmt,subduction_intraslab
030485B,,-33.43,-72.08,10,6.3,mw,215,24,143,340,76,70,55,225,28,85,,,,,,,,,gmt,subduction_intraslab
030485C,,-34.05,-72.75,14,5.7,mw,26,24,128,165,71,74,61,53,25,267,,,,,,,,,gmt,subduction_intraslab
030485D,,-33.87,-71.81,53,6.3,mw,21,28,109,179,63,80,70,69,18,277,,,,,,,,,gmt,subduction_intraslab
030485E,,-32.98,-72.06,36,6.1,mw,16,29,111,172,63,79,70,59,17,271,,,,,,,,,gmt,subduction_intraslab
030585A,,-34.18,-71.42,33,5.4,mw,36,14,126,180,79,82,56,79,33,276,,,,,,,,,gmt,subduction_intraslab
030785A,,-33.34,-72.31,18,5.4,mw,7,30,107,168,62,81,72,55,16,265,,,,,,,,,gmt,subduction_intraslab
031097A,,-30.11,-71.58,50,5.6,mw,10,38,94,184,52,87,83,78,7,277,,,,,,,,,gmt,subduction_intraslab
031196C,,-42.34,-71.45,134,5.3,mw,208,13,40,79,82,100,52,0,36,160,,,,,,,,,gmt,subduction_intraslab
031285A,,-33.23,-72.59,10,5.8,mw,35,17,123,180,76,81,58,78,30,279,,,,,,,,,gmt,subduction_intraslab
031501G,,-32.61,-72.04,42,5.9,mw,144,38,59,2,58,112,68,317,11,76,,,,,,,,,gmt,subduction_intraslab
031681A,,-35.67,-71.67,60,5.3,mw,252,46,-39,11,63,-129,10,128,54,232,,,,,,,,,gmt,subduction_intraslab
031785A,,-33.22,-71.73,44,6.5,mw,356,26,91,175,64,90,71,84,19,265,,,,,,,,,gmt,subduction_intraslab
031985A,,-33.63,-71.94,36,6.6,mw,355,24,90,175,66,90,69,85,21,265,,,,,,,,,gmt,subduction_intraslab
032079B,,-35.79,-71.42,123,5.4,mw,141,24,-158,32,81,-68,33,102,49,325,,,,,,,,,gmt,subduction_intraslab
032380A,,-30.17,-72.08,43,5.4,mw,1,37,75,200,55,101,77,148,9,282,,,,,,,,,gmt,subduction_intraslab
032381A,,-33.96,-71.81,17,6.4,mw,335,5,73,173,85,91,50,84,40,261,,,,,,,,,gmt,subduction_intraslab
032385A,,-34.49,-72.82,18,5.7,mw,26,21,106,189,70,84,65,89,25,284,,,,,,,,,gmt,subduction_intraslab
032385B,,-33.44,-72.54,10,5.5,mw,16,46,118,159,51,65,70,3,2,267,,,,,,,,,gmt,subduction_intraslab
032387B,,-34.32,-72.84,51,5.1,mw,31,41,125,169,58,64,66,27,9,277,,,,,,,,,gmt,subduction_intraslab
032395B,,-36.33,-72.81,15,5.5,mw,21,6,120,170,85,87,50,78,40,264,,,,,,,,,gmt,subduction_intraslab
032485A,,-34.44,-72.53,25,5.7,mw,20,19,114,175,73,82,62,73,27,271,,,,,,,,,gmt,subduction_intraslab
032585A,,-34.6,-72.52,24,6.3,mw,10,20,98,181,70,87,65,87,25,274,,,,,,,,,gmt,subduction_intraslab
032597A,,-33.45,-70.62,90,5.5,mw,158,59,-161,58,74,-33,10,111,34,14,,,,,,,,,gmt,subduction_intraslab
032600A,,-32.5,-72.16,49,5.2,mw,330,30,55,189,66,108,64,130,19,265,,,,,,,,,gmt,subduction_intraslab
032686A,,-34.07,-72.22,38,5.4,mw,5,24,97,177,66,87,69,81,21,270,,,,,,,,,gmt,subduction_intraslab
032980D,,-38.05,-73.91,32,5.4,mw,13,20,106,176,71,85,64,77,26,271,,,,,,,,,gmt,subduction_intraslab
040189A,,-32.86,-70.19,119,5.3,mw,158,18,-122,10,75,-80,29,93,59,295,,,,,,,,,gmt,subduction_intraslab
040290A,,-33.04,-72.63,15,5.6,mw,6,36,106,167,56,79,76,41,10,265,,,,,,,,,gmt,subduction_intraslab
040304E,,-30.04,-72.35,28,5.5,mw,320,33,50,185,65,113,63,131,17,258,,,,,,,,,gmt,subduction_intraslab
040385B,,-32.62,-71.5,36,6.1,mw,18,21,87,201,69,91,66,113,24,290,,,,,,,,,gmt,subduction_intraslab
040681A,,-35.36,-70.81,113,5.2,mw,95,33,163,200,81,58,45,78,29,315,,,,,,,,,gmt,subduction_intraslab
040980B,,-31.49,-67.42,15,5.3,mw,340,37,136,108,65,61,59,336,16,218,,,,,,,,,gmt,subduction_intraslab
041092B,,-33.68,-71.7,32,5.1,mw,248,57,-172,154,83,-33,18,205,28,106,,,,,,,,,gmt,subduction_intraslab
041403A,,-35.38,-72.9,31,5.2,mw,18,44,158,124,75,48,44,353,19,244,,,,,,,,,gmt,subduction_intraslab
041504G,,-30.35,-67.55,37,5.3,mw,185,43,114,334,51,69,73,183,4,78,,,,,,,,,gmt,subduction_intraslab
041585A,,-33.64,-72.11,14,5.5,mw,28,21,127,169,74,77,60,61,27,269,,,,,,,,,gmt,subduction_intraslab
041694D,,-32.23,-71.84,31,5.6,mw,10,26,108,171,65,81,68,63,20,267,,,,,,,,,gmt,subduction_intraslab
041789A,,-30.92,-71.85,15,5.2,mw,351,23,85,176,67,92,68,90,22,265,,,,,,,,,gmt,subduction_intraslab
041984B,,-31.74,-72.06,31,5.7,mw,19,16,120,168,76,82,58,67,31,265,,,,,,,,,gmt,subduction_intraslab
042097B,,-33.85,-70.39,116,5.6,mw,181,13,-93,4,77,-89,32,94,58,275,,,,,,,,,gmt,subduction_intraslab
042190B,,-37.28,-73.79,20,5.8,mw,352,17,80,183,73,93,62,97,28,270,,,,,,,,,gmt,subduction_intraslab
042290A,,-38.07,-73.6,31,5.6,mw,347,16,81,177,74,93,61,90,29,264,,,,,,,,,gmt,subduction_intraslab
042596A,,-30.24,-71.52,73,5.2,mw,7,42,-82,177,48,-97,3,271,84,33,,,,,,,,,gmt,subduction_intraslab
042599B,,-31.91,-69.34,120,5.3,mw,36,42,-62,181,54,-113,6,286,71,34,,,,,,,,,gmt,subduction_intraslab
042679A,,-33.91,-72.07,34,5.9,mw,26,25,124,170,70,76,63,56,23,271,,,,,,,,,gmt,subduction_intraslab
042702B,,-31.72,-67.78,49,5.2,mw,341,41,31,227,71,127,51,178,17,290,,,,,,,,,gmt,subduction_intraslab
042885A,,-33.18,-71.9,30,5.6,mw,7,22,100,176,69,86,66,79,23,269,,,,,,,,,gmt,subduction_intraslab
042895A,,-32.06,-71.99,21,5.2,mw,126,42,61,342,54,114,70,308,6,56,,,,,,,,,gmt,subduction_intraslab
043004A,,-33.59,-70.5,102,5.0,mw,157,35,-133,26,65,-64,16,97,61,335,,,,,,,,,gmt,subduction_intraslab
043099E,,-31.9,-72.27,32,5.5,mw,355,29,81,185,61,95,73,107,16,272,,,,,,,,,gmt,subduction_intraslab
050392B,,-32.36,-71.66,61,5.5,mw,275,4,23,162,88,94,46,76,43,248,,,,,,,,,gmt,subduction_intraslab
050601E,,-32.95,-70.92,50,5.2,mw,313,32,42,185,69,115,58,130,20,257,,,,,,,,,gmt,subduction_intraslab
050983A,,-41.92,-74.45,33,6.1,mw,358,41,-118,213,54,-68,7,288,71,177,,,,,,,,,gmt,subduction_intraslab
050984A,,-34.34,-70.19,108,5.3,mw,205,31,-95,31,60,-87,14,119,76,309,,,,,,,,,gmt,subduction_intraslab
051490C,,-35.89,-71.34,92,6.1,mw,273,40,19,168,78,128,44,116,23,230,,,,,,,,,gmt,subduction_intraslab
051785B,,-34.19,-72.59,36,5.4,mw,46,32,143,168,71,63,56,45,22,278,,,,,,,,,gmt,subduction_intraslab
051803C,,-31.46,-69.18,122,5.4,mw,43,41,-82,213,49,-97,4,307,83,76,,,,,,,,,gmt,subduction_intraslab
051892B,,-33.61,-72.03,15,6.1,mw,19,8,120,169,83,86,52,74,38,262,,,,,,,,,gmt,subduction_intraslab
051985A,,-34.0,-72.54,38,5.5,mw,20,28,103,185,62,83,71,80,18,280,,,,,,,,,gmt,subduction_intraslab
051985C,,-30.38,-71.81,46,6.2,mw,359,35,96,172,55,86,79,66,10,265,,,,,,,,,gmt,subduction_intraslab
051987B,,-30.71,-72.07,23,6.1,mw,355,32,88,177,58,91,77,91,13,266,,,,,,,,,gmt,subduction_intraslab
052188B,,-32.92,-71.57,15,6.1,mw,64,4,159,175,89,87,46,81,43,269,,,,,,,,,gmt,subduction_intraslab
052292A,,-33.84,-72.42,34,5.5,mw,0,21,92,178,69,89,66,87,24,268,,,,,,,,,gmt,subduction_intraslab
052299A,,-36.56,-70.57,164,5.3,mw,204,12,-65,359,80,-95,34,93,56,262,,,,,,,,,gmt,subduction_intraslab
052302B,,-30.91,-71.76,50,5.9,mw,358,35,89,179,55,91,80,92,10,269,,,,,,,,,gmt,subduction_intraslab
052402A,,-32.17,-71.52,57,5.5,mw,9,40,107,167,52,76,78,26,6,267,,,,,,,,,gmt,subduction_intraslab
052703D,,-31.32,-68.7,128,5.5,mw,223,37,-75,25,54,-101,9,122,77,256,,,,,,,,,gmt,subduction_intraslab
060104D,,-32.23,-68.23,38,5.0,mw,347,39,112,140,54,73,74,1,8,241,,,,,,,,,gmt,subduction_intraslab
060203A,,-33.08,-72.4,28,5.5,mw,9,25,92,187,65,89,70,95,20,277,,,,,,,,,gmt,subduction_intraslab
060285B,,-37.83,-73.76,32,5.8,mw,347,24,47,212,73,107,59,146,26,289,,,,,,,,,gmt,subduction_intraslab
060295B,,-31.72,-71.64,92,5.5,mw,166,14,-73,328,76,-94,32,62,58,233,,,,,,,,,gmt,subduction_intraslab
060698B,,-36.56,-73.2,15,5.2,mw,341,12,65,186,79,95,56,103,34,272,,,,,,,,,gmt,subduction_intraslab
060798B,,-31.48,-67.77,125,5.9,mw,148,54,-145,36,62,-42,5,94,48,358,,,,,,,,,gmt,subduction_intraslab
060893F,,-31.62,-69.13,124,6.3,mw,40,41,-95,226,49,-86,4,314,85,172,,,,,,,,,gmt,subduction_intraslab
060985B,,-33.76,-71.68,36,5.2,mw,347,26,97,159,64,86,71,62,19,252,,,,,,,,,gmt,subduction_intraslab
060997C,,-32.08,-71.83,67,5.1,mw,266,39,-9,3,85,-129,29,123,38,239,,,,,,,,,gmt,subduction_intraslab
061180C,,-33.03,-71.93,20,5.8,mw,1,26,87,184,64,91,71,98,19,273,,,,,,,,,gmt,subduction_intraslab
061184A,,-31.25,-71.9,44,6.2,mw,357,36,94,171,54,87,81,69,9,264,,,,,,,,,gmt,subduction_intraslab
061185A,,-32.57,-72.0,34,5.5,mw,14,28,103,180,63,83,71,74,18,274,,,,,,,,,gmt,subduction_intraslab
061485A,,-40.74,-74.92,10,5.4,mw,223,48,-62,4,49,-117,1,114,70,205,,,,,,,,,gmt,subduction_intraslab
061504B,,-38.96,-73.62,33,5.9,mw,172,52,150,281,67,42,46,143,9,44,,,,,,,,,gmt,subduction_intraslab
061600B,,-33.95,-69.92,109,6.4,mw,219,33,-67,11,60,-105,14,112,71,249,,,,,,,,,gmt,subduction_intraslab
061694B,,-32.99,-71.96,36,5.1,mw,10,22,112,166,70,81,64,62,24,263,,,,,,,,,gmt,subduction_intraslab
061789A,,-41.1,-75.21,15,5.6,mw,247,34,-28,1,75,-121,24,114,51,236,,,,,,,,,gmt,subduction_intraslab
061802C,,-31.04,-71.63,57,6.4,mw,353,29,96,166,61,87,74,68,16,259,,,,,,,,,gmt,subduction_intraslab
061903D,,-30.89,-72.14,27,5.6,mw,2,26,98,173,64,86,70,75,19,266,,,,,,,,,gmt,subduction_intraslab
061997F,,-33.15,-70.19,116,5.3,mw,150,24,-137,20,74,-72,27,95,57,314,,,,,,,,,gmt,subduction_intraslab
062302A,,-31.49,-71.54,91,5.2,mw,334,42,-113,184,52,-71,5,260,74,152,,,,,,,,,gmt,subduction_intraslab
070195B,,-34.14,-72.84,30,5.2,mw,7,24,108,168,67,82,67,63,22,263,,,,,,,,,gmt,subduction_intraslab
070202D,,-31.43,-68.19,27,5.5,mw,156,40,15,54,81,129,41,1,25,115,,,,,,,,,gmt,subduction_intraslab
070585B,,-33.59,-72.43,30,5.5,mw,348,22,70,190,69,98,65,113,24,273,,,,,,,,,gmt,subduction_intraslab
070679A,,-32.38,-71.63,49,5.7,mw,166,39,70,11,54,105,75,330,8,90,,,,,,,,,gmt,subduction_intraslab
070685B,,-33.6,-72.5,21,5.5,mw,356,27,79,189,63,96,71,110,18,274,,,,,,,,,gmt,subduction_intraslab
070697D,,-30.26,-72.46,15,5.7,mw,352,24,80,183,66,95,68,101,21,270,,,,,,,,,gmt,subduction_intraslab
070785B,,-33.02,-72.38,25,6.0,mw,0,21,96,174,69,88,66,80,24,265,,,,,,,,,gmt,subduction_intraslab
071185B,,-32.93,-72.32,30,5.5,mw,2,28,90,182,62,90,73,92,17,272,,,,,,,,,gmt,subduction_intraslab
071380A,,-33.47,-70.49,113,5.7,mw,102,14,178,195,89,76,44,90,43,297,,,,,,,,,gmt,subduction_intraslab
071693C,,-33.32,-72.56,19,5.6,mw,7,18,111,164,73,83,61,65,28,260,,,,,,,,,gmt,subduction_intraslab
071785B,,-32.71,-72.07,31,5.5,mw,15,27,115,168,66,78,67,55,20,266,,,,,,,,,gmt,subduction_intraslab
071793A,,-30.03,-71.58,67,5.7,mw,342,10,46,207,83,97,52,124,37,290,,,,,,,,,gmt,subduction_intraslab
072197H,,-30.72,-71.79,15,5.9,mw,29,27,123,173,67,74,64,57,21,275,,,,,,,,,gmt,subduction_intraslab
072297A,,-30.71,-72.38,15,5.4,mw,14,21,59,227,72,101,61,153,26,308,,,,,,,,,gmt,subduction_intraslab
072401E,,-33.22,-72.17,52,5.2,mw,334,40,87,158,50,93,85,87,5,246,,,,,,,,,gmt,subduction_intraslab
072597A,,-30.54,-72.37,15,6.0,mw,345,26,78,178,65,96,70,100,19,264,,,,,,,,,gmt,subduction_intraslab
072597B,,-30.69,-72.3,15,6.0,mw,358,25,79,191,66,95,69,110,20,276,,,,,,,,,gmt,subduction_intraslab
072797A,,-30.64,-72.41,15,6.2,mw,354,19,86,178,71,91,64,90,26,267,,,,,,,,,gmt,subduction_intraslab
072881B,,-41.97,-73.45,47,5.6,mw,44,59,17,305,75,148,33,260,11,357,,,,,,,,,gmt,subduction_intraslab
072886B,,-33.53,-72.47,18,5.7,mw,4,22,100,174,68,86,66,76,23,266,,,,,,,,,gmt,subduction_intraslab
072998A,,-32.3,-71.67,58,6.4,mw,181,40,116,329,55,70,72,187,8,73,,,,,,,,,gmt,subduction_intraslab
080290A,,-32.14,-72.2,35,6.0,mw,2,27,95,177,63,87,72,81,18,268,,,,,,,,,gmt,subduction_intraslab
080299A,,-33.08,-70.1,108,5.5,mw,141,19,-151,23,81,-73,34,99,51,312,,,,,,,,,gmt,subduction_intraslab
080380A,,-35.46,-69.82,164,5.3,mw,2,20,93,179,70,89,65,87,25,270,,,,,,,,,gmt,subduction_intraslab
080487A,,-40.63,-73.66,64,5.4,mw,84,48,32,331,67,133,49,289,11,32,,,,,,,,,gmt,subduction_intraslab
080499C,,-31.87,-67.98,126,5.3,mw,155,45,-139,33,62,-53,10,98,56,353,,,,,,,,,gmt,subduction_intraslab
080697D,,-30.67,-71.89,15,5.5,mw,339,5,63,186,85,92,49,99,41,274,,,,,,,,,gmt,subduction_intraslab
081186E,,-31.19,-67.76,26,5.3,mw,187,49,167,285,80,41,36,155,20,50,,,,,,,,,gmt,subduction_intraslab
081285A,,-38.45,-73.94,17,6.2,mw,16,15,111,174,76,84,59,77,31,269,,,,,,,,,gmt,subduction_intraslab
081496F,,-42.36,-72.81,33,5.2,mw,215,29,-11,314,85,-119,34,69,43,197,,,,,,,,,gmt,subduction_intraslab
081891D,,-31.95,-71.9,46,5.2,mw,312,18,37,186,79,105,54,114,33,264,,,,,,,,,gmt,subduction_intraslab
081897B,,-30.08,-72.42,15,5.7,mw,4,24,96,177,66,87,69,82,21,269,,,,,,,,,gmt,subduction_intraslab
082085B,,-33.97,-72.55,39,5.2,mw,12,33,104,176,58,81,75,60,13,272,,,,,,,,,gmt,subduction_intraslab
082178A,,-31.79,-68.11,25,5.3,mw,218,9,79,49,81,92,54,321,36,138,,,,,,,,,gmt,subduction_intraslab
082498B,,-32.84,-69.32,115,5.1,mw,102,29,-106,300,62,-81,17,24,71,230,,,,,,,,,gmt,subduction_intraslab
082980A,,-39.75,-73.37,45,5.4,mw,171,29,140,298,72,67,57,177,23,45,,,,,,,,,gmt,subduction_intraslab
083079A,,-31.4,-67.06,27,5.5,mw,354,31,35,233,73,116,55,176,23,303,,,,,,,,,gmt,subduction_intraslab
090490F,,-30.92,-68.66,118,5.7,mw,215,44,-92,37,46,-88,1,126,88,0,,,,,,,,,gmt,subduction_intraslab
090586B,,-37.05,-72.53,80,5.3,mw,129,24,174,225,88,66,43,112,38,336,,,,,,,,,gmt,subduction_intraslab
090682C,,-32.08,-71.39,78,5.3,mw,68,21,-166,326,85,-69,37,37,46,256,,,,,,,,,gmt,subduction_intraslab
090704F,,-34.1,-72.49,14,5.2,mw,10,16,105,174,74,86,60,78,29,268,,,,,,,,,gmt,subduction_intraslab
090704I,,-34.14,-72.52,14,5.7,mw,6,10,102,174,80,88,55,81,35,266,,,,,,,,,gmt,subduction_intraslab
090804A,,-34.13,-72.4,15,5.1,mw,359,23,98,170,67,86,68,74,22,263,,,,,,,,,gmt,subduction_intraslab
090996A,,-32.06,-71.94,49,5.9,mw,334,40,55,196,58,116,66,156,10,268,,,,,,,,,gmt,subduction_intraslab
091004D,,-38.06,-73.24,12,5.2,mw,30,48,62,248,49,118,70,228,1,319,,,,,,,,,gmt,subduction_intraslab
091187B,,-31.67,-71.02,114,5.2,mw,52,10,-39,181,84,-98,38,278,51,82,,,,,,,,,gmt,subduction_intraslab
091198A,,-30.46,-71.55,37,5.1,mw,337,47,52,207,55,124,63,174,4,273,,,,,,,,,gmt,subduction_intraslab
091294B,,-31.26,-72.13,47,5.9,mw,306,21,51,167,74,103,59,96,28,246,,,,,,,,,gmt,subduction_intraslab
091483A,,-36.4,-73.65,10,5.4,mw,23,16,131,161,78,79,56,57,32,260,,,,,,,,,gmt,subduction_intraslab
091494C,,-31.23,-72.09,28,5.4,mw,26,32,131,160,66,68,62,36,18,267,,,,,,,,,gmt,subduction_intraslab
091591E,,-31.58,-69.96,123,5.8,mw,262,87,0,172,90,177,2,127,2,217,,,,,,,,,gmt,subduction_intraslab
091794D,,-32.48,-72.01,19,5.7,mw,11,26,83,199,64,93,71,116,19,286,,,,,,,,,gmt,subduction_intraslab
091981B,,-39.45,-74.94,15,5.5,mw,206,38,-53,342,61,-116,12,90,65,207,,,,,,,,,gmt,subduction_intraslab
092294C,,-32.07,-71.9,27,5.4,mw,61,36,21,314,78,124,46,259,25,18,,,,,,,,,gmt,subduction_intraslab
092402B,,-31.48,-69.12,120,6.2,mw,27,39,-94,212,51,-87,6,300,83,143,,,,,,,,,gmt,subduction_intraslab
092704F,,-32.72,-72.02,33,5.5,mw,17,21,109,177,70,83,64,75,25,272,,,,,,,,,gmt,subduction_intraslab
092803G,,-35.54,-71.11,105,5.1,mw,245,17,-66,39,74,-97,29,136,60,300,,,,,,,,,gmt,subduction_intraslab
093002B,,-35.17,-71.07,114,5.2,mw,222,23,-73,23,68,-97,23,119,66,281,,,,,,,,,gmt,subduction_intraslab
100192D,,-39.04,-74.96,15,5.5,mw,35,42,-51,167,58,-120,9,278,63,27,,,,,,,,,gmt,subduction_intraslab
100195A,,-31.33,-71.76,90,5.4,mw,180,18,-74,344,73,-95,28,77,62,246,,,,,,,,,gmt,subduction_intraslab
101098A,,-33.87,-72.48,20,5.6,mw,352,26,87,175,64,91,71,89,19,264,,,,,,,,,gmt,subduction_intraslab
101179B,,-33.41,-71.55,44,5.4,mw,13,24,96,187,66,87,69,91,21,278,,,,,,,,,gmt,subduction_intraslab
101190A,,-34.17,-72.07,15,5.4,mw,329,11,58,182,81,96,54,99,35,266,,,,,,,,,gmt,subduction_intraslab
101194A,,-32.22,-71.91,58,5.7,mw,284,33,37,162,71,118,56,107,21,231,,,,,,,,,gmt,subduction_intraslab
102094A,,-39.19,-70.8,170,5.9,mw,234,15,161,343,85,76,48,237,39,85,,,,,,,,,gmt,subduction_intraslab
102183A,,-30.69,-68.61,132,5.4,mw,323,30,-143,200,73,-65,24,271,56,141,,,,,,,,,gmt,subduction_intraslab
102485A,,-31.55,-68.73,124,5.5,mw,63,44,-105,263,48,-76,2,344,79,243,,,,,,,,,gmt,subduction_intraslab
102998B,,-32.56,-70.46,110,5.3,mw,165,47,164,266,78,44,39,136,20,29,,,,,,,,,gmt,subduction_intraslab
103093E,,-31.77,-68.16,126,5.8,mw,180,41,-125,43,58,-64,9,114,66,4,,,,,,,,,gmt,subduction_intraslab
110103B,,-35.48,-68.18,50,5.1,mw,250,65,-164,153,75,-26,7,203,28,109,,,,,,,,,gmt,subduction_intraslab
110301B,,-36.19,-72.02,100,5.1,mw,274,33,25,163,77,120,49,106,25,229,,,,,,,,,gmt,subduction_intraslab
110397G,,-30.99,-71.69,51,6.1,mw,352,31,88,175,59,91,76,88,14,263,,,,,,,,,gmt,subduction_intraslab
110399D,,-37.7,-73.93,15,5.3,mw,28,7,132,166,85,85,50,71,40,260,,,,,,,,,gmt,subduction_intraslab
110399E,,-37.7,-73.64,33,5.2,mw,96,55,179,187,89,35,25,57,23,316,,,,,,,,,gmt,subduction_intraslab
110492E,,-31.98,-72.21,19,6.0,mw,0,28,93,177,62,89,73,83,17,268,,,,,,,,,gmt,subduction_intraslab
110601A,,-30.53,-71.68,66,5.1,mw,352,37,88,174,53,91,82,92,8,263,,,,,,,,,gmt,subduction_intraslab
110685B,,-41.0,-74.3,16,5.3,mw,221,49,-52,351,53,-125,2,105,62,200,,,,,,,,,gmt,subduction_intraslab
110884B,,-30.89,-71.87,42,5.5,mw,359,40,87,182,50,92,85,112,5,271,,,,,,,,,gmt,subduction_intraslab
110884E,,-31.54,-68.5,144,5.3,mw,178,45,-115,32,50,-67,3,105,72,7,,,,,,,,,gmt,subduction_intraslab
110997B,,-30.06,-72.18,32,5.3,mw,325,29,32,206,75,115,53,146,26,277,,,,,,,,,gmt,subduction_intraslab
111080A,,-31.52,-67.55,15,5.6,mw,133,31,49,358,67,111,62,302,19,72,,,,,,,,,gmt,subduction_intraslab
111488C,,-32.76,-72.21,51,5.1,mw,347,27,96,160,63,87,72,63,18,253,,,,,,,,,gmt,subduction_intraslab
111792B,,-30.85,-71.63,55,5.3,mw,0,32,106,161,60,80,74,46,14,258,,,,,,,,,gmt,subduction_intraslab
112195D,,-33.33,-72.3,16,5.7,mw,355,20,84,181,71,92,65,95,25,270,,,,,,,,,gmt,subduction_intraslab
112377A,,-31.22,-67.69,21,6.7,mw,183,44,90,4,46,90,89,273,1,93,,,,,,,,,gmt,subduction_intraslab
112477A,,-31.53,-68.05,46,5.6,mw,190,34,91,8,56,89,79,276,11,99,,,,,,,,,gmt,subduction_intraslab
112603H,,-30.19,-71.84,95,5.1,mw,162,19,-91,344,71,-90,26,73,64,254,,,,,,,,,gmt,subduction_intraslab
112798D,,-32.04,-69.21,129,5.4,mw,191,45,-107,35,47,-74,1,113,78,17,,,,,,,,,gmt,subduction_intraslab
112877B,,-32.02,-68.21,33,5.6,mw,150,52,27,43,69,139,43,360,11,100,,,,,,,,,gmt,subduction_intraslab
112877C,,-31.67,-67.64,15,6.1,mw,182,21,106,345,70,84,65,245,25,80,,,,,,,,,gmt,subduction_intraslab
112892B,,-31.59,-72.08,22,6.4,mw,51,52,-177,319,87,-38,24,12,28,268,,,,,,,,,gmt,subduction_intraslab
112984B,,-35.42,-71.28,102,5.3,mw,151,19,-154,37,82,-73,35,112,50,325,,,,,,,,,gmt,subduction_intraslab
120191C,,-32.03,-69.55,114,5.4,mw,197,46,-121,58,52,-62,3,128,68,31,,,,,,,,,gmt,subduction_intraslab
120493E,,-33.57,-72.22,29,5.6,mw,35,16,140,163,80,77,54,59,34,264,,,,,,,,,gmt,subduction_intraslab
120577B,,-31.57,-68.22,32,5.7,mw,103,65,-5,195,86,-154,14,326,21,62,,,,,,,,,gmt,subduction_intraslab
120677A,,-31.43,-68.11,19,5.9,mw,181,37,82,11,54,96,80,307,8,97,,,,,,,,,gmt,subduction_intraslab
120804A,,-30.97,-71.75,52,5.6,mw,358,34,91,177,56,89,79,84,11,267,,,,,,,,,gmt,subduction_intraslab
121077B,,-31.28,-68.03,35,5.5,mw,199,29,117,348,65,76,68,232,18,89,,,,,,,,,gmt,subduction_intraslab
121198B,,-31.52,-68.94,128,5.4,mw,32,41,-97,221,49,-84,4,307,84,175,,,,,,,,,gmt,subduction_intraslab
121202A,,-31.86,-67.28,132,5.3,mw,245,33,8,148,86,123,40,88,33,211,,,,,,,,,gmt,subduction_intraslab
121498D,,-38.28,-71.25,146,5.9,mw,250,8,-6,346,89,-98,44,84,45,248,,,,,,,,,gmt,subduction_intraslab
121581A,,-36.13,-71.16,105,5.0,mw,157,10,-61,308,81,-95,36,42,53,212,,,,,,,,,gmt,subduction_intraslab
121583A,,-33.09,-70.56,104,6.0,mw,202,21,-78,9,69,-95,24,103,65,271,,,,,,,,,gmt,subduction_intraslab
121897B,,-41.99,-72.92,44,5.2,mw,87,27,37,323,74,112,55,261,26,36,,,,,,,,,gmt,subduction_intraslab
122178B,,-36.4,-72.57,50,5.8,mw,101,34,52,324,64,112,64,272,16,38,,,,,,,,,gmt,subduction_intraslab
122190F,,-32.71,-69.7,130,5.4,mw,289,47,-7,24,85,-137,25,148,33,256,,,,,,,,,gmt,subduction_intraslab
122580B,,-31.0,-67.19,138,5.1,mw,173,40,-106,14,52,-77,6,94,78,334,,,,,,,,,gmt,subduction_intraslab
122602C,,-31.46,-68.55,122,5.2,mw,347,37,-81,156,54,-97,8,251,80,37,,,,,,,,,gmt,subduction_intraslab
122679A,,-35.9,-71.5,111,5.6,mw,199,6,-66,355,85,-92,39,87,50,262,,,,,,,,,gmt,subduction_intraslab
122992C,,-31.55,-67.15,144,5.4,mw,139,26,-112,343,66,-80,20,65,67,272,,,,,,,,,gmt,subduction_intraslab
123087A,,-34.74,-71.01,112,5.4,mw,126,21,-171,27,87,-69,38,99,44,318,,,,,,,,,gmt,subduction_intraslab
