id,time_iso,longitude,latitude,depth,mag,mag_type,strike1,dip1,rake1,strike2,dip2,rake2,T_plunge,T_azimuth,N_plunge,N_azimuth,P_plunge,P_azimuth,Mrr,Mtt,Mpp,Mrt,Mrp,Mtp,source,class
714840,1976-05-30T03:08:53,-75.479,-41.493,15.0,6.09,mw,23.0,47.0,-79.0,187.0,44.0,-101.0,44.71812621806434,285.24335354643136,43.50121317153992,85.24675940341228,10.151791173494518,185.03043265676345,-1.66,0.08,1.59,-0.24,-0.03,0.43,gem,outer_rise
682971,1978-05-29T17:20:28,-79.406,-44.905,15.0,6.45,mw,170.0,81.0,-17.0,263.0,73.0,-171.0,17.54674848196461,37.21963467442197,71.51556066169412,198.2805165791776,5.630573755034515,305.4332266329947,-0.19,1.73,-1.54,0.72,1.93,-5.28,gem,outer_rise
653427,1980-01-28T16:59:21,-76.228,-44.93,16.4,5.44,mw,195.0,27.0,-56.0,338.0,68.0,-106.0,43.894605391292274,79.88006100957074,20.015109492391066,329.36352177598286,39.35664427694056,221.98082982662885,-1.21,-0.18,1.39,0.64,-1.07,-0.11,gem,outer_rise
626780,1981-05-17T17:04:56,-71.968,-27.23,15.0,5.26,mw,191.0,37.0,-79.0,358.0,54.0,-98.0,44.80563740842586,93.160186322792,20.293765466329887,341.61177925964586,38.23947458879875,234.6695781495215,-9.02,-0.5,9.51,0.82,-3.02,0.82,gem,outer_rise
624731,1981-06-04T07:39:40,-78.984,-34.227,22.0,5.14,mw,207.0,42.0,-41.0,330.0,64.0,-124.0,40.56104135662221,83.87633272088436,41.78868680897126,303.9710214336522,21.396661717551492,193.47172229165432,-4.22,-1.6,5.82,3.19,-1.92,-0.16,gem,outer_rise
610009,1981-10-16T03:25:44,-72.993,-33.137,35.0,7.08,mw,6.0,56.0,86.0,194.0,34.0,96.0,43.723384440108894,81.57574460187152,8.750181798321279,180.0408727169668,44.95022669918118,278.879427118693,4.94,-0.57,-4.36,-0.03,1.97,-0.73,gem,outer_rise
583758,1983-02-28T22:44:20,-78.976,-44.441,15.0,5.97,mw,260.0,90.0,180.0,350.0,90.0,0.0,2.480781363304358e-15,35.0,90.0,286.565051177078,7.442344089913072e-15,125.0,-0.2,0.47,-0.27,0.0,0.0,-1.06,gem,outer_rise
565662,1983-11-28T19:10:08,-76.15,-44.912,21.8,5.53,mw,7.0,79.0,-76.0,133.0,18.0,-142.0,43.81474569742743,265.2860728831881,14.76840245357992,9.93728428015271,42.458480995503166,113.89545164550452,-0.88,-0.15,1.03,-0.37,-2.18,-0.48,gem,outer_rise
562664,1983-12-10T17:37:58,-78.118,-44.582,15.0,5.58,mw,258.0,90.0,180.0,348.0,90.0,0.0,2.4807813633043563e-15,33.0,90.0,284.565051177078,7.442344089913071e-15,123.0,-0.24,1.25,-1.01,0.0,0.0,-2.63,gem,outer_rise
550203,1984-06-03T01:44:12,-76.085,-45.371,12.1,5.43,mw,221.0,73.0,-30.0,320.0,61.0,-161.0,28.79344942668453,92.8497538077538,59.608214738501786,252.4179190638457,8.903681095929477,357.91034830674687,-0.78,-1.17,1.95,0.42,0.37,0.08,gem,outer_rise
531377,1985-03-30T13:47:27,-76.69,-45.659,20.0,5.41,mw,135.0,64.0,-94.0,325.0,26.0,-81.0,44.9369509179826,47.98864902989203,5.82168545054142,312.14958662101674,44.473524894555,216.40454444861555,-0.97,0.34,0.62,-0.71,0.73,-1.11,gem,outer_rise
528625,1985-04-28T08:30:31,-75.909,-39.713,15.0,5.89,mw,46.0,27.0,-101.0,239.0,64.0,-84.0,44.88018101698493,324.1725782400105,8.194983257519507,62.41789631629547,43.955434432899,160.3995065566589,-6.47,4.2,2.27,4.45,2.26,3.4,gem,outer_rise
482545,1986-11-28T20:34:50,-77.258,-45.531,32.8,5.22,mw,260.0,90.0,180.0,350.0,90.0,0.0,2.480781363304358e-15,35.0,90.0,286.565051177078,7.442344089913072e-15,125.0,-1.47,3.62,-2.14,0.0,0.0,-8.0,gem,outer_rise
479202,1986-12-25T17:17:41,-79.436,-44.746,15.0,6.35,mw,262.0,88.0,146.0,353.0,56.0,3.0,22.20582947079089,32.23337109363524,56.01291525245498,264.96909831153647,24.323578638472053,132.8663255156776,-0.28,1.23,-0.94,-2.39,0.39,-3.19,gem,outer_rise
474595,1987-02-14T15:44:19,-76.071,-45.641,15.0,5.86,mw,167.0,81.0,-14.0,259.0,76.0,-171.0,15.644978894873129,33.58534124032303,73.95378319859267,200.41335623630945,3.477344958008926,302.61026130310825,-1.3,3.63,-2.33,0.45,1.73,-6.8,gem,outer_rise
471680,1987-03-10T00:22:35,-72.0,-18.498,28.1,5.78,mw,176.0,39.0,-84.0,349.0,52.0,-94.0,44.9371616112095,81.73673926793185,16.494280463666065,334.5518484833761,40.424780861335655,229.94257713577528,-6.43,1.59,4.83,0.69,-1.23,-0.42,gem,outer_rise
471689,1987-03-10T02:18:08,-72.165,-18.58,21.1,5.57,mw,8.0,12.0,-79.0,177.0,78.0,-92.0,44.96777828463146,268.7225844230026,2.4799577907723727,176.2430924419782,44.92494756251524,83.76730703155846,-1.19,0.08,1.1,-0.17,2.52,0.05,gem,outer_rise
471852,1987-03-12T06:07:17,-72.183,-18.597,15.9,5.03,mw,149.0,73.0,-91.0,332.0,17.0,-87.0,44.99488177020286,59.800783718846674,1.1534513966442257,328.6473046434796,44.98190063014485,237.4943481931429,-2.89,1.08,1.81,-1.94,3.18,-0.56,gem,outer_rise
454184,1987-11-29T07:57:22,-76.746,-45.627,14.6,5.44,mw,154.0,37.0,-95.0,340.0,53.0,-86.0,44.959738862059936,67.56888170196805,10.490227699691609,168.22433505219897,43.13967383699127,268.2164573359957,-1.6,0.07,1.53,0.12,-0.5,-0.73,gem,outer_rise
442678,1988-03-09T21:33:55,-73.979,-17.296,34.3,5.91,mw,122.0,36.0,-111.0,327.0,57.0,-76.0,44.32663249632392,46.94004231325914,27.249138609220346,167.14200086583492,33.34300435874267,276.9491383110584,-7.2,3.54,3.65,1.39,-3.31,-5.74,gem,outer_rise
440555,1988-04-12T23:19:57,-72.128,-17.341,31.0,7.06,mw,145.0,79.0,91.0,322.0,11.0,87.0,44.98655677320422,236.26419729708076,1.0586991984632768,145.20581414419382,44.99388303446827,54.14716026050877,1.82,-0.62,-1.19,2.53,-3.65,0.93,gem,outer_rise
440564,1988-04-13T00:39:32,-72.415,-17.35,20.0,6.16,mw,160.0,56.0,119.0,295.0,44.0,54.0,15.651667068001434,304.96123302365453,43.38436072473836,199.60582574467452,42.44106799892045,49.80626499889098,1.94,-0.98,-0.95,-0.64,-1.1,0.79,gem,outer_rise
440580,1988-04-13T06:22:29,-72.594,-17.599,15.0,5.43,mw,121.0,83.0,90.0,299.0,7.0,88.0,45.00000000000001,211.0,1.2722218725854064e-14,121.0,44.99999999999999,31.0,0.51,-0.33,-0.17,1.47,-0.89,0.14,gem,outer_rise
440889,1988-04-17T02:50:39,-72.388,-17.44,40.0,5.54,mw,160.0,66.0,101.0,314.0,26.0,66.0,41.77531951131251,270.3558801119501,14.764504735159674,166.7385801801829,44.496667876435225,61.730307498168486,1.67,-0.26,-1.41,0.47,-1.62,1.13,gem,outer_rise
413072,1989-02-17T15:12:51,-72.636,-17.66,29.0,5.12,mw,170.0,66.0,114.0,302.0,33.0,48.0,32.26705127360218,296.88727251649726,30.40228572542847,185.1435330224664,42.64144318239062,62.43754880040876,3.67,0.04,-3.71,0.47,-3.62,3.53,gem,outer_rise
413481,1989-02-21T22:08:53,-79.186,-44.573,15.0,5.52,mw,98.0,20.0,-80.0,268.0,71.0,-94.0,44.93812079730063,0.1986269541185379,4.400029349653217,265.7951060871339,44.72463839385482,171.42434248136772,-1.37,1.61,-0.23,1.85,0.1,-0.08,gem,outer_rise
411394,1989-03-29T04:06:10,-72.391,-18.528,17.6,5.37,mw,159.0,35.0,-95.0,345.0,56.0,-87.0,44.96302264678315,72.58886222835099,8.171923485284422,170.83447243516162,43.87903650982188,268.7718196298082,-1.17,-0.14,1.31,0.11,-0.5,-0.53,gem,outer_rise
407160,1989-04-13T00:43:09,-75.126,-39.423,15.0,5.78,mw,204.0,34.0,-51.0,339.0,64.0,-113.0,42.93620694410964,86.39408198104735,30.49872191120104,323.16139345121934,31.846724537952976,211.70025416797668,-4.21,-0.61,4.82,2.24,-2.67,0.23,gem,outer_rise
341452,1991-02-13T06:17:24,-79.568,-44.759,14.4,5.65,mw,261.0,90.0,-180.0,351.0,90.0,0.0,7.442344089913072e-15,216.0,90.0,54.43494882292202,2.4807813633043563e-15,306.0,-0.38,1.34,-0.96,0.0,0.0,-3.53,gem,outer_rise
290311,1992-05-06T23:29:48,-72.101,-17.218,47.8,5.16,mw,169.0,82.0,148.0,264.0,58.0,10.0,17.160608096713577,301.77789832837186,58.09217065080795,182.04519302851256,26.010556772066625,40.44432174376044,-0.42,-1.87,2.29,-1.85,-4.38,5.16,gem,outer_rise
265443,1992-10-01T08:18:50,-75.096,-39.158,15.0,5.46,mw,35.0,42.0,-51.0,167.0,58.0,-120.0,42.12985826471402,278.2151686611156,41.57690574280676,134.8537821959926,19.334147436752747,26.71866016235964,-1.47,-0.38,1.84,-0.57,0.61,0.43,gem,outer_rise
243498,1993-03-17T04:36:00,-74.988,-37.591,16.0,5.6,mw,224.0,30.0,-37.0,348.0,72.0,-115.0,41.991529277220216,95.97225297446164,27.89746204017574,337.5121541423183,35.273884778111814,225.51965025227776,-1.57,-0.63,2.2,0.74,-2.15,0.76,gem,outer_rise
225691,1993-06-01T15:53:45,-77.168,-45.709,10.0,5.92,mw,77.0,75.0,162.0,172.0,73.0,16.0,1.7480974052164888,214.0299245195421,68.40611691872044,119.60759639347476,21.515864094232345,304.7193081265026,0.19,2.87,-3.05,3.54,-2.28,-7.77,gem,outer_rise
179547,1994-04-28T16:44:53,-75.142,-39.511,12.3,5.54,mw,225.0,51.0,-44.0,346.0,57.0,-132.0,39.637956812613965,104.35808065255368,49.63553288905472,297.3052693562412,6.4159614906292415,199.70306526617424,-1.66,-0.67,2.33,0.92,-0.48,0.87,gem,outer_rise
84590,1995-09-17T07:25:28,-74.206,-35.523,12.5,5.57,mw,46.0,56.0,-63.0,184.0,42.0,-124.0,42.77546020347228,297.11699236193726,41.90848566267295,83.25635129769631,17.720056140048722,189.9216355690749,-2.29,0.18,2.1,-1.17,-0.12,1.12,gem,outer_rise
69439,1995-11-17T02:40:50,-79.678,-44.873,15.0,5.75,mw,259.0,79.0,171.0,351.0,81.0,11.0,1.5555536889174577,215.0607408609469,76.21838884585704,311.41719669123955,13.690084489393668,124.68172704236622,-0.66,2.02,-1.35,-1.25,0.97,-4.76,gem,outer_rise
948724,1996-02-19T07:10:08,-75.461,-42.165,10.0,5.96,mw,15.0,63.0,-93.0,201.0,27.0,-85.0,44.96554292193324,287.2293752182959,4.538532088807576,192.6820213060861,44.67569374257565,98.18053993292403,-7.38,-1.74,9.12,-1.62,-6.14,3.82,gem,outer_rise
1035413,1997-07-04T23:52:06,-76.503,-45.562,15.0,5.21,mw,264.0,90.0,-180.0,354.0,90.0,0.0,7.442344089913072e-15,219.0,90.0,57.43494882292202,2.480781363304357e-15,309.0,-2.35,2.97,-0.62,0.0,0.0,-7.98,gem,outer_rise
1050895,1997-11-05T06:09:15,-78.161,-43.908,15.0,5.56,mw,80.0,75.0,-173.0,349.0,84.0,-15.0,14.980595846577865,34.85829409537922,73.84465326995335,192.33507171981947,5.90968236856994,303.27110967072787,-0.14,1.0,-0.85,-0.16,-0.75,-2.39,gem,outer_rise
1065281,1998-01-19T18:24:04,-79.537,-44.965,15.0,6.17,mw,170.0,78.0,-4.0,261.0,86.0,-168.0,11.1016775856752,34.85855362773464,77.4634835156745,242.9203100758062,5.750690847042215,125.9908473636633,-0.23,0.85,-0.62,0.41,0.17,-2.07,gem,outer_rise
1105435,1998-05-08T17:42:21,-77.646,-45.706,10.0,5.27,mw,158.0,55.0,-17.0,258.0,76.0,-144.0,30.61177358513883,23.900568981456445,54.558708215337646,237.6681365187558,16.104382861561046,123.7365017870984,-1.78,4.75,-2.97,4.94,4.67,-6.47,gem,outer_rise
1108472,1998-05-24T13:41:50,-72.563,-17.076,45.5,5.31,mw,144.0,56.0,96.0,313.0,34.0,81.0,42.23386308947156,254.95770118607487,12.941548800053098,152.9166770486578,44.88807315246933,49.68448472313531,9.08,-3.38,-5.69,2.44,-3.73,8.02,gem,outer_rise
1322639,1998-11-06T08:01:12,-79.827,-44.341,10.0,5.88,mw,256.0,69.0,171.0,349.0,82.0,22.0,9.129675195936256,214.3802639735254,67.99940893940934,327.8177211127982,19.837533004706817,121.05659611324836,-0.64,3.28,-2.64,-2.66,2.82,-6.82,gem,outer_rise
1655100,1999-08-12T07:27:11,-76.711,-45.575,10.5,5.48,mw,6.0,40.0,-20.0,111.0,77.0,-128.0,37.08100711196015,229.915945205032,39.90433001997455,100.71652591802008,28.311488425528932,343.9410812238762,-0.69,-0.29,0.98,-1.55,0.12,-1.02,gem,outer_rise
1780646,2001-02-19T14:31:55,-79.927,-45.171,10.0,5.77,mw,260.0,76.0,180.0,350.0,90.0,14.0,9.84972365902512,215.86372851064328,76.0,349.99999999999994,9.84972365902513,124.13627148935672,-0.94,2.29,-1.35,-0.64,1.25,-4.99,gem,outer_rise
1882885,2001-04-09T09:01:00,-73.102,-32.723,15.0,6.65,mw,33.0,46.0,-94.0,219.0,44.0,-86.0,44.963878864493296,305.8276493431197,40.0632000275271,158.69583199811154,17.090651097597373,53.71064228403918,-1.06,0.3,0.76,0.02,-0.05,0.71,gem,outer_rise
1968259,2001-06-25T06:38:49,-73.952,-17.039,30.0,5.69,mw,157.0,76.0,112.0,278.0,26.0,34.0,38.23500746414945,273.6639991213158,23.81186482107168,163.31695455441206,42.35924361845752,49.5894718156751,1.92,-1.51,-0.4,0.85,-3.41,1.54,gem,outer_rise
1893888,2001-06-26T17:27:48,-72.148,-17.787,25.0,5.29,mw,176.0,27.0,105.0,339.0,64.0,83.0,43.18900219286349,233.52498337624053,10.854370033900024,333.89417294565425,44.77797123757343,74.86233575389002,8.34,-0.27,-8.07,-2.89,5.96,1.8,gem,outer_rise
1906238,2001-06-28T21:35:24,-72.496,-17.578,23.8,5.25,mw,45.0,13.0,155.0,160.0,85.0,78.0,43.53785109912528,56.64835550533854,11.973916437343163,158.2744248957581,43.99516624985391,260.09042920695583,1.33,1.84,-3.16,3.17,-8.64,-0.52,gem,outer_rise
1906270,2001-06-30T08:57:19,-72.098,-17.79,26.7,5.29,mw,144.0,53.0,72.0,353.0,41.0,113.0,22.38332672122273,180.2131775565819,37.51831721096231,288.64750007307657,44.088330616916295,66.70198020298517,1.0,-0.1,-0.9,0.34,-0.11,0.36,gem,outer_rise
1906291,2001-07-01T11:06:33,-73.109,-17.338,35.0,5.4,mw,226.0,72.0,144.0,328.0,56.0,22.0,12.62141648076056,2.4369994004268847,55.07572166160745,253.732301447702,31.9482435187283,100.4639576443987,0.62,0.95,-1.56,-0.67,-0.3,-0.34,gem,outer_rise
1939461,2001-07-27T22:42:33,-72.741,-17.37,32.5,5.32,mw,167.0,69.0,108.0,305.0,27.0,51.0,38.38421485524319,284.5341898734216,21.96236126021914,175.90507437863084,43.54231453104047,63.37005589905431,7.27,-1.49,-5.78,0.87,-8.43,4.92,gem,outer_rise
1955405,2001-08-07T08:39:55,-72.182,-17.248,37.5,5.13,mw,144.0,65.0,92.0,320.0,25.0,86.0,44.87773984302522,238.12470472642093,2.818057275116847,145.31525785923276,44.983767120909135,52.49538538290358,4.78,-1.89,-2.88,2.31,-3.28,2.17,gem,outer_rise
2034728,2001-09-02T09:31:37,-72.093,-17.693,25.0,5.35,mw,151.0,56.0,82.0,345.0,35.0,102.0,40.319166869180975,214.18080381481056,16.930388475184184,319.15163976750927,44.80117536214752,66.74727737823315,1.18,-0.07,-1.1,0.31,-0.39,0.5,gem,outer_rise
2254868,2001-10-23T23:54:23,-76.037,-43.446,15.0,5.13,mw,232.0,45.0,-27.0,342.0,71.0,-132.0,37.0784272396343,101.08677772852307,45.00000000000001,322.0,21.68245841969159,208.5721629604896,-2.94,-2.39,5.33,1.75,-3.09,2.28,gem,outer_rise
2712349,2001-12-31T19:14:11,-72.565,-17.402,23.3,5.22,mw,158.0,59.0,129.0,281.0,48.0,44.0,10.995566068515402,302.01910212888697,47.86423340289464,199.61727896728624,40.03129415540833,41.41283137529035,6.07,-4.12,-1.95,-2.08,-4.56,4.57,gem,outer_rise
2903943,2002-03-03T07:16:17,-76.231,-45.798,10.0,5.86,mw,168.0,86.0,-7.0,258.0,83.0,-176.0,7.709879979281681,33.387556127239804,82.00112721196294,197.84307163997028,2.117800484205893,303.1007145530621,-1.1,3.62,-2.52,0.13,0.91,-7.0,gem,outer_rise
3229300,2002-07-18T21:53:14,-79.995,-44.707,10.0,5.19,mw,119.0,68.0,117.0,246.0,34.0,42.0,31.14541584301644,246.4180712613108,32.406563075851174,133.86057444384062,41.85835876510668,9.199328770594434,4.36,-7.13,2.76,4.07,-2.52,1.03,gem,outer_rise
3522120,2002-10-31T20:36:52,-75.053,-40.117,10.0,5.13,mw,27.0,53.0,-114.0,244.0,43.0,-61.0,43.38967521613944,313.7853714810016,42.7685584694113,162.81071801054418,15.001146428589006,58.45918155935993,-5.78,3.04,2.73,0.91,-2.36,2.88,gem,outer_rise
6529439,2003-01-02T00:20:13,-72.593,-17.465,35.0,5.24,mw,166.0,70.0,120.0,288.0,36.0,37.0,30.06779848657795,293.8474723045349,34.442584365519,180.45462255902967,40.923624938227405,53.97339340555499,0.53,-0.26,-0.27,-0.05,-0.64,0.47,gem,outer_rise
6533658,2003-01-09T09:49:08,-79.376,-44.52,15.0,5.9,mw,169.0,84.0,-2.0,259.0,88.0,-174.0,5.629770784055253,33.9649799122713,83.69022790624584,240.90371490389663,2.8401917002221717,124.2451838301215,-0.62,3.64,-3.01,0.82,0.35,-7.95,gem,outer_rise
6927203,2003-06-03T23:58:02,-72.729,-17.379,20.0,5.91,mw,159.0,74.0,106.0,294.0,22.0,47.0,40.88651424876441,270.5965759287312,17.93278071180333,164.3245623743113,43.66707109011848,56.33128892861737,4.3,-1.53,-2.77,2.36,-6.95,3.9,gem,outer_rise
6941752,2003-06-20T04:23:27,-76.594,-45.627,15.0,5.31,mw,172.0,36.0,-70.0,327.0,56.0,-104.0,44.38855839067007,67.76323436211652,26.620175998223857,308.38199760304,33.82700235412196,198.75663915908024,-1.07,0.12,0.95,0.38,-0.27,-0.36,gem,outer_rise
7402047,2004-09-16T14:48:50,-72.582,-17.342,25.0,5.36,mw,161.0,74.0,98.0,314.0,18.0,64.0,43.92085901362898,262.4308806116784,9.042056097207087,163.6154170966023,44.66372514344061,64.56637275473281,0.67,-0.11,-0.56,0.35,-1.13,0.42,gem,outer_rise
7430468,2004-11-04T08:10:15,-76.57,-45.936,10.0,4.96,mw,88.0,61.0,-158.0,347.0,71.0,-31.0,30.030854659223163,39.27736243625526,58.78598976242237,201.82717804092164,7.732275661778625,304.7756125364801,-1.39,1.4,-0.01,-0.32,-1.34,-2.96,gem,outer_rise
7430474,2004-11-04T08:29:14,-76.535,-45.841,10.0,5.24,mw,82.0,73.0,-172.0,349.0,82.0,-17.0,16.844983520708382,36.80605226667603,71.78293518013068,193.7278750823774,6.735383206635218,304.75686594261384,-1.67,3.65,-1.98,-0.25,-2.5,-8.38,gem,outer_rise
7492309,2005-04-13T09:25:24,-72.956,-33.132,12.5,5.37,mw,21.0,38.0,-89.0,200.0,52.0,-91.0,44.998321240856434,290.2875949379343,2.539367671337926,197.74587860277552,44.88920654942637,105.21383112934802,-1.33,0.04,1.29,0.1,0.31,0.53,gem,outer_rise
7703525,2005-10-10T16:06:57,-76.695,-45.632,17.0,5.08,mw,85.0,46.0,-158.0,339.0,74.0,-46.0,35.55769165475289,38.42644449050499,45.99410308321214,176.16284129151768,22.34059377941341,291.34336014802835,-2.2,2.54,-0.33,1.03,-2.79,-3.74,gem,outer_rise
8494456,2006-04-28T18:21:54,-76.88,-45.588,15.0,5.35,mw,76.0,75.0,-179.0,346.0,89.0,-15.0,11.191448002050722,31.85502565060364,74.97559241074336,169.34260765660542,9.89504474005542,299.8771974062909,0.07,0.57,-0.64,0.02,-0.36,-1.13,gem,outer_rise
10699429,2006-07-16T11:42:40,-72.482,-28.65,10.0,6.19,mw,205.0,48.0,-70.0,357.0,46.0,-111.0,44.04314779171628,101.00151019813428,45.58361183289235,271.7710817545639,4.628583151058124,6.510637940837853,-2.0,-0.6,2.6,0.36,-0.01,0.64,gem,outer_rise
8788782,2006-10-07T16:32:15,-76.436,-45.636,15.0,5.12,mw,135.0,33.0,-74.0,296.0,58.0,-100.0,44.65623234027533,33.467023795470254,18.289538162481243,284.40610205294,39.670443075479234,178.49702202015987,-5.95,3.49,2.46,2.83,-0.45,-1.84,gem,outer_rise
8971862,2006-11-20T19:33:53,-75.139,-40.087,15.0,5.18,mw,190.0,42.0,-82.0,359.0,48.0,-97.0,44.87483001610006,94.34315972973708,32.47344637343762,325.02365336975106,27.54906560379868,215.63394418912063,-0.7,-0.06,0.76,0.06,-0.08,0.06,gem,outer_rise
11705234,2007-03-26T02:46:56,-72.558,-17.418,15.0,5.42,mw,153.0,79.0,92.0,324.0,11.0,81.0,44.946258147471305,245.52650233853933,2.1172794909713213,153.4117484240088,44.97553654170957,61.29483112154247,0.6,-0.12,-0.48,0.71,-1.42,0.33,gem,outer_rise
11919500,2007-04-08T11:51:13,-72.824,-17.678,32.5,5.09,mw,132.0,68.0,77.0,344.0,26.0,119.0,41.13167790361328,200.1915890584316,16.45961519975531,305.14435199531016,44.25671765739721,51.87538181700455,3.63,-0.88,-2.74,3.09,-2.15,1.91,gem,outer_rise
11919570,2007-04-08T13:28:17,-72.794,-17.481,30.8,5.15,mw,159.0,71.0,99.0,312.0,21.0,65.0,43.39997091523102,263.0746777421842,10.737880557570833,162.74391678644452,44.61023489973653,61.96183532194266,3.64,-0.73,-2.91,1.73,-4.9,2.42,gem,outer_rise
12969469,2007-09-22T08:01:03,-76.446,-45.934,10.0,5.55,mw,75.0,80.0,178.0,165.0,88.0,10.0,5.686087718771306,30.59790130096627,79.82667797988734,154.29884496168472,8.407961223745847,299.7546450877197,-0.59,1.57,-0.97,0.36,-0.41,-2.25,gem,outer_rise
13243356,2007-10-16T13:37:53,-76.131,-45.927,10.0,5.19,mw,71.0,63.0,-173.0,338.0,83.0,-27.0,22.304685780366988,27.36535371034876,62.70972661154827,170.03273648904565,14.90684381969762,291.0958632924484,-1.87,5.27,-3.39,1.35,-2.85,-5.39,gem,outer_rise
10971876,2008-05-20T15:16:06,-78.044,-44.529,15.0,5.58,mw,76.0,64.0,-170.0,342.0,81.0,-27.0,23.2178494576102,31.289187708374016,63.32206469629899,179.90884714697404,12.407009152717322,295.8741245437035,-0.29,1.48,-1.19,-0.05,-1.32,-2.12,gem,outer_rise
12085978,2009-03-12T11:03:11,-78.019,-44.977,15.0,4.99,mw,12.0,53.0,-67.0,157.0,43.0,-117.0,43.51931257349565,265.8874664782107,42.05212264937883,54.82375221337395,16.130871733637086,159.94667347718155,-3.72,0.44,3.28,-1.44,-0.76,-0.35,gem,outer_rise
13681521,2009-06-17T07:04:53,-77.204,-45.649,15.0,5.22,mw,80.0,80.0,-158.0,346.0,68.0,-11.0,21.17440775647494,31.449400093410247,67.02655956500291,235.4217064815317,8.50364497430815,124.76963660730678,-0.81,3.51,-2.7,-2.87,-2.2,-7.19,gem,outer_rise
13307294,2009-06-29T03:07:31,-76.686,-45.576,15.0,5.31,mw,79.0,67.0,-171.0,346.0,81.0,-23.0,21.006810779432893,34.1763009907595,66.20338945544415,184.72629462981715,10.672627139755878,300.02631258634085,-0.28,0.58,-0.29,0.05,-0.4,-0.99,gem,outer_rise
13760091,2009-09-12T03:56:57,-76.407,-45.589,15.0,4.99,mw,176.0,26.0,-92.0,359.0,64.0,-89.0,44.99624887639573,87.4956705192169,1.4225041558521732,178.91842694813818,44.96844132022318,270.3398027409446,-3.46,0.72,2.75,-0.02,-2.37,-0.09,gem,outer_rise
14357776,2010-02-27T08:01:20,-75.271,-37.846,15.0,7.36,mw,3.0,46.0,-102.0,200.0,46.0,-78.0,44.67595894069776,281.4541962430185,45.22153435214644,106.29835508232918,2.424136519376023,13.853198976108615,-1.4,0.16,1.24,0.23,-0.04,0.23,gem,outer_rise
14344165,2010-03-01T12:20:14,-73.828,-34.521,15.0,5.09,mw,41.0,40.0,-91.0,222.0,50.0,-89.0,44.99818342789745,311.7097942500527,3.68602173339806,45.40323300132695,44.76500727226635,139.06669007879282,-5.24,2.27,2.97,0.61,0.62,2.74,gem,outer_rise
14344172,2010-03-01T14:36:27,-73.564,-34.418,15.0,5.18,mw,46.0,39.0,-89.0,224.0,51.0,-91.0,44.998252887397655,315.2890110326639,3.017954467055884,222.2670456923065,44.84292783986317,129.26143583704263,-7.55,3.76,3.79,1.0,1.19,2.99,gem,outer_rise
14344341,2010-03-01T22:40:15,-73.999,-34.745,18.0,4.97,mw,32.0,37.0,-88.0,209.0,53.0,-92.0,44.99355458095125,300.57197772866243,4.337991707583605,206.22247943214728,44.67862671261167,111.92062463267746,-3.7,1.17,2.53,0.42,0.9,1.24,gem,outer_rise
14351179,2010-03-04T09:03:38,-74.723,-37.593,16.8,5.03,mw,217.0,45.0,-56.0,353.0,54.0,-119.0,42.548151449404855,103.61786615176923,45.00000000000001,307.0,11.931259748985694,204.80128166719325,-3.71,-0.21,3.92,1.5,-0.99,1.21,gem,outer_rise
14398331,2010-03-08T13:03:40,-73.752,-34.501,15.0,5.11,mw,38.0,41.0,-97.0,228.0,49.0,-84.0,44.907642907545615,312.95691097163694,25.723750759839355,71.65716918016744,34.03280320291282,180.64485521584996,-5.85,2.74,3.12,0.96,0.26,2.79,gem,outer_rise
14399318,2010-03-10T08:45:20,-73.928,-35.033,17.9,5.08,mw,48.0,34.0,-59.0,192.0,61.0,-109.0,43.675521324682464,295.9225107014194,28.32842032519476,174.9437756457985,33.08165281511247,64.38433967875955,-4.26,1.05,3.21,-0.42,2.81,1.98,gem,outer_rise
14400304,2010-03-10T16:00:50,-74.929,-38.172,15.0,5.11,mw,237.0,67.0,-38.0,344.0,55.0,-152.0,34.306639459265575,112.83535209913964,54.00157271664896,272.7516606754617,9.597225767947924,16.210246538624972,-2.66,-2.02,4.68,2.99,-0.06,2.96,gem,outer_rise
14746034,2010-06-08T06:32:22,-72.681,-17.38,28.4,5.12,mw,161.0,67.0,96.0,326.0,24.0,77.0,44.06791737114382,262.1177406561379,7.915254494534658,164.3833302461237,44.845385278233785,66.43474092204082,4.41,-0.9,-3.51,1.11,-3.96,1.77,gem,outer_rise
14788677,2010-06-28T00:59:46,-75.147,-37.872,20.0,5.61,mw,41.0,39.0,-59.0,184.0,57.0,-113.0,43.3620410433405,289.3187060426288,36.49288977370529,155.00095286023566,24.71990343051033,45.089521704746346,-2.53,-0.29,2.82,-0.34,1.2,1.43,gem,outer_rise
15259406,2010-10-21T02:49:56,-73.77,-34.754,15.0,5.91,mw,2.0,45.0,-136.0,237.0,60.0,-54.0,40.60913197722792,302.9763111656098,44.99999999999999,91.99999999999994,16.038822854808778,198.70707719110175,-0.58,-0.04,0.62,0.28,0.12,0.64,gem,outer_rise
15793752,2010-12-13T18:51:02,-73.296,-34.01,12.6,5.19,mw,38.0,28.0,-89.0,217.0,62.0,-90.0,44.998948451735565,307.2605893307564,0.8392585887993346,216.42127150304464,44.98875911367929,125.58225216796336,-6.21,2.17,4.04,2.63,3.57,3.34,gem,outer_rise
16506185,2011-04-04T07:54:33,-76.674,-45.617,10.3,5.33,mw,174.0,32.0,-79.0,341.0,59.0,-97.0,44.84439358547414,76.02729983918363,12.404031668545622,333.3918728706492,42.50879513251645,231.76144048097413,-1.12,0.11,1.01,0.28,-0.52,-0.2,gem,outer_rise
600015354,2011-10-19T20:45:10,-77.475,-45.712,10.0,5.17,mw,69.0,70.0,-159.0,331.0,70.0,-22.0,25.639624625853937,20.310979867544404,64.35905320287111,199.6877865186199,0.2431165687146355,290.194290344474,-1.22,5.32,-4.1,-1.09,-3.19,-3.91,gem,outer_rise
17594931,2011-11-25T17:35:43,-75.041,-38.023,15.0,5.01,mw,184.0,52.0,-60.0,321.0,47.0,-122.0,42.58050601034832,73.27100572452906,46.61759102991394,239.7606814490539,6.785648753950999,336.99367305678214,-3.51,0.14,3.38,1.56,0.79,-1.15,gem,outer_rise
600053895,2011-12-16T12:02:57,-76.358,-45.811,15.0,5.43,mw,75.0,75.0,178.0,165.0,89.0,15.0,9.240745129530474,31.24447849026893,74.90259171334944,158.33537184648458,11.833482448311065,299.2910074873341,-0.05,0.87,-0.81,0.18,-0.41,-1.44,gem,outer_rise
600053896,2011-12-16T12:54:25,-76.378,-45.885,15.0,5.74,mw,76.0,71.0,177.0,167.0,87.0,19.0,11.445969574692317,33.08473821254256,70.85878838202039,158.77071497073894,15.13120766028272,299.9462797207965,-0.81,2.47,-1.65,1.17,-1.5,-4.23,gem,outer_rise
600091494,2011-12-22T15:06:32,-76.146,-45.891,10.0,5.05,mw,72.0,66.0,-177.0,341.0,87.0,-24.0,18.381347561742658,28.88986411678934,65.92106833898941,166.92768959186583,15.00378649021659,293.7802460631638,-0.45,2.78,-2.33,0.62,-1.75,-3.47,gem,outer_rise
600094053,2011-12-23T04:18:42,-79.416,-44.349,10.0,5.05,mw,164.0,76.0,-15.0,258.0,75.0,-166.0,19.221029859295808,30.919346851975437,70.774522275379,209.63899485248936,0.3980707742440437,300.7805577256978,-1.16,2.6,-1.44,0.53,1.01,-3.91,gem,outer_rise
600136597,2012-01-05T00:54:31,-76.34,-45.962,10.0,5.3,mw,75.0,69.0,-175.0,343.0,85.0,-22.0,17.592850642706033,30.916779964179,68.68773630656227,175.28301378374795,11.644773216155674,297.17007651208235,-0.08,0.58,-0.5,0.04,-0.4,-0.86,gem,outer_rise
600852623,2012-04-06T13:25:01,-75.051,-38.195,15.0,5.0,mw,27.0,52.0,-73.0,181.0,42.0,-110.0,44.21114289162617,285.01074914695414,38.16655311268038,64.8845931445752,21.29604871508509,172.72564487826617,-3.82,0.41,3.41,-1.16,-0.38,0.79,gem,outer_rise
600934780,2012-04-25T05:01:57,-79.828,-44.545,10.0,5.3,mw,169.0,75.0,-10.0,261.0,81.0,-165.0,16.81713712531851,34.74818255049075,72.71856582309829,228.4593281428222,3.864736890839816,125.91813290677244,-0.12,0.42,-0.3,0.23,0.2,-0.98,gem,outer_rise
601884096,2012-11-12T05:07:13,-76.949,-45.579,15.0,5.24,mw,78.0,73.0,179.0,168.0,89.0,17.0,11.296998209817952,34.42825984113949,72.98039197805961,165.1664641369798,12.56111413440837,301.8771537759794,0.46,3.41,-3.87,0.48,-2.66,-7.83,gem,outer_rise
601885151,2012-11-12T10:55:13,-77.226,-45.689,10.0,5.12,mw,77.0,64.0,-179.0,346.0,89.0,-26.0,18.59530950394028,34.80509031616339,63.99321816141917,168.4042911002465,17.515279204203715,298.70995309861263,0.18,2.4,-2.58,0.35,-2.65,-4.78,gem,outer_rise
601890535,2012-11-13T04:31:27,-77.087,-45.703,15.0,6.03,mw,77.0,79.0,176.0,168.0,86.0,11.0,5.028782319826465,32.85234440766203,78.39864435915014,148.23274674138418,10.427537332824796,301.9244673182597,-0.03,0.6,-0.56,0.17,-0.26,-1.25,gem,outer_rise
601994445,2012-11-25T22:11:44,-77.927,-44.361,10.0,5.06,mw,80.0,79.0,-172.0,349.0,82.0,-11.0,13.04494998001221,34.48640057254579,76.75464571223436,204.32993268887,2.255739729392127,303.9634802147157,-1.6,2.55,-0.95,-0.12,-0.66,-4.53,gem,outer_rise
602345432,2013-01-23T07:43:00,-79.209,-44.606,15.0,5.49,mw,258.0,85.0,175.0,348.0,85.0,5.0,0.0135395518445205,213.2192791047444,82.98656679975291,303.3293366492046,7.013419999600454,123.21761343760528,-0.22,1.0,-0.77,-0.25,0.16,-1.99,gem,outer_rise
602926694,2013-05-03T09:18:18,-72.473,-28.114,15.0,5.16,mw,204.0,47.0,-73.0,359.0,45.0,-108.0,44.32959255759455,102.06782392512082,45.4819464208265,275.5022903771848,3.287502541583823,8.851149581763366,-6.69,0.25,6.44,1.59,-0.09,1.32,gem,outer_rise
602990057,2013-05-21T12:51:53,-76.664,-45.561,15.0,5.23,mw,113.0,32.0,-118.0,326.0,62.0,-73.0,44.01123254341566,43.16056788326512,24.134163698125747,158.8081446677329,36.27572195293352,268.0055562679229,-0.56,0.35,0.21,0.25,-0.37,-0.61,gem,outer_rise
609074863,2013-10-21T18:17:21,-75.148,-37.992,13.3,5.0,mw,201.0,38.0,-61.0,346.0,57.0,-111.0,43.6188685634472,90.61804061154174,34.351091466906105,319.97981495436886,26.971409413285052,209.62630621981012,-3.41,-0.18,3.59,1.19,-1.28,0.26,gem,outer_rise
603937792,2014-01-07T12:06:12,-79.291,-44.506,24.4,5.15,mw,256.0,81.0,176.0,347.0,86.0,9.0,3.587684010275803,211.6032507652899,80.2348923758861,322.96839603415134,9.070163174061646,121.02975365704869,-0.15,3.07,-2.92,-0.73,0.94,-5.76,gem,outer_rise
604085373,2014-03-02T10:12:23,-76.722,-45.74,18.0,5.34,mw,170.0,33.0,-47.0,302.0,67.0,-114.0,42.62783617157649,49.50433620994335,29.948293229703445,287.4778169499789,32.7174092770446,175.7543384835012,-1.0,0.22,0.77,0.95,-0.1,-0.32,gem,outer_rise
604085377,2014-03-02T11:14:40,-76.645,-45.792,15.3,5.18,mw,6.0,49.0,-50.0,134.0,55.0,-127.0,41.1547216883014,248.9214938125079,48.11944082934981,81.81218205367975,6.438450019295669,344.58196009096844,-5.8,0.04,5.76,-4.17,-0.84,-2.27,gem,outer_rise
604085391,2014-03-02T16:18:30,-76.576,-45.869,21.0,5.02,mw,160.0,33.0,-86.0,336.0,57.0,-93.0,44.97836555215363,67.10891526150778,5.294865736826998,331.7953199520662,44.53369162090616,236.5637994832857,-3.78,0.45,3.33,0.8,-1.55,-1.38,gem,outer_rise
604085395,2014-03-02T17:03:43,-76.246,-45.796,15.0,5.36,mw,177.0,32.0,-64.0,328.0,61.0,-105.0,44.14473101177301,68.25998940936324,23.211234995372735,313.66398051520787,36.84559088158058,204.91997821289536,-1.18,0.1,1.09,0.56,-0.5,-0.33,gem,outer_rise
610571195,2014-07-14T11:24:37,-73.378,-17.833,15.0,5.22,mw,125.0,42.0,-95.0,312.0,48.0,-85.0,44.95105676507794,38.538482800180816,25.43402669387576,156.8816293063694,34.22900038785435,265.75902899541404,-0.84,0.51,0.33,0.03,-0.09,-0.39,gem,outer_rise
606794601,2015-03-06T10:39:50,-78.462,-44.318,14.3,5.03,mw,77.0,74.0,-172.0,345.0,82.0,-16.0,16.223439821898058,31.730641428939293,72.65100299697914,190.38361957942303,5.982455751828305,299.98329860307274,-0.17,2.06,-1.89,-0.3,-1.36,-3.74,gem,outer_rise
607502549,2015-07-20T09:47:39,-74.382,-35.712,10.0,5.08,mw,16.0,43.0,-97.0,205.0,47.0,-84.0,44.90055841823797,290.9472504934268,36.36901097264137,68.15967870993529,22.79501642381356,176.18823146238344,-5.35,0.72,4.62,0.52,0.15,1.67,gem,outer_rise
607849909,2015-10-02T16:33:30,-72.667,-31.062,20.4,5.01,mw,216.0,52.0,-50.0,343.0,53.0,-129.0,40.76841785435117,98.96492479041194,49.21530839347402,280.9065346982237,0.960410977314899,189.7931123264688,-3.17,-0.54,3.71,2.15,-0.41,0.74,gem,outer_rise
608338691,2016-02-19T21:50:49,-77.755,-45.717,10.0,5.02,mw,80.0,72.0,-163.0,344.0,74.0,-19.0,22.549545839640658,32.560755460600944,67.40369594427834,208.67424511843197,1.3782436518508925,301.98835151460537,-0.68,2.08,-1.4,-0.8,-1.48,-3.51,gem,outer_rise
608505285,2016-03-27T12:01:41,-77.178,-45.676,15.0,4.97,mw,74.0,80.0,-174.0,343.0,84.0,-10.0,11.079606902521716,28.7579933659556,78.53300253715834,193.6298704464801,2.9185542059649845,298.18597016986826,0.81,1.49,-2.29,-0.38,-0.93,-2.86,gem,outer_rise
609262802,2016-07-27T01:25:12,-79.147,-44.447,10.0,5.88,mw,78.0,88.0,179.0,168.0,89.0,2.0,0.7077351526880111,33.03055810841397,87.76511056290082,141.48383178515735,2.119760448573099,303.004360886704,-0.55,3.73,-3.18,0.26,-0.33,-7.55,gem,outer_rise
609376850,2016-08-23T14:47:27,-77.37,-45.704,10.0,5.02,mw,76.0,70.0,-175.0,344.0,86.0,-20.0,16.959583454862756,31.777996845225346,69.65057211747487,177.0868556958493,10.912653992270606,298.40730183573305,-0.59,2.3,-1.7,0.29,-1.36,-3.54,gem,outer_rise
610514479,2017-04-06T17:15:22,-72.535,-17.665,19.0,5.31,mw,171.0,80.0,100.0,305.0,14.0,44.0,43.73628794926794,273.04513444472326,10.464293202721873,172.8662601780527,44.373247034432026,72.45587820004641,0.38,-0.07,-0.31,0.13,-1.07,0.25,gem,outer_rise
610617754,2017-05-06T14:51:40,-78.306,-44.315,13.9,5.35,mw,76.0,73.0,178.0,167.0,88.0,17.0,10.658348814752037,32.56901775707212,72.92168820196216,160.34500931429147,13.186541773057051,300.04173638147506,-0.0,0.59,-0.58,0.15,-0.38,-1.15,gem,outer_rise
610929077,2017-08-18T20:31:50,-76.819,-45.492,10.0,5.07,mw,74.0,62.0,171.0,168.0,82.0,29.0,14.545552022226412,34.662068552864866,61.58268867638086,153.31651180856738,23.842359128816017,298.07763037708173,1.42,1.52,-2.94,0.28,-2.1,-3.87,gem,outer_rise
611154712,2017-10-16T19:29:37,-74.115,-35.458,19.5,4.96,mw,27.0,38.0,-88.0,205.0,52.0,-91.0,44.99328549786715,295.575261664834,5.046111049444118,200.5106560374353,44.56342814543133,105.52167238708626,-3.32,0.59,2.72,0.33,0.8,1.37,gem,outer_rise
611681321,2018-02-07T12:36:17,-72.623,-29.237,15.0,5.09,mw,25.0,41.0,-88.0,202.0,49.0,-92.0,44.99245191327847,293.58244820402456,9.18752599607684,194.27694349755785,43.54626470847783,95.43349929407412,-5.7,1.21,4.49,0.12,0.69,1.76,gem,outer_rise
611727064,2018-03-02T18:06:46,-76.197,-44.355,12.9,4.98,mw,16.0,81.0,-26.0,111.0,64.0,-170.0,23.02446989737316,245.60496045520836,63.635539554958505,34.63637428368537,12.140261680170518,150.35965686172756,-1.39,-1.49,2.88,-0.11,-1.32,-2.63,gem,outer_rise
612117354,2018-06-14T06:27:40,-76.369,-45.872,15.2,5.66,mw,74.0,58.0,177.0,166.0,88.0,32.0,20.59115324340999,34.59894767350289,57.975819774056376,161.51755994090195,23.38242915437919,295.2502377344588,-0.22,1.63,-1.4,1.08,-1.83,-2.88,gem,outer_rise
612165653,2018-06-23T02:31:36,-79.716,-44.553,10.0,5.13,mw,80.0,90.0,-167.0,350.0,77.0,0.0,9.152595761434291,34.25626676361924,77.0,260.0,9.152595761434284,125.74373323638082,-0.84,2.58,-1.74,-1.39,0.01,-5.75,gem,outer_rise
613573280,2018-11-06T21:22:56,-76.88,-45.591,10.0,5.25,mw,75.0,53.0,-176.0,343.0,87.0,-37.0,26.749769360083317,34.88020944101311,52.985882758032304,166.83439554101142,23.565111333814016,292.1804149851324,-0.22,0.43,-0.21,0.37,-0.46,-0.7,gem,outer_rise
615103767,2019-03-07T15:34:27,-72.75,-29.498,15.0,5.74,mw,185.0,38.0,114.0,335.0,55.0,72.0,28.246589402022053,199.3722373000043,32.749072608345,309.58784306931204,44.04753880983812,78.06202807483089,4.19,1.09,-5.29,-1.17,1.34,1.26,gem,outer_rise
616644960,2019-03-15T18:42:51,-76.29,-44.318,15.0,5.04,mw,200.0,56.0,-73.0,351.0,38.0,-114.0,44.10775126751469,97.900036595465,31.613811610627504,224.5309406362876,29.387086682154,334.81374827490805,-3.99,-0.31,4.3,1.26,1.29,0.44,gem,outer_rise
615225070,2019-03-16T17:54:33,-76.849,-45.666,10.0,5.09,mw,78.0,64.0,-177.0,347.0,88.0,-26.0,19.655921508751035,35.29294153542128,63.93896576933913,172.20955309658052,16.415575908560143,299.25249311651226,0.21,1.98,-2.19,0.02,-2.42,-4.34,gem,outer_rise
615945497,2019-05-17T05:27:29,-74.001,-35.06,15.0,5.16,mw,25.0,43.0,-88.0,203.0,47.0,-92.0,44.99187302251511,293.5850533642572,17.77599554664172,184.891170755985,39.6365457594561,79.49032639646407,-6.7,0.79,5.91,0.06,0.45,2.8,gem,outer_rise
618586443,2020-04-01T03:55:21,-76.311,-45.652,10.0,5.01,mw,157.0,47.0,-93.0,341.0,43.0,-87.0,44.97897458634621,69.12207676044238,26.059046066447337,309.87017741134787,33.670987918472335,200.85789780823856,-4.62,1.3,3.32,-0.28,0.14,-0.92,gem,outer_rise
618586448,2020-04-01T04:09:21,-76.739,-45.628,10.0,5.22,mw,176.0,49.0,-73.0,330.0,44.0,-109.0,44.283522101078,74.0556647044449,43.38434973831774,231.24467286885417,11.636993562417125,332.4686317683386,-0.85,0.11,0.73,0.19,0.13,-0.21,gem,outer_rise
617825647,2020-04-01T04:12:21,-76.722,-45.637,10.0,5.16,mw,176.0,66.0,-81.0,336.0,25.0,-109.0,44.66257292647459,79.21728945607379,12.14716802018352,181.4992200056988,42.79830865202259,282.9955447588631,-5.59,1.0,4.58,0.33,4.69,-1.12,gem,outer_rise
618052993,2020-04-14T18:54:41,-79.799,-44.483,10.0,5.04,mw,259.0,81.0,169.0,351.0,79.0,9.0,1.337635359518721,34.70270903050067,76.22337542892329,299.2379530903009,13.708972947878683,125.0290723836256,0.95,0.99,-1.95,-0.75,0.39,-4.23,gem,outer_rise
619517477,2020-11-03T02:40:56,-79.512,-44.448,18.4,6.02,mw,168.0,89.0,-4.0,258.0,86.0,-179.0,3.530712323943121,33.100366763995,85.87944756493974,182.0218536686601,2.1216972519663853,302.96939662859995,-0.08,0.59,-0.51,0.0,0.09,-1.21,gem,outer_rise
