id,time_iso,longitude,latitude,depth,mag,mag_type,strike1,dip1,rake1,strike2,dip2,rake2,T_plunge,T_azimuth,N_plunge,N_azimuth,P_plunge,P_azimuth,Mrr,Mtt,Mpp,Mrt,Mrp,Mtp,source,dups,class
C022876A,1976-02-28T16:27:13,-75.57,-40.3,15.0,5.5,Mw,13.0,45.0,-85.0,187.0,45.0,-95.0,0.0,280.0,3.0,190.0,87.0,13.0,-8e+17,-2.3e+17,1.03e+18,-3e+16,1e+16,2.3e+17,GCMT,OTHER:022876A;OTHER:040198D;OTHER:041389A;OTHER:042885B;OTHER:042894B;OTHER:051891A;OTHER:060391B;OTHER:061485A;OTHER:061789A;OTHER:082299A;OTHER:091981B;OTHER:100192D;OTHER:102404A;OTHER:103102F;OTHER:110685B;OTHER:111203C;OTHER:122000C;OTHER:122698A;OTHER:200611201933A;OTHER:200802292251A;OTHER:200911222207A;OTHER:201003021407A;OTHER:201204061325A;OTHER:201310211817A;OTHER:201411041144A;OTHER:201509051815A;OTHER:201601071540A;OTHER:201601160942A;OTHER:202010060506A;OTHER:202012272139A;OTHER:202209232253A;OTHER:202303141956A;OTHER:202309170218A;OTHER:202502110224A,outer_rise
C053076A,1976-05-30T03:08:55,-75.94,-42.06,15.0,5.9,Mw,187.0,44.0,-101.0,23.0,47.0,-79.0,2.0,105.0,8.0,195.0,82.0,4.0,-1.66e+18,8e+16,1.59e+18,-2.4e+17,-3e+16,4.3e+17,GCMT,OTHER:021996E;OTHER:053076A;OTHER:060182A;OTHER:202207061512A,outer_rise
B022277A,1977-02-22T14:10:12,-76.35,-45.97,10.0,5.4,Mw,261.0,76.0,-168.0,168.0,78.0,-14.0,2.0,215.0,72.0,310.0,18.0,124.0,-7300000000000000.0,6.61e+16,-5.88e+16,3.02e+16,5.34e+16,-1.642e+17,GCMT,OTHER:021487D;OTHER:022277A;OTHER:030302A;OTHER:033085A;OTHER:060384A;OTHER:062003C;OTHER:070497E,outer_rise
B012880C,1980-01-28T16:59:24,-76.29,-45.17,15.0,5.2,Mw,195.0,27.0,-56.0,338.0,68.0,-106.0,21.0,80.0,15.0,344.0,64.0,221.0,-1.209e+17,-1.82e+16,1.391e+17,6.37e+16,-1.073e+17,-1.12e+16,GCMT,OTHER:012880C;OTHER:201803021806A;OTHER:201903151842A,outer_rise
B032980B,1980-03-29T06:41:53,-75.86,-43.38,15.0,5.9,Mw,185.0,14.0,-119.0,34.0,78.0,-83.0,32.0,119.0,7.0,213.0,57.0,313.0,-5.33e+17,-1.14e+17,6.47e+17,-8.21e+17,-1.21e+18,4.29e+17,GCMT,OTHER:032980B;OTHER:052584B;OTHER:060582A;OTHER:102301I,outer_rise
B051781C,1981-05-17T17:05:00,-72.14,-27.39,15.0,5.4,Mw,191.0,37.0,-79.0,358.0,54.0,-98.0,9.0,94.0,6.0,3.0,79.0,237.0,-9.022e+16,-4970000000000000.0,9.519e+16,8250000000000000.0,-3.02e+16,8250000000000000.0,GCMT,,outer_rise
C101681A,1981-10-16T03:25:47,-73.15,-33.48,40.4,7.2,Mw,194.0,34.0,96.0,6.0,56.0,86.0,78.0,262.0,4.0,9.0,11.0,100.0,4.936e+19,-5.75e+18,-4.361e+19,-3e+17,1.967e+19,-7.27e+18,GCMT,NEIS:610009,outer_rise
C060182A,1982-06-01T04:14:16,-75.87,-41.69,10.0,6.3,Mw,160.0,33.0,-130.0,25.0,65.0,-67.0,17.0,99.0,21.0,195.0,63.0,332.0,-3.372e+18,-8.6e+17,4.232e+18,-1.871e+18,-2.339e+18,3.07e+17,GCMT,OTHER:050983A,outer_rise
B060582A,1982-06-05T00:17:01,-76.07,-43.44,23.0,5.0,Mw,191.0,29.0,-87.0,8.0,61.0,-91.0,16.0,99.0,1.0,9.0,74.0,275.0,-7.497e+16,-1.0069999999999998e+16,8.504e+16,-6780000000000000.0,-5.132e+16,1.658e+16,GCMT,,outer_rise
B022883B,1983-02-28T22:44:20,-79.16,-44.78,15.0,5.5,Mw,260.0,90.0,180.0,350.0,90.0,0.0,0.0,215.0,90.0,180.0,0.0,125.0,-1.98e+17,4.7e+17,-2.7200000000000003e+17,0.0,0.0,-1.056e+18,GCMT,OTHER:010903G;OTHER:022189B;OTHER:022883B;OTHER:050898E;OTHER:071802D;OTHER:110597B;OTHER:110698A;OTHER:112683D;OTHER:112883A;OTHER:121083B;OTHER:200805201516A;OTHER:200903121103A;OTHER:201112230418A;OTHER:201211252211A;OTHER:201301230743A;OTHER:201401071206A;OTHER:201410091734A;OTHER:201503061039A;OTHER:201607080035A;OTHER:201607270125A;OTHER:201705061451A;OTHER:201806230231A;OTHER:201908130119A;OTHER:202003231746A;OTHER:202004141854A;OTHER:202011030240A;OTHER:202011031947A;OTHER:202212090806A;OTHER:202303151659A;OTHER:202312060158A;OTHER:202312060229A;OTHER:202409211744A;OTHER:202502021025A,outer_rise
B112683D,1983-11-26T23:29:09,-79.94,-45.11,15.0,5.1,Mw,257.0,90.0,180.0,347.0,90.0,0.0,0.0,212.0,90.0,180.0,0.0,122.0,-5.610000000000001e+16,2.746e+17,-2.1840000000000003e+17,0.0,0.0,-5.172e+17,GCMT,,outer_rise
B112883A,1983-11-28T19:10:07,-76.01,-44.95,19.0,5.5,Mw,133.0,18.0,-142.0,7.0,79.0,-76.0,33.0,85.0,14.0,184.0,54.0,294.0,,,,,,,USGS,,outer_rise
B112883A,1983-11-28T19:10:08,-77.97,-44.6,10.0,5.0,Mw,133.0,18.0,-142.0,7.0,79.0,-76.0,33.0,85.0,14.0,184.0,54.0,294.0,-8.79e+16,-1.5e+16,1.03e+17,-3.71e+16,-2.178e+17,-4.81e+16,GCMT,,outer_rise
B121083B,1983-12-10T17:37:57,-78.32,-44.73,15.0,5.1,Mw,258.0,90.0,180.0,348.0,90.0,0.0,0.0,213.0,90.0,180.0,0.0,123.0,-2.43e+16,1.2529999999999998e+17,-1.01e+17,0.0,0.0,-2.634e+17,GCMT,,outer_rise
B060384A,1984-06-03T01:44:15,-76.55,-45.29,10.0,4.9,Mw,320.0,61.0,-161.0,221.0,73.0,-30.0,8.0,272.0,56.0,14.0,33.0,177.0,-7.79e+16,-1.174e+17,1.953e+17,4.16e+16,3.69e+16,8000000000000000.0,GCMT,,outer_rise
B033085A,1985-03-30T13:47:28,-76.4,-45.46,33.0,5.4,Mw,325.0,26.0,-81.0,135.0,64.0,-94.0,19.0,228.0,4.0,137.0,70.0,36.0,,,,,,,USGS,,outer_rise
B042885B,1985-04-28T08:30:36,-75.65,-39.99,10.0,5.5,Mw,46.0,27.0,-101.0,239.0,64.0,-84.0,18.0,325.0,5.0,57.0,71.0,162.0,-6.473e+17,4.1980000000000006e+17,2.274e+17,4.449e+17,2.264e+17,3.396e+17,GCMT,NEIC:528625,outer_rise
B080485B,1985-08-04T04:54:05,-76.14,-45.37,10.0,5.4,Mw,199.0,24.0,-64.0,352.0,68.0,-101.0,23.0,90.0,10.0,356.0,65.0,243.0,-4.184e+17,-1.087e+17,5.271e+17,9.46e+16,-4.773e+17,4.03e+16,GCMT,,outer_rise
B112886A,1986-11-28T20:34:49,-77.17,-45.53,15.0,5.0,Mw,260.0,90.0,180.0,350.0,90.0,0.0,0.0,215.0,90.0,180.0,0.0,125.0,-1.473e+16,3.622e+16,-2.149e+16,0.0,0.0,-7.995e+16,GCMT,,outer_rise
B021487D,1987-02-14T15:44:19,-76.51,-45.7,15.0,5.9,Mw,259.0,76.0,-171.0,167.0,81.0,-14.0,4.0,214.0,74.0,316.0,16.0,123.0,-1.297e+17,3.629e+17,-2.3330000000000003e+17,4.45e+16,1.735e+17,-6.801e+17,GCMT,,outer_rise
B112987A,1987-11-29T07:57:23,-76.44,-45.78,33.0,5.4,Mw,154.0,37.0,-95.0,340.0,53.0,-86.0,8.0,68.0,3.0,158.0,81.0,268.0,,,,,,,USGS,,outer_rise
B031388A,1988-03-13T11:31:35,-73.07,-33.82,15.0,5.8,Mw,38.0,28.0,138.0,166.0,72.0,68.0,58.0,47.0,20.0,173.0,24.0,273.0,3.808e+17,1.039e+17,-4.848e+17,1.965e+17,-4.954e+17,-1.2729999999999998e+17,GCMT,,outer_rise
B022189B,1989-02-21T22:08:55,-78.44,-44.96,15.0,5.3,Mw,98.0,20.0,-80.0,268.0,71.0,-94.0,26.0,1.0,3.0,269.0,64.0,172.0,-1.3700000000000002e+17,1.607e+17,-2.36e+16,1.85e+17,9600000000000000.0,-7800000000000000.0,GCMT,,outer_rise
B060391B,1991-06-03T05:05:21,-75.75,-40.77,15.0,4.9,Mw,345.0,46.0,-146.0,229.0,66.0,-49.0,12.0,291.0,37.0,30.0,51.0,187.0,-1.475e+17,-9.36e+16,2.411e+17,7.12e+16,7.38e+16,1.423e+17,GCMT,,outer_rise
B031793A,1993-03-17T04:35:58,-75.37,-38.67,15.0,5.8,Mw,224.0,30.0,-37.0,348.0,72.0,-115.0,23.0,96.0,24.0,356.0,56.0,226.0,-1.572e+17,-6.33e+16,2.2040000000000003e+17,7.39e+16,-2.148e+17,7.56e+16,GCMT,,outer_rise
B031793A,1993-03-17T04:36:01,-74.91,-37.58,30.0,5.6,Mw,224.0,30.0,-37.0,348.0,72.0,-115.0,23.0,96.0,24.0,356.0,56.0,226.0,,,,,,,USGS,,outer_rise
B060193C,1993-06-01T15:53:51,-77.64,-46.0,15.0,5.4,Mw,172.0,73.0,16.0,77.0,75.0,162.0,23.0,34.0,67.0,217.0,1.0,125.0,1.86e+16,2.8650000000000003e+17,-3.051e+17,3.536e+17,-2.281e+17,-7.769e+17,GCMT,OTHER:060193C,outer_rise
B042894B,1994-04-28T16:44:57,-75.72,-39.95,15.0,5.7,Mw,225.0,51.0,-44.0,346.0,57.0,-132.0,3.0,104.0,34.0,12.0,55.0,199.0,-1.66e+17,-6.7e+16,2.33e+17,9.17e+16,-4.85e+16,8.7e+16,GCMT,,outer_rise
B091795B,1995-09-17T07:25:30,-74.05,-35.56,33.0,5.6,Mw,184.0,42.0,-124.0,46.0,56.0,-63.0,7.0,117.0,22.0,210.0,67.0,10.0,,,,,,,USGS,NEIC:84590;OTHER:022803A;OTHER:041403A;OTHER:091795B,outer_rise
B100395J,1995-10-03T16:08:20,-72.65,-30.86,23.3,5.2,Mw,9.0,41.0,104.0,171.0,51.0,79.0,80.0,28.0,9.0,178.0,5.0,269.0,3.541e+17,7.67e+16,-4.308e+17,4.62e+16,-6.879999999999999e+16,4300000000000000.0,GCMT,,outer_rise
B021996E,1996-02-19T07:10:14,-76.02,-42.45,15.0,5.3,Mw,201.0,27.0,-85.0,15.0,63.0,-93.0,18.0,107.0,2.0,16.0,72.0,279.0,-7.382e+17,-1.738e+17,9.12e+17,-1.619e+17,-6.145e+17,3.822e+17,GCMT,NEIC:948724,outer_rise
B070497E,1997-07-04T23:52:04,-76.31,-45.53,10.0,5.2,Mw,264.0,90.0,-180.0,354.0,90.0,0.0,0.0,219.0,90.0,180.0,0.0,129.0,,,,,,,USGS,,outer_rise
B072497A,1997-07-24T19:54:43,-72.63,-30.63,15.0,5.0,Mw,0.0,31.0,91.0,179.0,59.0,89.0,76.0,86.0,1.0,179.0,14.0,269.0,3.26e+17,2.48e+16,-3.508e+17,7000000000000001.0,-1.768e+17,4800000000000000.0,GCMT,,outer_rise
B110597B,1997-11-05T06:09:13,-78.73,-44.54,15.0,5.0,Mw,80.0,75.0,-173.0,349.0,84.0,-15.0,6.0,35.0,73.0,146.0,15.0,304.0,-1.4299999999999998e+16,9.97e+16,-8.54e+16,-1.57e+16,-7.48e+16,-2.387e+17,GCMT,,outer_rise
1065281,1998-01-19T18:23:59,-79.488,-44.971,13.0,6.2,Mw,168.0,87.0,-12.0,258.0,78.0,-177.0,6.0,213.0,78.0,334.0,10.0,122.0,30000000000.0,65000000000.0,-95000000000.0,11000000000.0,46000000000.0,-176000000000.0,NEIC,,outer_rise
C040198D,1998-04-01T22:43:05,-75.37,-40.64,15.0,6.0,Mw,199.0,44.0,-88.0,17.0,46.0,-92.0,1.0,108.0,1.0,18.0,89.0,227.0,-1.18e+19,8.1e+17,1.099e+19,1.5e+17,-3.5000000000000006e+17,3.72e+18,GCMT,,outer_rise
B050898E,1998-05-08T17:42:17,-78.08,-45.15,15.0,5.0,Mw,158.0,55.0,-17.0,258.0,76.0,-144.0,14.0,24.0,51.0,275.0,35.0,124.0,-1.777e+16,4.755e+16,-2.9780000000000004e+16,4.944e+16,4.675e+16,-6.467e+16,GCMT,,outer_rise
B110698A,1998-11-06T08:01:20,-79.34,-44.52,15.0,5.3,Mw,256.0,69.0,171.0,349.0,82.0,22.0,21.0,214.0,67.0,9.0,9.0,121.0,-6.36e+16,3.284e+17,-2.648e+17,-2.661e+17,2.818e+17,-6.816e+17,GCMT,,outer_rise
B122698A,1998-12-26T11:20:26,-75.74,-40.9,15.4,5.2,Mw,187.0,18.0,-89.0,6.0,72.0,-90.0,27.0,96.0,0.0,6.0,63.0,275.0,-1.31e+17,-1.7499999999999998e+16,1.485e+17,-2.02e+16,-2.009e+17,1.8e+16,GCMT,,outer_rise
B081299C,1999-08-12T07:27:13,-76.58,-45.62,33.0,5.5,Mw,6.0,40.0,-20.0,111.0,77.0,-128.0,23.0,230.0,37.0,121.0,44.0,344.0,,,,,,,USGS,,outer_rise
C082299A,1999-08-22T09:35:42,-75.44,-40.88,15.0,5.8,Mw,202.0,45.0,-84.0,14.0,46.0,-96.0,1.0,108.0,4.0,18.0,86.0,205.0,-4.099e+18,-1.79e+17,4.279e+18,2.06e+17,-1.49e+17,1.601e+18,GCMT,USGS:pde19990822093539470_33;NEIC:1703360,outer_rise
B122000C,2000-12-20T11:24:01,-75.39,-39.36,15.0,6.2,Mw,206.0,43.0,-72.0,3.0,50.0,-106.0,4.0,104.0,12.0,13.0,78.0,211.0,-4.402e+18,-1.415e+18,5.817e+18,3.74e+17,-8.18e+17,1.941e+18,GCMT,USGS:pde20001220112354100_11;NEIC:1743179,outer_rise
B030301E,2001-03-03T11:58:13,-75.45,-39.48,15.0,5.1,Mw,228.0,31.0,-43.0,357.0,69.0,-114.0,20.0,105.0,22.0,6.0,59.0,233.0,-4.3840000000000006e+17,-2.72e+16,4.656e+17,1.2809999999999998e+17,-4.8230000000000006e+17,2.492e+17,GCMT,,outer_rise
C040901A,2001-04-09T09:01:05,-73.23,-32.88,15.0,6.3,Mw,219.0,44.0,-86.0,33.0,46.0,-94.0,1.0,126.0,3.0,36.0,87.0,229.0,-1.061e+19,3e+18,7.61e+18,2.1e+17,-5e+17,7.12e+18,GCMT,USGS:pde20010409090057170_11;NEIC:1882885,outer_rise
B102301I,2001-10-23T23:54:26,-76.47,-43.39,29.1,4.9,Mw,232.0,45.0,-27.0,342.0,71.0,-132.0,16.0,101.0,39.0,358.0,47.0,209.0,-2.942e+16,-2.393e+16,5.335e+16,1.7549999999999998e+16,-3.087e+16,2.281e+16,GCMT,,outer_rise
C030302A,2002-03-03T07:16:19,-76.42,-45.92,15.0,5.6,Mw,258.0,83.0,-176.0,168.0,86.0,-7.0,2.0,213.0,82.0,320.0,8.0,123.0,-1.1020000000000002e+17,3.625e+17,-2.522e+17,1.34e+16,9.12e+16,-7e+17,GCMT,NEIC:2903943,outer_rise
B010903G,2003-01-09T09:49:12,-79.54,-44.66,15.0,4.9,Mw,169.0,84.0,-2.0,259.0,88.0,-174.0,3.0,34.0,84.0,276.0,6.0,124.0,-6.24e+16,3.64e+17,-3.01e+17,8.22e+16,3.55e+16,-7.95e+17,GCMT,,outer_rise
B062003C,2003-06-20T04:23:26,-77.06,-45.72,15.0,5.2,Mw,172.0,36.0,-70.0,327.0,56.0,-104.0,10.0,67.0,12.0,335.0,74.0,197.0,-1.07e+17,1.22e+16,9.51e+16,3.83e+16,-2.68e+16,-3.56e+16,GCMT,,outer_rise
B111203C,2003-11-12T01:54:24,-75.52,-40.56,21.8,5.1,Mw,216.0,33.0,-83.0,27.0,57.0,-95.0,12.0,120.0,4.0,29.0,77.0,281.0,-2.26e+17,5.789999999999999e+16,1.68e+17,-3.6e+16,-9.52e+16,1.05e+17,GCMT,,outer_rise
C102404A,2004-10-24T03:49:51,-75.32,-40.47,16.8,4.9,Mw,2.0,40.0,-74.0,162.0,52.0,-103.0,6.0,261.0,10.0,170.0,78.0,23.0,-1.79e+16,1740000000000000.0,1.61e+16,-4150000000000000.0,3280000000000000.0,-2010000000000000.0,GCMT,,outer_rise
C110404C,2004-11-04T08:10:14,-76.9,-46.0,18.0,4.9,Mw,88.0,61.0,-158.0,347.0,71.0,-31.0,7.0,40.0,54.0,139.0,35.0,305.0,-1.39e+16,1.4e+16,-150000000000000.0,-3220000000000000.0,-1.34e+16,-2.96e+16,GCMT,,outer_rise
C110404D,2004-11-04T08:29:16,-76.79,-45.94,19.2,5.1,Mw,82.0,73.0,-172.0,349.0,82.0,-17.0,6.0,36.0,71.0,146.0,17.0,304.0,-1.67e+16,3.65e+16,-1.98e+16,-2530000000000000.0,-2.5e+16,-8.38e+16,GCMT,,outer_rise
C200503211651A,2005-03-21T16:51:30,-71.96,-27.72,46.2,4.9,Mw,83.0,50.0,162.0,185.0,76.0,41.0,38.0,52.0,47.0,200.0,17.0,308.0,3.67e+16,-8200000000000000.0,-2.85e+16,-5500000000000000.0,-5.07e+16,-7.67e+16,GCMT,,outer_rise
C200510101607A,2005-10-10T16:06:56,-77.12,-45.7,12.0,5.0,Mw,85.0,46.0,-158.0,339.0,74.0,-46.0,17.0,38.0,42.0,144.0,43.0,291.0,-2.2e+16,2.54e+16,-3380000000000000.0,1.03e+16,-2.79e+16,-3.74e+16,GCMT,,outer_rise
C200604281821A,2006-04-28T18:21:53,-77.47,-45.76,12.0,4.9,Mw,76.0,75.0,-179.0,346.0,89.0,-15.0,10.0,32.0,75.0,161.0,12.0,300.0,7400000000000000.0,5.749999999999999e+16,-6.49e+16,2200000000000000.0,-3.58e+16,-1.1299999999999998e+17,GCMT,,outer_rise
C200604281821A,2006-04-28T18:21:55,-76.25,-45.69,10.0,5.3,Mw,76.0,75.0,-179.0,346.0,89.0,-15.0,10.0,32.0,75.0,161.0,12.0,300.0,,,,,,,GCMT,,outer_rise
C200605300250A,2006-05-30T02:50:08,-76.17,-45.92,14.9,5.6,Mw,78.0,71.0,-175.0,346.0,85.0,-19.0,9.0,33.0,71.0,151.0,17.0,300.0,-4000000000000000.0,1.65e+17,-1.61e+17,-1.09e+16,-1.3e+17,-3.2e+17,GCMT,,outer_rise
C200607161142A,2006-07-16T11:42:45,-72.84,-28.71,12.0,6.2,Mw,357.0,46.0,-111.0,205.0,48.0,-70.0,1.0,281.0,15.0,11.0,75.0,188.0,-2e+18,-6.04e+17,2.6e+18,3.62e+17,-1e+16,6.39e+17,GCMT,NEIC:10699429,outer_rise
C200610071632A,2006-10-07T16:32:15,-77.03,-45.79,14.2,5.0,Mw,135.0,33.0,-74.0,296.0,58.0,-100.0,13.0,33.0,8.0,301.0,74.0,179.0,-5.95e+16,3.4900000000000004e+16,2.46e+16,2.83e+16,-4540000000000000.0,-1.84e+16,GCMT,,outer_rise
C200611201933A,2006-11-20T19:33:54,-75.57,-40.24,12.0,5.3,Mw,190.0,42.0,-82.0,359.0,48.0,-97.0,3.0,94.0,6.0,4.0,84.0,212.0,-7.039999999999999e+16,-5700000000000000.0,7.61e+16,5800000000000000.0,-8200000000000000.0,5800000000000000.0,GCMT,,outer_rise
C200709220801A,2007-09-22T08:01:04,-76.8,-46.01,12.0,5.6,Mw,75.0,80.0,178.0,165.0,88.0,10.0,8.0,31.0,80.0,175.0,6.0,300.0,-5.95e+16,1.57e+17,-9.73e+16,3.6e+16,-4.07e+16,-2.25e+17,GCMT,,outer_rise
C200710161337A,2007-10-16T13:37:53,-76.37,-45.99,10.0,5.2,Mw,71.0,63.0,-173.0,338.0,83.0,-27.0,14.0,28.0,62.0,145.0,23.0,291.0,,,,,,,GCMT,,outer_rise
C200802292251A,2008-02-29T22:51:37,-75.49,-40.56,19.5,5.1,Mw,212.0,46.0,-107.0,56.0,47.0,-73.0,1.0,134.0,12.0,224.0,78.0,41.0,-4.69e+16,2.26e+16,2.43e+16,-9370000000000000.0,7730000000000000.0,1.7e+16,GCMT,,outer_rise
C200804110129A,2008-04-11T01:29:44,-76.36,-45.88,17.0,4.9,Mw,80.0,67.0,-165.0,343.0,76.0,-24.0,6.0,33.0,62.0,135.0,27.0,300.0,4000000000000000.0,2.17e+16,-2.57e+16,-1.61e+16,-3.37e+16,-4.25e+16,GCMT,,outer_rise
C200805201516A,2008-05-20T15:16:07,-78.9,-44.57,12.2,5.6,Mw,76.0,64.0,-170.0,342.0,81.0,-27.0,12.0,32.0,62.0,145.0,25.0,296.0,-2.89e+16,1.48e+17,-1.19e+17,-4600000000000000.0,-1.32e+17,-2.12e+17,GCMT,,outer_rise
12078106,2008-12-18T21:50:39,-72.95,-32.65,32.0,5.8,Mw,175.0,81.0,90.0,355.0,9.0,90.0,54.0,85.0,0.0,175.0,35.0,265.0,43000000000.0,0.0,-44000000000.0,11000000000.0,-133000000000.0,4000000000.0,NEIC,,outer_rise
C200906170705A,2009-06-17T07:04:52,-77.15,-45.62,10.0,5.2,Mw,346.0,68.0,-11.0,80.0,80.0,-158.0,8.0,212.0,65.0,104.0,23.0,305.0,,,,,,,GCMT,,outer_rise
C200906290307A,2009-06-29T03:07:31,-77.15,-45.64,17.0,5.2,Mw,79.0,67.0,-171.0,346.0,81.0,-23.0,10.0,34.0,65.0,147.0,22.0,300.0,-2.8000000000000004e+16,5.759999999999999e+16,-2.96e+16,4800000000000000.0,-4.03e+16,-9.87e+16,GCMT,USGS:20090629030730,outer_rise
C200909120356A,2009-09-12T03:56:57,-76.99,-45.83,18.3,5.1,Mw,176.0,26.0,-92.0,359.0,64.0,-89.0,19.0,88.0,1.0,179.0,71.0,272.0,-3.46e+16,7160000000000000.0,2.75e+16,-200000000000000.0,-2.37e+16,-940000000000000.0,GCMT,,outer_rise
C200911222207A,2009-11-22T22:07:51,-75.46,-39.77,12.0,5.9,Mw,199.0,43.0,-69.0,351.0,51.0,-109.0,4.0,94.0,14.0,3.0,75.0,200.0,-6.99e+17,-1.9e+16,7.19e+17,1.77e+17,-1.16e+17,6.7e+16,GCMT,USGS:pde20091122220748220_7;NEIC:13979280,outer_rise
S201002270801A,2010-02-27T08:01:23,-75.05,-37.77,41.7,7.4,Mw,3.0,46.0,-102.0,200.0,46.0,-78.0,0.0,281.0,9.0,11.0,81.0,191.0,,,,,,,USGS,,outer_rise
S201002270801A,2010-02-27T08:01:29,-75.41,-38.09,19.9,6.8,Mw,3.0,46.0,-102.0,200.0,46.0,-78.0,0.0,281.0,9.0,11.0,81.0,191.0,-1.3999999999999998e+20,1.63e+19,1.24e+20,2.34e+19,-4.1e+18,2.27e+19,GCMT,OTHER:201002270801A,outer_rise
C201003010530A,2010-03-01T05:30:34,-73.88,-34.72,16.5,5.1,Mw,234.0,44.0,-67.0,24.0,50.0,-111.0,3.0,128.0,16.0,37.0,74.0,229.0,-2.81e+16,1.16e+16,1.64e+16,5390000000000000.0,-8040000000000000.0,1.18e+16,GCMT,OTHER:201003010530A,outer_rise
C201003010858A,2010-03-01T08:58:31,-74.96,-37.91,18.8,5.3,Mw,204.0,41.0,-79.0,9.0,50.0,-100.0,4.0,106.0,7.0,15.0,81.0,225.0,-3.98e+16,6150000000000000.0,3.36e+16,4070000000000000.0,-7150000000000000.0,8890000000000000.0,GCMT,OTHER:201003010858A,outer_rise
C201003011220A,2010-03-01T12:20:17,-74.01,-34.57,12.0,5.0,Mw,41.0,40.0,-91.0,222.0,50.0,-89.0,5.0,311.0,0.0,41.0,85.0,137.0,-5.24e+16,2.27e+16,2.97e+16,6080000000000000.0,6240000000000000.0,2.7400000000000004e+16,GCMT,,outer_rise
C201003011436A,2010-03-01T14:36:29,-73.96,-34.53,12.0,5.3,Mw,46.0,39.0,-89.0,224.0,51.0,-91.0,6.0,315.0,1.0,225.0,84.0,127.0,-7.55e+16,3.76e+16,3.79e+16,1e+16,1.19e+16,2.9900000000000004e+16,GCMT,,outer_rise
C201003012240A,2010-03-01T22:40:17,-74.27,-34.9,18.0,4.9,Mw,32.0,37.0,-88.0,209.0,53.0,-92.0,8.0,300.0,1.0,210.0,82.0,111.0,-3.7e+16,1.17e+16,2.53e+16,4200000000000000.0,9000000000000000.0,1.24e+16,GCMT,,outer_rise
C201003040903A,2010-03-04T09:03:40,-74.96,-37.72,16.8,5.1,Mw,217.0,45.0,-56.0,353.0,54.0,-119.0,4.0,104.0,23.0,12.0,66.0,204.0,-3.71e+16,-2110000000000000.0,3.92e+16,1.5e+16,-9880000000000000.0,1.21e+16,GCMT,,outer_rise
C201003081303A,2010-03-08T13:03:43,-73.97,-34.54,12.0,5.0,Mw,38.0,41.0,-97.0,228.0,49.0,-84.0,4.0,313.0,5.0,44.0,84.0,183.0,-5.85e+16,2.7400000000000004e+16,3.12e+16,9600000000000000.0,2640000000000000.0,2.79e+16,GCMT,,outer_rise
C201003100845A,2010-03-10T08:45:22,-74.29,-35.16,17.9,5.1,Mw,48.0,34.0,-59.0,192.0,61.0,-109.0,14.0,296.0,17.0,201.0,68.0,64.0,-4.26e+16,1.05e+16,3.21e+16,-4200000000000000.0,2.81e+16,1.98e+16,GCMT,,outer_rise
C201003101600A,2010-03-10T16:00:53,-75.28,-38.25,27.4,4.9,Mw,344.0,55.0,-152.0,237.0,67.0,-38.0,7.0,293.0,46.0,31.0,43.0,196.0,-2.66e+16,-2.02e+16,4.68e+16,2.9900000000000004e+16,-560000000000000.0,2.96e+16,GCMT,,outer_rise
C201003230234A,2010-03-23T02:34:02,-77.04,-45.94,13.9,5.0,Mw,164.0,45.0,-99.0,357.0,46.0,-81.0,0.0,81.0,6.0,171.0,84.0,348.0,-2.51e+16,2990000000000000.0,2.21e+16,-2980000000000000.0,-740000000000000.0,-3250000000000000.0,GCMT,,outer_rise
C201006280059A,2010-06-28T00:59:51,-75.34,-37.91,20.4,5.8,Mw,41.0,39.0,-59.0,184.0,57.0,-113.0,10.0,290.0,19.0,196.0,69.0,45.0,-2.53e+17,-2.88e+16,2.82e+17,-3.3600000000000004e+16,1.2e+17,1.43e+17,GCMT,,outer_rise
C201007092257A,2010-07-09T22:57:16,-76.41,-45.93,12.0,5.1,Mw,79.0,59.0,-176.0,347.0,86.0,-31.0,19.0,37.0,58.0,161.0,24.0,298.0,-1700000000000000.0,3.74e+16,-3.57e+16,800000000000000.0,-5.37e+16,-7.7e+16,GCMT,,outer_rise
14991716,2010-07-15T00:35:56,-73.095,-33.813,10.0,,,18.0,4.0,21.0,,,,,,,,,,,,,,,,OTHER,,outer_rise
C201010210249A,2010-10-21T02:50:01,-74.07,-34.82,12.0,5.9,Mw,2.0,45.0,-136.0,237.0,60.0,-54.0,9.0,302.0,30.0,38.0,58.0,198.0,-5.83e+17,-4e+16,6.23e+17,2.84e+17,1.15e+17,6.38e+17,GCMT,NEIC:15259406,outer_rise
C201012131851A,2010-12-13T18:51:05,-73.51,-34.07,12.0,5.3,Mw,38.0,28.0,-89.0,217.0,62.0,-90.0,17.0,307.0,0.0,217.0,73.0,126.0,-6.21e+16,2.17e+16,4.04e+16,2.63e+16,3.57e+16,3.34e+16,GCMT,,outer_rise
C201104040754A,2011-04-04T07:54:34,-77.04,-45.8,12.0,5.3,Mw,174.0,32.0,-79.0,341.0,59.0,-97.0,14.0,76.0,6.0,344.0,75.0,231.0,-1.1200000000000002e+17,1.12e+16,1.01e+17,2.7600000000000004e+16,-5.15e+16,-2.04e+16,GCMT,USGS:pde20110404075435940_26,outer_rise
C201110192045A,2011-10-19T20:45:10,-77.8,-45.74,26.4,5.0,Mw,69.0,70.0,-159.0,331.0,70.0,-22.0,0.0,20.0,61.0,111.0,29.0,290.0,-1.22e+16,5.32e+16,-4.1e+16,-1.09e+16,-3.19e+16,-3.91e+16,GCMT,,outer_rise
C201111251735A,2011-11-25T17:35:44,-75.59,-37.77,30.0,5.0,Mw,321.0,47.0,-122.0,184.0,52.0,-60.0,2.0,253.0,23.0,344.0,67.0,158.0,-3.51e+16,1360000000000000.0,3.38e+16,1.56e+16,7940000000000000.0,-1.15e+16,GCMT,USGS:pde20111125173547180_39,outer_rise
C201112161202A,2011-12-16T12:02:57,-76.43,-46.0,14.3,5.5,Mw,75.0,75.0,178.0,165.0,89.0,15.0,11.0,31.0,75.0,171.0,9.0,299.0,-5000000000000000.0,8.68e+16,-8.18e+16,1.85e+16,-4.08e+16,-1.44e+17,GCMT,USGS:pde20111216120256980_10,outer_rise
C201112161254A,2011-12-16T12:54:26,-76.57,-46.01,15.4,5.8,Mw,76.0,71.0,177.0,167.0,87.0,19.0,16.0,33.0,71.0,176.0,11.0,300.0,-8.12e+16,2.4700000000000003e+17,-1.65e+17,1.17e+17,-1.5e+17,-4.2300000000000006e+17,GCMT,USGS:pde20111216125425370_10;NEIC:600053896,outer_rise
C201112221506A,2011-12-22T15:06:30,-76.64,-46.06,27.5,5.1,Mw,72.0,66.0,-177.0,341.0,87.0,-24.0,15.0,29.0,66.0,155.0,18.0,294.0,-4530000000000000.0,2.78e+16,-2.33e+16,6160000000000000.0,-1.75e+16,-3.47e+16,GCMT,USGS:pde20111222150632600_13,outer_rise
C201204061325A,2012-04-06T13:25:02,-75.38,-38.54,21.1,4.9,Mw,181.0,42.0,-110.0,27.0,52.0,-73.0,5.0,105.0,13.0,197.0,76.0,355.0,-3.82e+16,4120000000000000.0,3.41e+16,-1.16e+16,-3760000000000000.0,7940000000000000.0,GCMT,,outer_rise
C201211130310A,2012-11-13T03:10:38,-77.4,-45.76,12.0,5.0,Mw,76.0,74.0,-165.0,342.0,76.0,-17.0,1.0,29.0,68.0,123.0,22.0,299.0,1890000000000000.0,1.01e+16,-1.2e+16,-5070000000000000.0,-1e+16,-1.75e+16,GCMT,,outer_rise
C201211130431A,2012-11-13T04:31:30,-77.54,-45.8,17.9,6.1,Mw,77.0,79.0,176.0,168.0,86.0,11.0,11.0,33.0,78.0,185.0,5.0,302.0,-3.4000000000000004e+16,5.97e+17,-5.63e+17,1.66e+17,-2.55e+17,-1.25e+18,GCMT,USGS:choy20121113043126;NEIC:601890535,outer_rise
C201301230743A,2013-01-23T07:42:59,-79.68,-44.71,24.6,5.5,Mw,348.0,85.0,5.0,258.0,85.0,175.0,7.0,213.0,83.0,33.0,0.0,303.0,-2.23e+16,1e+17,-7.78e+16,-2.47e+16,1.6e+16,-1.99e+17,GCMT,NEIC:602345432,outer_rise
C201304130919A,2013-04-13T09:19:05,-76.3,-45.89,13.8,5.4,Mw,76.0,68.0,-178.0,346.0,88.0,-22.0,14.0,33.0,68.0,162.0,17.0,299.0,6200000000000000.0,5.87e+16,-6.48e+16,3700000000000000.0,-5.43e+16,-1.1399999999999998e+17,GCMT,USGS:pde20130413091904880_10,outer_rise
C201305211251A,2013-05-21T12:51:53,-77.04,-45.7,12.0,5.0,Mw,113.0,32.0,-118.0,326.0,62.0,-73.0,15.0,43.0,15.0,137.0,68.0,269.0,-5.649999999999999e+16,3.46e+16,2.19e+16,2.48e+16,-3.71e+16,-6.14e+16,GCMT,,outer_rise
C201310211817A,2013-10-21T18:17:21,-75.48,-38.04,13.3,5.0,Mw,201.0,38.0,-61.0,346.0,57.0,-111.0,10.0,91.0,17.0,358.0,70.0,209.0,-3.41e+16,-1770000000000000.0,3.59e+16,1.19e+16,-1.28e+16,2590000000000000.0,GCMT,,outer_rise
C201401071206A,2014-01-07T12:06:10,-79.9,-44.7,24.4,5.0,Mw,256.0,81.0,176.0,347.0,86.0,9.0,9.0,212.0,80.0,8.0,4.0,121.0,-1530000000000000.0,3.07e+16,-2.92e+16,-7340000000000000.0,9410000000000000.0,-5.76e+16,GCMT,,outer_rise
C201403021012A,2014-03-02T10:12:24,-76.95,-45.56,18.0,5.2,Mw,170.0,33.0,-47.0,302.0,67.0,-114.0,18.0,50.0,22.0,312.0,61.0,177.0,-1e+17,2.24e+16,7.76e+16,9.52e+16,-1.01e+16,-3.17e+16,GCMT,,outer_rise
C201403021114A,2014-03-02T11:14:40,-76.89,-46.15,15.3,5.3,Mw,6.0,49.0,-50.0,134.0,55.0,-127.0,3.0,249.0,29.0,157.0,60.0,345.0,-5.8e+16,420000000000000.0,5.76e+16,-4.17e+16,-8380000000000000.0,-2.27e+16,GCMT,,outer_rise
C201403021618A,2014-03-02T16:18:32,-76.93,-45.78,21.0,5.1,Mw,160.0,33.0,-86.0,336.0,57.0,-93.0,12.0,68.0,2.0,337.0,78.0,237.0,-3.78e+16,4540000000000000.0,3.33e+16,8030000000000000.0,-1.55e+16,-1.3799999999999998e+16,GCMT,,outer_rise
C201403021703A,2014-03-02T17:03:43,-76.96,-45.81,12.0,5.4,Mw,177.0,32.0,-64.0,328.0,61.0,-105.0,15.0,69.0,13.0,335.0,70.0,205.0,-1.18e+17,9800000000000000.0,1.09e+17,5.649999999999999e+16,-4.99e+16,-3.34e+16,GCMT,USGS:b000mzjs,outer_rise
C201409240634A,2014-09-24T06:34:39,-73.76,-34.36,20.5,5.0,Mw,359.0,39.0,-99.0,190.0,52.0,-83.0,6.0,275.0,5.0,6.0,82.0,135.0,-3.28e+16,1870000000000000.0,3.09e+16,3940000000000000.0,6860000000000001.0,2190000000000000.0,GCMT,USGS:b000sfgp;NEIC:610572645,outer_rise
C201410091734A,2014-10-09T17:34:47,-78.69,-44.58,20.7,4.9,Mw,76.0,81.0,-173.0,345.0,83.0,-9.0,1.0,31.0,78.0,128.0,11.0,301.0,-2150000000000000.0,1.34e+16,-1.1200000000000002e+16,-1840000000000000.0,-4540000000000000.0,-2.3e+16,GCMT,,outer_rise
C201503061039A,2015-03-06T10:39:50,-78.91,-44.52,14.3,5.1,Mw,77.0,74.0,-172.0,345.0,82.0,-16.0,6.0,32.0,72.0,141.0,17.0,300.0,-1680000000000000.0,2.06e+16,-1.89e+16,-2990000000000000.0,-1.36e+16,-3.74e+16,GCMT,,outer_rise
610586718,2015-03-09T07:53:40,-73.69,-34.43,11.5,4.8,Mw,48.0,39.0,-64.0,197.0,55.0,-109.0,8.0,300.0,16.0,208.0,72.0,58.0,-2064000000.0,518000000.0,1546000000.0,-190000000.0,856000000.0,1104000000.0,NEIC,,outer_rise
607255943,2015-05-21T16:54:16,-72.05,-27.31,11.5,4.7,Mw,32.0,51.0,-60.0,170.0,47.0,-121.0,2.0,102.0,23.0,193.0,67.0,7.0,-1152000000.0,-67000000.0,1219000000.0,-538000000.0,20000000.0,263000000.0,NEIC,,outer_rise
C201507200947A,2015-07-20T09:47:44,-74.45,-35.81,17.5,4.9,Mw,16.0,43.0,-97.0,205.0,47.0,-84.0,2.0,290.0,4.0,21.0,85.0,179.0,-5.35e+16,7210000000000000.0,4.62e+16,5180000000000000.0,1540000000000000.0,1.67e+16,GCMT,,outer_rise
C201509051815A,2015-09-05T18:15:18,-75.56,-38.04,19.2,4.9,Mw,187.0,44.0,-88.0,4.0,46.0,-92.0,1.0,95.0,2.0,5.0,88.0,221.0,-3.28e+16,3980000000000000.0,2.88e+16,960000000000000.0,-1400000000000000.2,2420000000000000.0,GCMT,USGS:20003gru;NEIC:610637261,outer_rise
610637635,2015-09-18T22:35:20,-72.6536,-30.2793,4.0,4.7,Mw,8.05,49.35,-93.27,193.06,40.76,-86.2,4.0,100.0,2.0,10.0,85.0,250.0,-1364000000.0000002,218000000.0,1146000000.0,32000000.0,-201000000.0,181000000.0,NEIC,,outer_rise
C201509190433A,2015-09-19T04:33:49,-72.96,-30.48,19.1,5.0,Mw,355.0,38.0,-106.0,195.0,54.0,-78.0,8.0,277.0,10.0,8.0,77.0,149.0,-2.93e+16,4780000000000000.0,2.46e+16,7160000000000000.0,6780000000000000.0,1440000000000000.0,GCMT,USGS:20150919043348,outer_rise
607779224,2015-09-21T12:49:23,-73.0284,-31.005,5.0,4.6,Mw,2.66,46.89,-74.09,160.02,45.4,-106.32,1.0,81.0,12.0,172.0,78.0,348.0,-927400000.0,102700000.0,824600000.0,-210000000.0,-55100000.00000001,-113500000.0,NEIC,,outer_rise
C201510021633A,2015-10-02T16:33:30,-72.93,-31.08,20.4,4.9,Mw,216.0,52.0,-50.0,343.0,53.0,-129.0,0.0,99.0,30.0,9.0,60.0,190.0,-3.17e+16,-5350000000000000.0,3.71e+16,2.15e+16,-4130000000000000.0,7360000000000000.0,GCMT,USGS:10003jsk;NEIC:607849909,outer_rise
608172370,2016-01-16T09:42:33,-75.2584,-37.9635,6.0,4.5,Mw,189.69,41.84,-69.7,343.29,51.27,-107.25,5.0,85.0,13.0,354.0,76.0,195.0,-639700000.0,101700000.0,537900000.0,196500000.0,-85200000.0,-18800000.0,NEIC,,outer_rise
608338691,2016-02-19T21:50:49,-77.6487,-45.7244,23.0,4.7,Mw,238.94,53.36,142.77,353.34,60.96,43.05,50.0,210.0,40.0,21.0,5.0,115.0,793000000.0,153000000.0,-946000000.0,-656000000.0,483000000.0,-731000000.0,NEIC,,outer_rise
609087196,2016-07-08T00:35:58,-78.1302,-44.3326,20.0,4.6,Mw,157.7,58.4,-32.91,266.43,62.44,-143.76,2.0,31.0,46.0,299.0,44.0,124.0,-565999999.9999999,669000000.0,-102000000.0,337000000.0,411000000.0,-790000000.0,NEIC,,outer_rise
C201607270125A,2016-07-27T01:25:18,-79.48,-44.62,20.3,5.9,Mw,78.0,88.0,179.0,168.0,89.0,2.0,2.0,33.0,87.0,191.0,1.0,303.0,-5.520000000000001e+16,3.73e+17,-3.18e+17,2.64e+16,-3.27e+16,-7.55e+17,GCMT,NEIC:609262802,outer_rise
C201705061451A,2017-05-06T14:51:43,-78.83,-44.52,13.9,5.4,Mw,76.0,73.0,178.0,167.0,88.0,17.0,13.0,33.0,73.0,173.0,11.0,300.0,-200000000000000.0,5.9e+16,-5.88e+16,1.47e+16,-3.75e+16,-1.1499999999999998e+17,GCMT,NEIC:610617754,outer_rise
C201705270738A,2017-05-27T07:38:42,-76.26,-45.88,14.7,5.1,Mw,76.0,58.0,-176.0,344.0,86.0,-32.0,19.0,34.0,58.0,158.0,25.0,295.0,-1.32e+16,4.71e+16,-3.3900000000000004e+16,1.67e+16,-4.83e+16,-7.35e+16,GCMT,NEIC:610654892,outer_rise
C201708182031A,2017-08-18T20:31:55,-77.44,-45.7,23.9,5.1,Mw,74.0,62.0,171.0,168.0,82.0,29.0,26.0,35.0,60.0,183.0,14.0,298.0,1.42e+16,1.52e+16,-2.94e+16,2750000000000000.0,-2.1e+16,-3.87e+16,GCMT,USGS:2000a9je;NEIC:610929077,outer_rise
611071100,2017-10-01T16:48:05,-76.167,-45.7851,10.0,4.5,Mw,81.18,85.09,-171.5,350.45,81.53,-4.96,2.0,216.0,80.0,111.0,9.0,306.0,-122800000.0,278000000.0,-155200000.0,-80600000.0,-47400000.0,-648600000.0,NEIC,,outer_rise
C201710161929A,2017-10-16T19:29:38,-74.36,-35.5,19.5,4.9,Mw,27.0,38.0,-88.0,205.0,52.0,-91.0,7.0,296.0,1.0,206.0,83.0,108.0,-3.32e+16,5940000000000000.0,2.72e+16,3250000000000000.0,7960000000000000.0,1.3700000000000002e+16,GCMT,USGS:1000asyw;NEIC:611154712,outer_rise
611678869,2018-02-06T04:48:45,-74.1881,-35.2847,10.0,4.5,Mw,50.32,29.72,-84.65,224.16,60.42,-93.05,15.0,316.0,3.0,226.0,74.0,126.0,-744100000.0,397000000.0,347200000.0,264500000.0,314200000.0,255600000.0,NEIC,,outer_rise
C201802071236A,2018-02-07T12:36:20,-72.92,-29.33,12.0,5.1,Mw,25.0,41.0,-88.0,202.0,49.0,-92.0,4.0,293.0,1.0,203.0,86.0,91.0,-5.7e+16,1.21e+16,4.49e+16,1250000000000000.0,6879999999999999.0,1.76e+16,GCMT,USGS:1000ci7u;GFZ:611681321,outer_rise
C201803021806A,2018-03-02T18:06:47,-76.6,-44.45,12.9,5.1,Mw,111.0,64.0,-170.0,16.0,81.0,-26.0,11.0,66.0,63.0,179.0,24.0,331.0,-1.39e+16,-1.49e+16,2.88e+16,-1100000000000000.0,-1.32e+16,-2.63e+16,GCMT,USGS:2000db8n;NEIC:611727064,outer_rise
611805385,2018-03-22T12:48:40,-75.2318,-38.7348,10.0,4.3,Mw,190.48,41.7,-79.1,356.01,49.21,-99.56,4.0,93.0,7.0,2.0,82.0,210.0,-317500000.0,36400000.0,281100000.0,43900000.0,-42000000.0,14900000.0,NEIC,,outer_rise
C201806140627A,2018-06-14T06:27:43,-76.46,-45.99,15.2,5.7,Mw,74.0,58.0,177.0,166.0,88.0,32.0,24.0,35.0,58.0,170.0,20.0,295.0,-2.21e+16,1.63e+17,-1.3999999999999998e+17,1.08e+17,-1.83e+17,-2.88e+17,GCMT,USGS:1000er8i;GFZ:612117354,outer_rise
C201806230231A,2018-06-23T02:31:40,-79.85,-44.67,24.7,5.1,Mw,350.0,77.0,0.0,80.0,90.0,-167.0,9.0,214.0,77.0,81.0,9.0,306.0,-8440000000000000.0,2.58e+16,-1.74e+16,-1.39e+16,90000000000000.0,-5.75e+16,GCMT,GFZ:612165653,outer_rise
C201810011511A,2018-10-01T15:11:51,-76.26,-45.88,17.6,5.3,Mw,78.0,44.0,178.0,170.0,88.0,46.0,32.0,45.0,44.0,171.0,29.0,294.0,7800000000000000.0,2.86e+16,-3.64e+16,2700000000000000.0,-7.36e+16,-6.33e+16,GCMT,USGS:1000h50j;NEIC:612846004,outer_rise
C201811062122A,2018-11-06T21:22:57,-77.09,-45.69,12.0,5.3,Mw,75.0,53.0,-176.0,343.0,87.0,-37.0,23.0,35.0,53.0,159.0,27.0,293.0,-2.16e+16,4.29e+16,-2.13e+16,3.67e+16,-4.59e+16,-6.999999999999999e+16,GCMT,USGS:2000i7qy;GFZ:613573280,outer_rise
C201903071534A,2019-03-07T15:34:32,-72.82,-29.51,31.5,5.7,Mw,185.0,38.0,114.0,335.0,55.0,72.0,73.0,198.0,15.0,346.0,9.0,78.0,4.1900000000000006e+17,1.09e+17,-5.29e+17,-1.17e+17,1.34e+17,1.26e+17,GCMT,USGS:1000jbws;GFZ:615103767,outer_rise
616644960,2019-03-15T18:42:51,-76.1993,-44.2594,13.6,4.7,Mw,134.97,69.46,152.05,235.52,63.96,22.99,34.0,94.0,56.0,281.0,4.0,186.0,367000000.0,-1434000000.0,1067000000.0,18000000.0,-888000000.0,220000000.0,NEIC,,outer_rise
C201903161754A,2019-03-16T17:54:34,-77.23,-45.68,15.6,5.0,Mw,78.0,64.0,-177.0,347.0,88.0,-26.0,16.0,36.0,64.0,162.0,20.0,300.0,2100000000000000.0,1.98e+16,-2.19e+16,200000000000000.0,-2.42e+16,-4.34e+16,GCMT,USGS:1000jh45;NEIC:615225070,outer_rise
C201905170527A,2019-05-17T05:27:33,-74.15,-35.2,12.0,5.2,Mw,25.0,43.0,-88.0,203.0,47.0,-92.0,2.0,294.0,1.0,204.0,88.0,81.0,-6.7e+16,7870000000000000.0,5.91e+16,610000000000000.0,4480000000000000.0,2.8e+16,GCMT,USGS:70003mev;GFZ:615945497,outer_rise
615746849,2019-05-24T06:16:21,-79.952,-44.69,16.0,4.9,Mw,168.75,78.67,-2.48,259.23,87.57,-168.66,6.26,33.46,78.4,271.15,9.72,124.53,334000000.0,975000000.0,-1309000000.0,583000000.0,365000000.0,-2855000000.0,GFZ,,outer_rise
C201909141222A,2019-09-14T12:22:48,-73.55,-34.03,21.5,4.9,Mw,36.0,43.0,-87.0,212.0,47.0,-93.0,2.0,304.0,2.0,214.0,87.0,77.0,-2.61e+16,9960000000000000.0,1.6200000000000002e+16,-30000000000000.0,1840000000000000.0,7600000000000000.0,GCMT,,outer_rise
617230008,2020-01-29T20:53:36,-72.6041,-30.1366,30.5,4.8,Mw,0.01,34.26,87.54,182.99,55.77,91.68,79.0,99.0,1.0,2.0,11.0,272.0,2026000000.0,-95000000.0,-1932000000.0,-79000000.0,-778000000.0,-47000000.0,NEIC,,outer_rise
C202003231746A,2020-03-23T17:46:15,-79.39,-44.68,12.4,5.1,Mw,64.0,42.0,105.0,224.0,49.0,76.0,79.0,72.0,10.0,233.0,4.0,323.0,3.27e+16,-2.15e+16,-1.11e+16,340000000000000.0,-7260000000000000.0,-1.6200000000000002e+16,GCMT,NEIC:617812568,outer_rise
618586443,2020-04-01T03:55:21,-76.5246,-45.6569,10.0,4.6,Mw,127.45,23.34,-136.74,356.62,74.24,-72.56,27.0,73.0,17.0,172.0,57.0,290.0,-432500000.0,-78800000.0,511400000.0,22700000.0,-782800000.0,-332000000.0,NEIC,,outer_rise
C202004010409A,2020-04-01T04:09:23,-76.81,-45.62,12.0,5.2,Mw,330.0,44.0,-109.0,176.0,49.0,-73.0,3.0,254.0,13.0,344.0,77.0,153.0,-8.46e+16,1.06e+16,7.39e+16,1.89e+16,1.32e+16,-2.15e+16,GCMT,USGS:70008jxh;GFZ:618586448,outer_rise
C202004010412A,2020-04-01T04:12:20,-77.02,-45.66,20.3,4.9,Mw,336.0,25.0,-109.0,176.0,66.0,-81.0,21.0,260.0,8.0,353.0,68.0,103.0,-5.59e+16,1e+16,4.58e+16,3340000000000000.0,4.69e+16,-1.1200000000000002e+16,GCMT,,outer_rise
C202004141854A,2020-04-14T18:54:46,-79.9,-44.71,33.4,4.9,Mw,351.0,79.0,9.0,259.0,81.0,169.0,14.0,215.0,76.0,40.0,1.0,306.0,9510000000000000.0,9940000000000000.0,-1.95e+16,-7540000000000000.0,3870000000000000.0,-4.230000000000001e+16,GCMT,NEIC:618052993,outer_rise
C202010060506A,2020-10-06T05:06:43,-75.45,-38.55,20.3,4.9,Mw,27.0,39.0,-89.0,205.0,51.0,-91.0,6.0,296.0,1.0,206.0,84.0,110.0,-3.36e+16,8680000000000000.0,2.4900000000000004e+16,2720000000000000.0,6640000000000000.0,1.04e+16,GCMT,USGS:6000c5zf;NEIC:619460472,outer_rise
C202011030240A,2020-11-03T02:41:02,-79.46,-44.61,18.4,6.0,Mw,258.0,86.0,-179.0,168.0,89.0,-4.0,2.0,213.0,86.0,330.0,3.0,123.0,-7.9e+16,5.91e+17,-5.11e+17,3000000000000000.0,8.6e+16,-1.21e+18,GCMT,GFZ:619517477,outer_rise
619518187,2020-11-03T19:47:37,-79.382,-44.588,16.0,4.8,Mw,166.59,77.6,-12.47,259.31,77.83,-167.31,0.16,32.93,72.49,302.43,17.51,122.98,-264000000.0,894000000.0,-630000000.0,285000000.0,429000000.0,-1703000000.0,GFZ,,outer_rise
619617571,2020-12-19T10:38:56,-72.6758,-28.8128,20.1,4.3,Mw,42.79,74.61,108.43,171.32,23.84,41.04,57.0,337.0,18.0,218.0,27.0,118.0,144400000.0,67000000.0,-211500000.00000003,194900000.0,231500000.0,-151500000.0,NEIC,,outer_rise
C202012272139A,2020-12-27T21:39:21,-75.26,-39.58,12.0,6.7,Mw,1.0,43.0,-109.0,206.0,50.0,-73.0,4.0,284.0,13.0,15.0,76.0,179.0,-1.34e+19,-1.8e+17,1.36e+19,3.39e+18,9.4e+17,3.47e+18,GCMT,GFZ:621237270;USGS:6000d3i9,outer_rise
619627124,2020-12-28T06:09:08,-75.1186,-39.377,10.0,4.4,Mw,11.4,30.58,-107.69,211.73,61.01,-79.82,15.0,294.0,9.0,27.0,72.0,146.0,-401700000.00000006,69200000.0,332500000.0,167600000.0,179000000.0,116100000.0,NEIC,,outer_rise
C202101191158A,2021-01-19T11:58:21,-77.55,-45.78,20.7,5.0,Mw,351.0,77.0,0.0,261.0,90.0,167.0,9.0,215.0,77.0,80.0,9.0,306.0,-3280000000000000.0,1.14e+16,-8139999999999998.0,-6840000000000001.0,40000000000000.0,-2.82e+16,GCMT,,outer_rise
619841177,2021-02-18T09:08:01,-77.3291,-45.6459,18.0,4.7,Mw,79.13,83.37,155.74,172.11,65.91,7.26,21.73,33.08,64.9,244.77,11.95,127.91,-107000000.0,463000000.0,-356000000.0,618000000.0,-201000000.0,-1093000000.0,GFZ,,outer_rise
619924960,2021-03-10T01:53:21,-76.6811,-45.5667,10.0,4.5,Mw,194.87,40.44,-68.9,347.99,52.76,-107.06,6.0,90.0,14.0,359.0,75.0,205.0,-800799999.9999999,90900000.0,709900000.0,232200000.0,-169800000.0,26100000.0,NEIC,,outer_rise
620439341,2021-05-25T02:31:17,-76.0596,-43.5063,10.0,4.6,Mw,7.68,38.79,-107.94,210.24,53.41,-76.09,7.0,290.0,11.0,22.0,77.0,167.0,-804599999.9999999,70100000.0,734500000.0,232000000.0,144700000.0,257300000.0,NEIC,,outer_rise
C202106050305A,2021-06-05T03:05:17,-74.1,-35.01,18.5,5.4,Mw,19.0,33.0,-114.0,226.0,60.0,-75.0,13.0,306.0,13.0,39.0,71.0,171.0,-1.26e+17,3.26e+16,9.32e+16,6.45e+16,3.51e+16,6.56e+16,GCMT,GFZ:620507433;USGS:7000e9wd,outer_rise
C202110182223A,2021-10-18T22:23:39,-77.36,-45.73,12.4,5.1,Mw,80.0,78.0,-172.0,349.0,82.0,-12.0,3.0,35.0,75.0,137.0,14.0,304.0,2540000000000000.0,1.8e+16,-2.05e+16,-6460000000000000.0,-1.41e+16,-4.94e+16,GCMT,NEIC:621211167;USGS:6000fvra,outer_rise
621372564,2021-11-08T06:16:28,-73.297,-34.092,10.0,4.8,Mw,37.2,44.5,-97.3,227.38,45.96,-82.88,0.73,312.35,5.11,42.42,84.84,214.21,-2487000000.0,1149000000.0,1339000000.0,223000000.0,-122000000.0,990000000.0,GFZ,,outer_rise
C202205052105A,2022-05-05T21:05:30,-73.07,-33.14,37.9,5.1,Mw,218.0,45.0,118.0,1.0,51.0,65.0,70.0,208.0,19.0,18.0,3.0,109.0,6.4e+16,-9680000000000000.0,-5.44e+16,-2.3e+16,1.52e+16,-1.9e+16,GCMT,USGS:7000h7dn;NEIC:622516899,outer_rise
624497085,2022-06-22T07:52:56,-73.58,-29.255,29.0,4.2,Mw,236.66,68.76,162.24,333.28,73.48,22.2,27.0,196.0,63.0,8.0,3.0,104.0,89800000.0,164500000.0,-254300000.0,-65800000.0,38100000.0,-118300000.0,NEIC,,outer_rise
C202207061512A,2022-07-06T15:12:31,-75.55,-42.4,12.0,5.5,Mw,9.0,41.0,-105.0,208.0,50.0,-78.0,5.0,289.0,10.0,20.0,79.0,174.0,-2.03e+17,1.7599999999999998e+16,1.86e+17,4.39e+16,1.99e+16,6.22e+16,GCMT,GFZ:624514908;USGS:6000i09s,outer_rise
C202207132121A,2022-07-13T21:21:34,-73.13,-33.33,19.3,5.0,Mw,17.0,32.0,-121.0,232.0,63.0,-72.0,17.0,309.0,16.0,44.0,67.0,175.0,-3.27e+16,9790000000000000.0,2.3e+16,2.31e+16,7970000000000000.0,1.31e+16,GCMT,USGS:6000i280;NEIC:624562416,outer_rise
624574686,2022-07-15T19:37:21,-79.447,-44.75,28.0,6.4,Mw,80.79,85.37,169.46,171.65,79.5,4.71,10.72,35.82,78.5,237.34,4.12,126.61,-115900000000.0,217000000000.0,-101200000000.0,123700000000.0,-60800000000.0,-493600000000.0,GFZ,,outer_rise
637091812,2022-08-09T10:37:43,-80.016,-44.729,17.0,5.6,Mw,171.38,84.39,-8.58,262.22,81.47,-174.33,2.05,216.98,79.76,318.42,10.02,126.62,-4390000000.0,12330000000.000002,-7940000000.0,2000000000.0,5200000000.0,-34560000000.0,GFZ,,outer_rise
C202209232253A,2022-09-23T22:53:31,-75.62,-41.44,31.6,6.1,Mw,190.0,46.0,120.0,330.0,51.0,63.0,69.0,177.0,21.0,348.0,3.0,79.0,1.5e+18,1.69e+17,-1.67e+18,-5.9e+17,5.5e+16,3.37e+17,GCMT,GFZ:625210457;USGS:7000iam0,outer_rise
C202209300615A,2022-09-30T06:15:49,-76.27,-45.89,12.2,5.3,Mw,345.0,78.0,-8.0,76.0,82.0,-168.0,3.0,210.0,76.0,107.0,14.0,301.0,2200000000000000.0,4.47e+16,-4.69e+16,-1.7299999999999998e+16,-1.99e+16,-8.2e+16,GCMT,USGS:6000ipjd;NEIC:624841970,outer_rise
C202212090806A,2022-12-09T08:06:24,-79.82,-44.66,20.9,5.1,Mw,259.0,76.0,-171.0,167.0,81.0,-14.0,3.0,213.0,74.0,315.0,16.0,122.0,-3490000000000000.0,2.37e+16,-2.03e+16,5410000000000000.0,1.44e+16,-4.84e+16,GCMT,NEIC:625389022,outer_rise
C202212232003A,2022-12-23T20:03:53,-76.94,-45.56,12.0,5.2,Mw,160.0,42.0,-55.0,296.0,57.0,-117.0,8.0,46.0,23.0,312.0,66.0,154.0,-7.68e+16,3.29e+16,4.39e+16,3.9e+16,3700000000000000.0,-5.85e+16,GCMT,USGS:6000jbc1;GFZ:625473691,outer_rise
C202212300519A,2022-12-30T05:19:19,-76.63,-45.97,12.0,5.3,Mw,76.0,69.0,-168.0,342.0,79.0,-21.0,7.0,30.0,66.0,136.0,23.0,297.0,-3.4000000000000004e+16,6.68e+16,-3.28e+16,4500000000000000.0,-2.7600000000000004e+16,-8.13e+16,GCMT,USGS:7000j10i;NEIC:625479457,outer_rise
625531757,2023-01-09T08:43:57,-72.7986,-28.7823,21.0,4.3,Mw,116.88,61.03,-19.14,216.43,73.33,-149.63,8.0,344.0,56.0,243.0,33.0,80.0,-114000000.0,328000000.0,-214000000.0,27500000.000000004,156200000.0,139800000.0,NEIC,,outer_rise
C202302231023A,2023-02-23T10:23:41,-73.38,-34.01,12.0,5.5,Mw,29.0,35.0,-96.0,216.0,55.0,-86.0,10.0,303.0,3.0,33.0,79.0,141.0,-1.64e+17,4.25e+16,1.22e+17,4.21e+16,4.76e+16,8.41e+16,GCMT,GFZ:625734279;USGS:6000jqzy,outer_rise
C202303110235A,2023-03-11T02:35:31,-77.53,-45.69,21.0,5.2,Mw,81.0,82.0,-174.0,350.0,84.0,-8.0,1.0,35.0,80.0,134.0,10.0,305.0,-1.24e+16,3.06e+16,-1.83e+16,-3570000000000000.0,-9160000000000000.0,-6.980000000000001e+16,GCMT,,outer_rise
C202303141956A,2023-03-14T19:56:43,-75.44,-38.56,12.0,5.5,Mw,205.0,39.0,-71.0,2.0,53.0,-104.0,7.0,102.0,12.0,11.0,76.0,224.0,-2.37e+17,4100000000000000.0,2.32e+17,3.54e+16,-7.34e+16,5.9e+16,GCMT,GFZ:625881172;USGS:7000jjwt,outer_rise
626224806,2023-05-27T16:50:40,-77.01,-45.5997,2.0,4.3,Mw,164.62,63.23,-6.4,257.51,84.28,-153.08,14.0,28.0,63.0,269.0,23.0,124.0,-8800000.0,166500000.0,-157700000.0,167500000.0,99100000.0,-319100000.0,NEIC,,outer_rise
C202312060158A,2023-12-06T01:58:43,-78.92,-44.62,12.0,5.0,Mw,255.0,82.0,-176.0,165.0,87.0,-8.0,3.0,210.0,81.0,322.0,8.0,120.0,-3780000000000000.0,1.83e+16,-1.45e+16,70000000000000.0,4550000000000000.0,-2.82e+16,GCMT,,outer_rise
C202312090449A,2023-12-09T04:49:46,-76.09,-45.82,12.5,5.2,Mw,78.0,72.0,-166.0,343.0,77.0,-19.0,4.0,31.0,67.0,130.0,23.0,300.0,-1.7e+16,4.5e+16,-2.8e+16,-7820000000000000.0,-2.53e+16,-6.76e+16,GCMT,USGS:7000lhnw,outer_rise
C202409030116A,2024-09-03T01:16:43,-76.82,-45.64,17.0,4.9,Mw,335.0,42.0,-107.0,176.0,50.0,-76.0,5.0,256.0,11.0,347.0,78.0,144.0,-3.33e+16,4360000000000000.0,2.9e+16,5820000000000000.0,6660000000000000.0,-7020000000000000.0,GCMT,USGS:6000npeh,outer_rise
C202409030121A,2024-09-03T01:21:42,-76.8,-45.56,12.0,5.3,Mw,327.0,48.0,-120.0,188.0,50.0,-61.0,1.0,258.0,22.0,348.0,68.0,166.0,-9e+16,5200000000000000.0,8.48e+16,4.25e+16,1.12e+16,-1.89e+16,GCMT,USGS:6000npej,outer_rise
C202502110224A,2025-02-11T02:24:10,-75.13,-37.33,17.0,5.2,Mw,358.0,45.0,-109.0,204.0,48.0,-72.0,1.0,281.0,13.0,12.0,77.0,186.0,-8.64e+16,-5900000000000000.0,9.23e+16,1.98e+16,100000000000000.0,2.02e+16,GCMT,USGS:7000pcsz,outer_rise
C202502222220A,2025-02-22T22:20:25,-77.05,-45.6,12.0,5.4,Mw,79.0,66.0,-174.0,347.0,85.0,-24.0,13.0,36.0,66.0,156.0,20.0,301.0,-3.63e+16,8.08e+16,-4.45e+16,1.7299999999999998e+16,-6.61e+16,-1.54e+17,GCMT,USGS:7000pfih,outer_rise
C202502241226A,2025-02-24T12:26:02,-77.6,-45.71,15.1,5.1,Mw,346.0,79.0,-10.0,78.0,81.0,-169.0,1.0,211.0,75.0,117.0,14.0,302.0,-5120000000000000.0,2.94e+16,-2.42e+16,-8660000000000000.0,-1.15e+16,-5.31e+16,GCMT,,outer_rise
C202507020139A,2025-07-02T01:39:45,-72.83,-33.6,13.4,5.5,Mw,48.0,8.0,113.0,205.0,82.0,87.0,53.0,111.0,3.0,205.0,37.0,297.0,3.95e+16,-1.06e+16,-2.89e+16,-6.31e+16,-1.3999999999999998e+17,-2.43e+16,GCMT,USGS:7000qa3y,outer_rise
060481A,,-78.12,-34.76,26.0,5.1,Mw,207.0,42.0,-41.0,330.0,64.0,-124.0,12.0,84.0,,,57.0,193.0,,,,,,,OTHER,,outer_rise
100998B,,-76.5,-47.21,15.0,5.1,Mw,19.0,46.0,138.0,142.0,61.0,52.0,56.0,0.0,,,9.0,257.0,,,,,,,OTHER,,outer_rise
