Source,ID,Source ID,Date,HH:MM,Lat,Lon,Depth,Mw/Ml,n° Obs.,p1_Strike,p1_Dip,p1_Rake,P_trend,P_plunge,T_trend,T_plunge,p2_Strike,p2_Dip,Rake_p2,,,,,,,
Perez-Estay 2020,1,1,2016/10/21,04:33,-44.062,-73.28,6.1,3.6,11,2,49,175,222,24,327,31,95,86,41,,Data from source,,,,,
Perez-Estay 2020,2,2,2016/10/21,04:07,-44.063,-73.285,4.7,3.4,11,102,73,37,227,12,326,38,360,55,159,,Digitalized Data,,,,,
Perez-Estay 2020,3,3,2016/10/07,17:47,-44.184,-73.01,6.1,3.8,9,60,68,-122,289,55,173,17,299,38,-37,,Calculation,,,,,
Perez-Estay 2020,4,4,2016/09/11,07:20,-44.314,-73.195,7.4,3.1,11,9,90,-131,246,32,132,32,279,41,0,,,,,,,
Perez-Estay 2020,5,5,2017/04/28,06:25,-44.347,-73.208,9.9,4.1,11,119,48,-42,97,56,357,7,240,60,-130,,,,,,,
Perez-Estay 2020,6,6,2016/08/10,03:33,-44.404,-73.11,7.4,3.8,11,69,58,-82,2,76,153,13,234,33,-103,,,,,,,
Perez-Estay 2020,7,7,2017/01/09,11:54,-44.472,-73.056,7.3,3.4,11,57,54,-22,25,39,285,12,160,72,-142,,,,,,,
Perez-Estay 2020,8,8,2016/11/02,00:06,-44.529,-73.02,8,3.4,11,18,68,-180,241,15,335,15,288,90,-22,,,,,,,
Perez-Estay 2020,9,9,2016/11/06,07:21,-44.53,-73.02,8,3.2,11,109,52,-22,78,40,337,13,213,73,-140,,,,,,,
Perez-Estay 2020,10,10,2017/02/09,11:33,-44.53,-73.024,6.3,3.4,10,23,76,-166,246,19,336,1,290,76,-14,,,,,,,
Perez-Estay 2020,11,11,2017/02/14,17:19,-44.532,-73.022,10.2,3.5,11,96,48,-42,74,56,334,7,217,60,-130,,,,,,,
Perez-Estay 2020,12,13,2016/07/27,06:15,-44.635,-72.787,8.5,2.6,9,211,66,158,80,3,172,32,310,70,26,,,,,,,
Perez-Estay 2020,13,14,2016/10/13,03:07,-44.675,-72.71,8.5,2.7,9,193,79,172,58,3,150,13,285,82,11,,,,,,,
Perez-Estay 2020,14,15,2017/03/01,01:47,-44.466,-72.645,6.1,2.6,8,0,70,70,105,23,241,60,227,28,133,,,,,,,
Perez-Estay 2020,15,16,2016/09/11,16:11,-44.384,-72.663,10.6,2.5,9,152,58,-176,11,25,110,19,60,87,-32,,,,,,,
Perez-Estay 2020,16,18,2017/01/01,06:40,-44.341,-72.572,5.8,3.5,11,5,66,144,59,5,325,42,111,58,29,,,,,,,
Perez-Estay 2020,17,19,2017/01/05,01:58,-44.268,-72.528,6.8,2.7,10,201,50,168,63,20,168,35,299,81,41,,,,,,,
Montenegro et al. 2021,18,1,2017/12/02,20:58,-37.846,-71.062,2.4,3.1,,249,66,33,15,4,109,40,144,61,152,,,,,,,
Montenegro et al. 2021,19,2,2017/12/03,17:29,-37.847,-71.1,1.6,1.3,,203,79,33,331,14,69,31,106,57,166,,,,,,,
Montenegro et al. 2021,20,3,2017/12/04,14:21,-37.847,-71.063,2.4,1.8,,266,60,3,224,19,126,23,174,88,150,,,,,,,
Montenegro et al. 2021,21,4,2017/12/06,01:45,-37.851,-71.063,3,3.4,,117,78,26,247,9,342,27,21,65,167,,,,,,,
Montenegro et al. 2021,22,5,2017/12/06,01:54,-37.848,-71.059,2.8,1.9,,297,79,11,251,0,161,16,205,79,169,,,,,,,
Montenegro et al. 2021,23,6,2017/12/06,02:12,-37.849,-71.063,3.3,1.6,,237,71,-74,171,61,315,24,16,25,-128,,,,,,,
Montenegro et al. 2021,24,7,2017/12/06,02:18,-37.851,-71.06,2.9,1.1,,281,85,30,51,17,149,24,188,61,174,,,,,,,
Montenegro et al. 2021,25,8,2017/12/06,03:07,-37.848,-71.063,2.9,1,,276,82,-18,231,18,323,7,8,72,-171,,,,,,,
Montenegro et al. 2021,26,9,2017/12/06,08:40,-37.848,-71.059,3,1.6,,130,56,10,87,17,347,30,34,81,146,,,,,,,
Montenegro et al. 2021,27,10,2017/12/06,08:58,-37.847,-71.058,2.9,1.9,,109,59,-16,72,32,335,11,207,76,-148,,,,,,,
Montenegro et al. 2021,28,11,2017/12/06,15:32,-37.848,-71.059,3,1.3,,100,80,75,203,33,352,53,339,18,147,,,,,,,
Montenegro et al. 2021,29,12,2017/12/06,15:32,-37.848,-71.06,3.1,1.4,,101,76,14,54,0,324,20,7,76,166,,,,,,,
Montenegro et al. 2021,30,13,2017/12/06,19:11,-37.849,-71.06,2.6,2.1,,127,35,-7,101,39,341,32,223,86,-125,,,,,,,
Montenegro et al. 2021,31,14,2017/12/06,19:31,-37.849,-71.063,3,1.4,,271,83,-19,226,18,319,8,3,71,-173,,,,,,,
Montenegro et al. 2021,32,15,2017/12/06,19:32,-37.851,-71.063,2.7,1.1,,117,86,-25,70,20,166,14,209,65,-175,,,,,,,
Montenegro et al. 2021,33,16,2017/12/07,13:13,-37.85,-71.061,2.9,1.2,,94,86,-9,49,9,140,3,185,81,-176,,,,,,,
Montenegro et al. 2021,34,17,2017/12/08,14:56,-37.849,-71.068,3,1.6,,108,85,-19,62,17,155,10,200,71,-175,,,,,,,
Montenegro et al. 2021,35,18,2017/12/08,15:29,-37.848,-71.064,3.1,2.8,,269,65,5,226,14,130,21,177,86,155,,,,,,,
Montenegro et al. 2021,36,19,2017/12/08,20:41,-37.848,-71.058,2.7,1.3,,137,80,1,92,6,1,8,46,89,170,,,,,,,
Montenegro et al. 2021,37,20,2017/12/10,00:14,-37.849,-71.067,3.2,1.5,,100,88,5,235,2,325,5,10,85,178,,,,,,,
Montenegro et al. 2021,38,21,2017/12/10,06:01,-37.813,-71.084,0.7,1.1,,135,41,-41,123,57,12,13,258,64,-124,,,,,,,
Montenegro et al. 2021,39,22,2017/12/11,01:46,-37.85,-71.065,2.3,1.6,,302,90,20,75,14,169,14,212,70,180,,,,,,,
Montenegro et al. 2021,40,23,2017/12/11,05:17,-37.849,-71.063,2.5,1.3,,300,75,-13,257,20,166,2,34,77,-164,,,,,,,
Montenegro et al. 2021,41,24,2017/12/11,08:46,-37.849,-71.068,3.1,1.4,,270,73,-18,228,25,318,0,6,73,-162,,,,,,,
Montenegro et al. 2021,42,25,2017/12/13,09:55,-37.849,-71.064,2.9,1.3,,269,88,-25,222,19,317,16,360,65,-178,,,,,,,
Montenegro et al. 2021,43,26,2017/12/13,16:36,-37.848,-71.063,2.8,1.5,,273,83,-29,226,25,323,15,7,61,-172,,,,,,,
Montenegro et al. 2021,44,27,2017/12/15,16:32,-37.856,-71.064,3.1,1,,265,87,-15,219,13,311,8,356,75,-177,,,,,,,
Montenegro et al. 2021,45,28,2017/12/16,19:48,-37.81,-71.082,1.7,1.3,,125,56,-49,93,57,187,3,248,51,-134,,,,,,,
Montenegro et al. 2021,46,29,2017/12/17,00:31,-37.857,-71.062,3.1,1.3,,304,70,2,260,13,167,15,214,88,160,,,,,,,
Montenegro et al. 2021,47,30,2017/12/17,15:51,-37.842,-71.042,3.6,1.7,,297,85,-80,218,49,18,39,53,11,-154,,,,,,,
Montenegro et al. 2021,48,31,2017/12/19,03:59,-37.773,-71.034,4.3,2.1,,85,31,-71,127,72,341,15,243,61,-102,,,,,,,
Montenegro et al. 2021,49,32,2017/12/20,13:29,-37.852,-71.068,2.8,1.3,,108,80,-18,64,20,156,5,201,73,-170,,,,,,,
Montenegro et al. 2021,50,33,2017/12/22,21:35,-37.849,-71.06,2.9,1.4,,132,90,25,264,17,360,17,42,65,180,,,,,,,
Montenegro et al. 2021,51,34,2017/12/24,20:37,-37.848,-71.062,2.8,1.4,,258,61,-6,218,24,121,16,351,85,-150,,,,,,,
Montenegro et al. 2021,52,35,2018/01/01,04:53,-37.849,-71.06,3,1.8,,267,67,-11,226,24,132,9,1,80,-157,,,,,,,
Montenegro et al. 2021,53,36,2018/01/02,20:05,-37.857,-71.063,3.2,1,,301,76,-6,257,14,166,6,33,84,-166,,,,,,,
Montenegro et al. 2021,54,37,2018/01/03,02:20,-37.856,-71.063,3.3,1.3,,125,88,20,258,13,351,15,34,70,178,,,,,,,
Montenegro et al. 2021,55,38,2018/01/16,20:35,-37.849,-71.065,2.9,1,,103,88,25,235,16,330,19,12,65,178,,,,,,,
Montenegro et al. 2021,56,39,2018/01/19,06:49,-37.848,-71.061,2.6,1.4,,110,84,-14,65,14,156,6,201,76,-174,,,,,,,
Montenegro et al. 2021,57,40,2018/02/02,11:39,-37.848,-71.066,2.9,1.1,,266,66,-7,225,21,130,12,358,84,-156,,,,,,,
Montenegro et al. 2021,58,41,2018/02/27,13:33,-37.847,-71.06,2.4,1.3,,101,76,5,56,6,325,13,10,85,166,,,,,,,
Montenegro et al. 2021,59,42,2018/03/03,18:33,-37.846,-71.061,2.4,1,,132,63,-14,93,28,358,10,228,78,-152,,,,,,,
Montenegro et al. 2021,60,43,2018/03/08,13:45,-37.814,-71.095,3,1.1,,228,62,-67,179,65,301,14,6,36,-126,,,,,,,
Montenegro et al. 2021,61,44,2018/03/09,09:53,-37.852,-71.057,2.7,1.2,,302,52,27,252,11,152,43,195,69,139,,,,,,,
Montenegro et al. 2021,62,45,2018/03/10,03:07,-37.774,-71.055,1.8,1.3,,86,76,-75,15,56,164,29,218,21,-136,,,,,,,
Montenegro et al. 2021,63,46,2018/03/13,19:12,-37.808,-71.061,3,1.5,,112,74,-53,61,48,175,20,223,40,-154,,,,,,,
Montenegro et al. 2021,64,47,2018/03/14,00:25,-37.808,-71.06,3,1,,115,73,-58,62,51,181,22,231,36,-149,,,,,,,
Montenegro et al. 2021,65,48,2018/03/14,07:50,-37.811,-71.06,2.9,1.2,,232,36,-54,238,65,117,14,10,62,-113,,,,,,,
Montenegro et al. 2021,66,49,2018/03/14,10:19,-37.807,-71.062,2.7,1,,136,84,-35,87,29,188,19,229,56,-173,,,,,,,
Montenegro et al. 2021,67,50,2018/03/14,11:18,-37.81,-71.065,2.7,1.2,,257,57,-66,217,68,330,9,37,40,-122,,,,,,,
Montenegro et al. 2021,68,51,2018/03/14,18:09,-37.81,-71.058,2.6,1,,138,73,-58,85,51,204,22,254,36,-149,,,,,,,
Montenegro et al. 2021,69,52,2018/03/15,22:05,-37.856,-71.064,3,1.7,,323,52,27,273,11,173,43,216,69,139,,,,,,,
Montenegro et al. 2021,70,53,2018/03/19,00:15,-37.813,-71.091,2.6,1,,263,60,-84,189,74,349,15,71,30,-100,,,,,,,
Montenegro et al. 2021,71,54,2018/03/19,17:06,-37.78,-71.032,3.7,1.2,,177,42,-67,179,74,71,5,327,52,-109,,,,,,,
Montenegro et al. 2021,72,55,2018/03/19,17:09,-37.781,-71.034,3.6,1.5,,300,56,7,258,19,157,28,206,84,145,,,,,,,
Montenegro et al. 2021,73,56,2018/03/25,13:28,-37.846,-71.06,2.4,1.9,,307,38,36,254,18,138,54,187,69,123,,,,,,,
"Sielfeld et al., 2019",74,22.04.14,2014/04/22,52:43,-38.374,-71.621,9,2,15,311,48,23,263,16,159,43,205,73,136,,,,,,,
"Sielfeld et al., 2019",75,08.03.15,2015/03/08,34:11,-38.415,-71.597,9,2.2,15,87,78,-24,43,25,136,8,182,67,-167,,,,,,,
"Sielfeld et al., 2019",76,06.04.14,2014/04/06,02:36,-38.427,-71.611,9,2,12,56,48,-31,31,48,288,12,168,67,-134,,,,,,,
"Sielfeld et al., 2019",77,06.09.14,2014/09/06,35:49,-38.547,-71.659,9,2.4,25,69,64,-16,30,29,296,8,166,76,-153,,,,,,,
"Sielfeld et al., 2019",78,09.12.14,2014/12/09,28:14,-38.585,-71.624,9,2.1,27,266,40,-82,306,83,170,5,76,50,-97,,,,,,,
"Sielfeld et al., 2019",79,08.12.14,2014/12/08,03:46,-38.596,-71.612,9,2.6,36,76,62,-28,39,39,307,2,180,66,-149,,,,,,,
"Sielfeld et al., 2019",80,31.07.14,2014/07/31,51:12,-38.653,-71.607,9.4,3.4,34,257,36,-31,246,52,127,21,13,72,-122,,,,,,,
"Sielfeld et al., 2019",81,15.04.15,2015/04/15,54:30,-38.823,-71.731,12.3,2.3,28,284,38,36,231,18,115,54,164,69,122,,,,,,,
"Sielfeld et al., 2019",82,11.07.14,2014/07/11,36:03,-38.825,-71.719,15,1.5,7,95,76,27,225,8,319,29,358,64,164,,,,,,,
"Sielfeld et al., 2019",83,14.04.15,2015/04/14,40:52,-38.842,-71.713,13.8,1.7,21,175,65,-5,134,21,38,14,267,85,-155,,,,,,,
"Sielfeld et al., 2019",84,10.09.14,2014/09/10,39:41,-38.844,-71.736,11.8,2,8,125,90,10,260,7,350,7,35,80,180,,,,,,,
"Sielfeld et al., 2019",85,04.04.15,2015/04/04,00:11,-38.94,-71.781,9,1.8,11,96,78,-2,52,10,321,7,186,88,-168,,,,,,,
"Sielfeld et al., 2019",86,14.11.14,2014/11/14,13:24,-39.126,-71.707,9,2.3,17,307,67,-20,267,30,175,3,45,72,-156,,,,,,,
"Sielfeld et al., 2019",87,13.11.14,2014/11/13,55:37,-39.127,-71.71,9,2,11,310,82,6,265,1,174,10,219,84,172,,,,,,,
"Sielfeld et al., 2019",88,14.11.14,2014/11/14,53:27,-39.128,-71.699,9,3,31,178,60,90,268,15,88,75,358,30,90,,,,,,,
"Sielfeld et al., 2019",89,13.11.14,2014/11/13,59:23,-39.128,-71.709,8.8,2.4,17,261,44,22,215,19,106,44,155,75,132,,,,,,,
"Sielfeld et al., 2019",90,13.11.14,2014/11/13,00:30,-39.128,-71.708,9,1.7,14,106,41,-41,94,57,343,13,229,65,-123,,,,,,,
"Sielfeld et al., 2019",91,14.11.14,2014/11/14,15:47,-39.129,-71.705,8.6,2.2,15,48,69,-180,271,15,5,15,318,90,-21,,,,,,,
"Sielfeld et al., 2019",92,14.11.14,2014/11/14,21:59,-39.132,-71.707,8.9,2,15,281,36,54,216,14,95,65,143,62,113,,,,,,,
"Sielfeld et al., 2019",93,19.07.14,2014/07/19,16:29,-39.136,-71.754,9.9,1.6,12,328,62,-11,289,27,193,12,63,80,-152,,,,,,,
"Sielfeld et al., 2019",94,17.04.15,2015/04/17,05:53,-39.154,-71.645,9,2.2,15,75,74,-12,32,20,301,3,168,78,-164,,,,,,,
"Sielfeld et al., 2019",95,19.04.15,2015/04/19,16:04,-39.419,-71.886,9,2.1,18,164,84,-40,114,32,218,22,259,50,-172,,,,,,,
"Sielfeld et al., 2019",96,22.04.15,2015/04/22,27:40,-39.423,-71.896,9,2.2,12,81,73,42,204,14,307,41,336,50,158,,,,,,,
"Sielfeld et al., 2019",97,25.04.15,2015/04/25,03:26,-39.423,-71.892,8.9,2.2,38,331,85,30,101,17,199,24,238,60,174,,,,,,,
"Sielfeld et al., 2019",98,30.04.15,2015/04/30,05:03,-39.424,-71.889,7.6,2.2,21,109,85,-75,35,48,186,38,217,16,-161,,,,,,,
"Sielfeld et al., 2019",99,27.03.14,2014/03/27,02:22,-39.424,-71.892,7.5,2.3,11,318,50,0,281,27,175,27,228,90,-140,,,,,,,
"Sielfeld et al., 2019",100,10.05.15,2015/05/10,30:47,-39.426,-71.886,9,2.5,30,320,88,-5,275,5,5,2,50,85,-178,,,,,,,
"Sielfeld et al., 2019",101,23.04.15,2015/04/23,22:23,-39.426,-71.888,9,2.5,23,325,71,17,278,2,187,25,229,74,160,,,,,,,
"Sielfeld et al., 2019",102,23.04.15,2015/04/23,27:59,-39.426,-71.892,8.8,2.4,29,141,67,-46,98,48,201,11,253,49,-149,,,,,,,
"Sielfeld et al., 2019",103,23.04.15,2015/04/23,20:24,-39.427,-71.889,8.9,2.4,15,23,53,-11,348,32,246,19,120,81,-142,,,,,,,
"Sielfeld et al., 2019",104,10.02.15,2015/02/10,16:11,-39.427,-71.883,8.8,2.3,11,140,87,4,275,1,5,5,50,86,177,,,,,,,
"Sielfeld et al., 2019",105,11.04.15,2015/04/11,43:25,-39.429,-71.884,9,2.4,15,322,63,-14,283,28,188,10,58,78,-152,,,,,,,
"Sielfeld et al., 2019",106,19.04.15,2015/04/19,50:14,-39.43,-71.89,9,2.2,15,320,48,-19,291,40,185,18,63,76,-136,,,,,,,
"Sielfeld et al., 2019",107,16.03.15,2015/03/16,22:35,-39.43,-71.892,9,2.3,29,193,84,76,295,37,88,49,80,15,157,,,,,,,
"Sielfeld et al., 2019",108,19.02.15,2015/02/19,12:17,-39.443,-71.845,9,2.4,23,116,63,-63,69,62,187,14,248,37,-132,,,,,,,
"Sielfeld et al., 2019",109,23.06.14,2014/06/23,39:40,-39.51,-71.903,4,1.7,13,48,60,0,7,21,269,21,318,90,-150,,,,,,,
"Sielfeld et al., 2019",110,08.04.14,2014/04/08,06:16,-39.697,-71.84,8.6,2.1,12,15,71,-69,314,59,89,23,145,28,-136,,,,,,,
"Ammirati et al., 2019",111,20170127T0649,2017/01/27,06:49,-33.514,-70.249,,2,11,118,28,88,29,17,213,73,300,62,91,,,,,,,
"Ammirati et al., 2020",112,20170205T0547,2017/02/05,05:47,-33.882,-70.494,,1.6,6,236,28,-32,236,53,104,27,355,76,-114,,,,,,,
"Ammirati et al., 2021",113,20170211T0057,2017/02/11,00:57,-33.639,-70.614,,1.7,9,138,88,8,273,4,3,7,48,82,178,,,,,,,
"Ammirati et al., 2022",114,20170222T0736,2017/02/22,07:36,-33.682,-70.063,,1.4,7,350,48,11,308,22,202,35,253,82,137,,,,,,,
"Ammirati et al., 2023",115,20170307T0457,2017/03/07,04:57,-33.533,-70.325,,1.4,7,137,18,70,63,28,257,61,338,73,96,,,,,,,
"Ammirati et al., 2024",116,20170309T0722,2017/03/09,07:22,-33.649,-70.086,,1.4,7,298,21,-58,337,61,183,26,84,72,-101,,,,,,,
"Ammirati et al., 2025",117,20170317T0428,2017/03/17,04:28,-33.642,-70.615,,1.6,7,200,68,70,305,21,79,62,64,29,130,,,,,,,
"Ammirati et al., 2026",118,20170318T1651,2017/03/18,16:51,-33.451,-70.334,,1.4,8,358,24,-52,25,61,239,25,137,71,-105,,,,,,,
"Ammirati et al., 2027",119,20170326T1837,2017/03/26,18:37,-33.642,-70.612,,1.3,7,278,28,10,246,35,116,43,179,85,118,,,,,,,
"Ammirati et al., 2028",120,20170330T1039,2017/03/30,10:39,-33.602,-70.603,,1.7,12,271,28,108,168,18,321,70,71,63,81,,,,,,,
"Ammirati et al., 2029",121,20170331T0722,2017/03/31,07:22,-33.593,-70.605,,1.6,11,258,46,88,349,1,114,88,81,44,92,,,,,,,
"Ammirati et al., 2030",122,20170401T0309,2017/04/01,03:09,-33.34,-70.138,,1.6,8,29,70,50,147,15,256,49,277,44,150,,,,,,,
"Ammirati et al., 2031",123,20170402T0014,2017/04/02,00:14,-33.598,-70.605,,1.5,8,158,88,-54,99,37,218,33,251,36,-177,,,,,,,
"Ammirati et al., 2032",124,20170403T0554,2017/04/03,05:54,-33.597,-70.546,,1.5,7,238,63,102,319,17,173,70,33,29,68,,,,,,,
"Ammirati et al., 2033",125,20170404T0108,2017/04/04,01:08,-33.423,-70.078,,1.6,7,38,10,148,257,39,60,50,160,85,81,,,,,,,
"Ammirati et al., 2034",126,20170406T0613,2017/04/06,06:13,-33.911,-70.483,,1.6,6,138,88,148,188,20,89,24,229,58,2,,,,,,,
"Ammirati et al., 2035",127,20170407T0809,2017/04/07,08:09,-33.595,-70.605,,1.6,12,260,28,100,163,17,327,72,69,62,85,,,,,,,
"Ammirati et al., 2036",128,20170413T0330,2017/04/13,03:30,-33.46,-70.073,,1.5,6,238,28,48,179,22,42,61,104,70,110,,,,,,,
"Ammirati et al., 2037",129,20170413T0903,2017/04/13,09:03,-33.521,-70.052,,1.4,6,117,28,-12,101,44,331,34,218,84,-117,,,,,,,
"Ammirati et al., 2038",130,20170419T2050,2017/04/19,20:50,-33.454,-70.111,,1.4,7,192,68,102,273,22,122,65,342,25,63,,,,,,,
"Ammirati et al., 2039",131,20170426T0022,2017/04/26,00:22,-33.519,-70.263,,1.5,7,138,88,-32,89,24,188,20,229,58,-178,,,,,,,
"Ammirati et al., 2040",132,20170505T0746,2017/05/05,07:46,-33.56,-70.071,,1.6,6,106,28,-30,104,52,332,27,223,76,-115,,,,,,,
"Ammirati et al., 2041",133,20170507T0234,2017/05/07,02:34,-33.459,-70.066,,1.7,7,52,28,-12,36,44,266,34,153,84,-117,,,,,,,
"Ammirati et al., 2042",134,20170508T0232,2017/05/08,02:32,-33.678,-70.637,,1.8,8,258,65,148,311,2,219,40,3,61,29,,,,,,,
"Ammirati et al., 2043",135,20170510T1318,2017/05/10,13:18,-33.288,-70.376,,1.6,9,346,66,124,52,14,300,55,107,41,39,,,,,,,
"Ammirati et al., 2044",136,20170604T0328,2017/06/04,03:28,-33.391,-70.088,,1.7,6,286,28,68,212,18,63,69,131,64,101,,,,,,,
"Ammirati et al., 2045",137,20170606T2350,2017/06/06,23:50,-33.717,-70.381,,1.7,8,20,66,48,139,11,242,50,266,47,146,,,,,,,
"Ammirati et al., 2046",138,20170724T0729,2017/07/24,07:29,-33.619,-70.622,,1.6,7,252,62,110,328,15,200,67,34,34,57,,,,,,,
"Ammirati et al., 2047",139,20170726T0652,2017/07/26,06:52,-33.698,-70.665,,1.8,10,94,48,148,326,11,69,49,207,67,47,,,,,,,
"Ammirati et al., 2048",140,20170802T0605,2017/08/02,06:05,-33.698,-70.665,,1.7,10,94,48,148,326,11,69,49,207,67,47,,,,,,,
"Ammirati et al., 2049",141,20170802T0622,2017/08/02,06:22,-33.701,-70.664,,2,10,353,88,-32,304,24,43,20,84,58,-178,,,,,,,
"Ammirati et al., 2050",142,20170802T0652,2017/08/02,06:52,-33.702,-70.664,,1.8,10,158,68,44,279,11,21,46,48,50,151,,,,,,,
"Ammirati et al., 2051",143,20170802T0918,2017/08/02,09:18,-33.699,-70.666,,1.5,7,227,68,88,319,23,133,67,52,22,95,,,,,,,
"Ammirati et al., 2052",144,20170802T2151,2017/08/02,21:51,-33.7,-70.666,,1.6,10,94,48,148,326,11,69,49,207,67,47,,,,,,,
"Ammirati et al., 2053",145,20170804T1722,2017/08/04,17:22,-33.701,-70.666,,1.8,10,165,20,-50,195,58,44,29,303,75,-103,,,,,,,
"Ammirati et al., 2054",146,20170826T1521,2017/08/26,15:21,-33.644,-70.613,,1.7,8,20,10,63,313,36,143,54,227,81,95,,,,,,,
"Ammirati et al., 2055",147,20170906T0453,2017/09/06,04:53,-33.619,-70.411,,1.6,8,78,68,71,182,21,318,62,301,29,129,,,,,,,
"Ammirati et al., 2056",148,20170928T2115,2017/09/28,21:15,-33.863,-70.401,,1.6,8,298,10,122,180,36,349,53,86,82,85,,,,,,,
"Ammirati et al., 2057",149,20171006T2236,2017/10/06,22:36,-33.644,-70.606,,1.8,7,20,48,-32,355,49,252,11,133,67,-133,,,,,,,
"Ammirati et al., 2058",150,20171007T0139,2017/10/07,01:39,-33.645,-70.61,,1.8,7,200,68,70,305,21,79,62,64,29,130,,,,,,,
"Ammirati et al., 2059",151,20171015T1334,2017/10/15,13:34,-33.557,-70.549,,1.9,9,332,28,88,243,17,67,73,154,62,91,,,,,,,
"Ammirati et al., 2060",152,20171025T0744,2017/10/25,07:44,-33.609,-70.594,,1.5,10,184,10,8,167,43,6,46,86,89,100,,,,,,,
"Ammirati et al., 2061",153,20171029T2146,2017/10/29,21:46,-33.539,-70.309,,1.6,10,192,68,-52,146,51,255,15,308,43,-147,,,,,,,
"Ammirati et al., 2062",154,20171105T1656,2017/11/05,16:56,-33.645,-70.614,,1.4,7,316,68,26,85,1,176,34,216,66,156,,,,,,,
"Ammirati et al., 2063",155,20171108T0619,2017/11/08,06:19,-33.612,-70.594,,1.4,6,216,88,8,351,4,81,7,126,82,178,,,,,,,
"Ammirati et al., 2064",156,20171110T0401,2017/11/10,04:01,-33.604,-70.595,,1.6,7,223,68,111,297,20,165,61,357,30,48,,,,,,,
"Ammirati et al., 2065",157,20171110T0438,2017/11/10,04:38,-33.608,-70.593,,1.7,11,55,28,106,313,18,109,71,217,63,82,,,,,,,
"Ammirati et al., 2066",158,20171110T0449,2017/11/10,04:49,-33.607,-70.595,,1.8,13,211,48,28,161,13,57,46,101,70,134,,,,,,,
"Ammirati et al., 2067",159,20171116T0646,2017/11/16,06:46,-33.424,-70.088,,1.8,6,350,10,88,262,35,82,55,172,80,90,,,,,,,
"Ammirati et al., 2068",160,20171117T0045,2017/11/17,00:45,-33.878,-70.462,,1.7,7,138,68,10,93,9,359,22,44,81,158,,,,,,,
"Ammirati et al., 2069",161,20171119T0749,2017/11/19,07:49,-33.505,-70.008,,2.1,13,38,48,87,130,3,273,86,222,42,93,,,,,,,
"Ammirati et al., 2070",162,20171125T0254,2017/11/25,02:54,-33.698,-70.086,,1.8,8,257,15,148,119,36,274,51,18,82,77,,,,,,,
"Ammirati et al., 2071",163,20171129T2205,2017/11/29,22:05,-33.623,-70.687,,1.7,9,218,28,85,132,17,320,73,44,62,93,,,,,,,
"Ammirati et al., 2072",164,20171130T0721,2017/11/30,07:21,-33.597,-70.005,,1.9,9,297,88,148,347,20,248,24,28,58,2,,,,,,,
"Ammirati et al., 2073",165,20171204T0421,2017/12/04,04:21,-33.668,-70.434,,1.4,6,26,68,107,103,21,323,63,167,28,54,,,,,,,
"Ammirati et al., 2074",166,20171210T1107,2017/12/10,11:07,-33.4,-70.091,,2.6,12,33,88,68,143,39,282,43,298,22,175,,,,,,,
"Ammirati et al., 2075",167,20171224T0549,2017/12/24,05:49,-33.696,-70.668,,1.8,10,20,83,-35,332,29,72,18,115,55,-171,,,,,,,
"Ammirati et al., 2076",168,20171224T0609,2017/12/24,06:09,-33.698,-70.664,,1.8,9,198,28,128,80,21,218,62,336,68,72,,,,,,,
"Ammirati et al., 2077",169,20171224T0658,2017/12/24,06:58,-33.699,-70.664,,2,12,318,88,-70,247,44,30,40,53,20,-174,,,,,,,
"Ammirati et al., 2078",170,20171224T0805,2017/12/24,08:05,-33.698,-70.663,,1.8,12,86,45,125,332,5,73,65,221,55,60,,,,,,,
"Ammirati et al., 2079",171,20171224T1810,2017/12/24,18:10,-33.7,-70.663,,1.8,11,230,48,48,168,5,70,60,103,56,127,,,,,,,
"Ammirati et al., 2080",172,20171225T0233,2017/12/25,02:33,-33.697,-70.662,,1.8,6,318,88,-70,247,44,30,40,53,20,-174,,,,,,,
"Ammirati et al., 2081",173,20171228T0135,2017/12/28,01:35,-33.336,-70.31,,1.5,7,58,68,8,13,10,279,21,325,83,158,,,,,,,
"Ammirati et al., 2082",174,20171228T0438,2017/12/28,04:38,-33.335,-70.311,,1.8,9,118,48,68,223,1,316,74,329,46,113,,,,,,,
"Ammirati et al., 2083",175,20180111T0000,2018/01/11,00:00,-33.597,-70.567,,1.5,6,256,48,68,1,1,94,74,107,46,113,,,,,,,
"Ammirati et al., 2084",176,20180126T0857,2018/01/26,08:57,-33.647,-70.616,,1.5,8,298,67,-53,253,53,2,14,55,43,-145,,,,,,,
"Ammirati et al., 2085",177,20180222T0759,2018/02/22,07:59,-33.645,-70.613,,1.5,6,258,68,48,17,13,122,49,145,46,149,,,,,,,
"Ammirati et al., 2086",178,20180225T0429,2018/02/25,04:29,-33.647,-70.615,,1.5,9,158,68,85,252,23,59,67,351,23,102,,,,,,,
"Ammirati et al., 2087",179,20180226T0811,2018/02/26,08:11,-33.58,-70.313,,1.3,8,238,28,85,152,17,340,73,64,62,93,,,,,,,
"Ammirati et al., 2088",180,20180306T1130,2018/03/06,11:30,-33.737,-70.384,,1.9,7,220,28,-12,204,44,74,34,321,84,-117,,,,,,,
"Ammirati et al., 2089",181,20180309T0633,2018/03/09,06:33,-33.598,-70.583,,1.5,11,318,57,106,37,11,269,73,110,36,67,,,,,,,
"Ammirati et al., 2090",182,20180315T0527,2018/03/15,05:27,-33.601,-70.585,,1.7,12,24,28,48,325,22,188,61,250,70,110,,,,,,,
"Ammirati et al., 2091",183,20180316T0536,2018/03/16,05:36,-33.608,-70.583,,1.7,8,118,78,-52,65,44,180,23,223,40,-161,,,,,,,
"Ammirati et al., 2092",184,20180316T0832,2018/03/16,08:32,-33.601,-70.583,,1.7,7,37,41,-12,10,39,257,26,136,82,-130,,,,,,,
"Ammirati et al., 2093",185,20180322T1754,2018/03/22,17:54,-33.603,-70.583,,1.6,6,23,28,45,326,23,191,59,252,71,111,,,,,,,
"Ammirati et al., 2094",186,20180323T1255,2018/03/23,12:55,-33.603,-70.584,,1.7,6,322,68,33,89,5,183,38,218,60,154,,,,,,,
"Ammirati et al., 2095",187,20180325T0052,2018/03/25,00:52,-33.6,-70.582,,1.9,9,118,12,28,81,39,282,50,1,84,101,,,,,,,
"Ammirati et al., 2096",188,20180401T0816,2018/04/01,08:16,-33.539,-70.309,,1.7,6,49,74,54,165,21,280,48,298,39,154,,,,,,,
"Ammirati et al., 2097",189,20180510T0634,2018/05/10,06:34,-33.709,-70.374,,1.5,8,133,88,-52,75,36,192,32,226,38,-177,,,,,,,
"Ammirati et al., 2098",190,20180510T0634,2018/05/10,06:34,-33.709,-70.374,,1.5,8,338,10,-19,347,47,186,41,87,87,-99,,,,,,,
"Ammirati et al., 2099",191,20180510T1453,2018/05/10,14:53,-33.601,-70.365,,1.7,8,172,15,-52,211,56,51,33,313,78,-99,,,,,,,
"Ammirati et al., 2100",192,20180519T0040,2018/05/19,00:40,-33.393,-70.067,,1.5,7,308,33,79,226,12,72,76,141,58,97,,,,,,,
"Ammirati et al., 2101",193,20180522T1939,2018/05/22,19:39,-33.449,-70.026,,1.7,6,77,48,123,324,2,59,66,213,51,59,,,,,,,
"Ammirati et al., 2102",194,20180523T0001,2018/05/23,00:01,-33.452,-70.032,,3.1,13,138,48,66,245,0,336,72,352,47,114,,,,,,,
"Ammirati et al., 2103",195,20180523T0331,2018/05/23,03:31,-33.45,-70.029,,1.7,6,78,44,88,349,1,223,88,261,46,92,,,,,,,
"Ammirati et al., 2104",196,20180710T0447,2018/07/10,04:47,-33.701,-70.659,,1.6,6,58,82,124,121,29,1,43,160,35,14,,,,,,,
"Ammirati et al., 2105",197,20180713T0311,2018/07/13,03:11,-33.517,-70.317,,2.4,10,216,88,-52,158,36,275,32,309,38,-177,,,,,,,
"Ammirati et al., 2106",198,20180713T0311,2018/07/13,03:11,-33.517,-70.317,,2.4,10,105,63,115,177,14,56,63,239,36,50,,,,,,,
"Ammirati et al., 2107",199,20180729T1926,2018/07/29,19:26,-33.6,-70.039,,1.8,6,156,88,-70,85,44,228,40,251,20,-174,,,,,,,
"Ammirati et al., 2108",200,20180831T1101,2018/08/31,11:01,-33.565,-70.307,,1.7,6,175,10,-66,236,54,64,36,331,81,-94,,,,,,,
"Ammirati et al., 2109",201,20180901T0645,2018/09/01,06:45,-33.161,-70.039,,2,14,38,88,-61,335,40,103,36,132,29,-176,,,,,,,
"Ammirati et al., 2110",202,20180901T0719,2018/09/01,07:19,-33.158,-70.033,,1.5,6,58,88,-32,9,24,108,20,149,58,-178,,,,,,,
"Ammirati et al., 2111",203,20180905T0400,2018/09/05,04:00,-33.206,-70.082,,1.7,7,214,48,148,86,11,189,49,327,67,47,,,,,,,
"Ammirati et al., 2112",204,20180909T0202,2018/09/09,02:02,-33.209,-70.114,,1.6,6,54,75,50,173,20,284,45,307,42,157,,,,,,,
"Ammirati et al., 2113",205,20180912T0537,2018/09/12,05:37,-33.337,-70.174,,1.7,6,38,28,8,7,35,237,42,301,86,118,,,,,,,
"Ammirati et al., 2114",206,20180925T0156,2018/09/25,01:56,-33.177,-70.102,,1.6,6,23,68,70,128,21,262,62,247,29,130,,,,,,,
"Ammirati et al., 2115",207,20180930T0902,2018/09/30,09:02,-33.337,-70.153,,2.2,9,20,48,68,125,1,218,74,231,46,113,,,,,,,
"Ammirati et al., 2116",208,20181004T0810,2018/10/04,08:10,-33.206,-70.082,,1.6,6,238,10,6,222,43,62,45,142,89,100,,,,,,,
"Ammirati et al., 2117",209,20181006T2339,2018/10/06,23:39,-33.336,-70.174,,1.5,6,258,51,107,336,5,227,76,52,42,70,,,,,,,
"Ammirati et al., 2118",210,20181008T1020,2018/10/08,10:20,-33.13,-70.115,,1.6,6,258,26,79,176,19,11,70,90,65,95,,,,,,,
"Ammirati et al., 2119",211,20181012T0420,2018/10/12,04:20,-33.206,-70.081,,2.6,13,267,27,-29,266,52,132,28,23,77,-114,,,,,,,
"Ammirati et al., 2120",212,20181012T0939,2018/10/12,09:39,-33.24,-70.115,,1.6,9,180,28,13,146,33,16,44,78,84,117,,,,,,,
"Ammirati et al., 2121",213,20181016T0925,2018/10/16,09:25,-33.23,-70.221,,1.6,7,338,17,17,307,38,159,47,232,85,106,,,,,,,
"Ammirati et al., 2122",214,20181016T0943,2018/10/16,09:43,-33.234,-70.222,,1.7,9,158,68,68,264,20,35,61,25,31,133,,,,,,,
"Mora et al., 2010",215,23-0211,2007/01/23,02:11,-45.37,-73.06,,,,279,83,13,53,4,144,14,187,77,173,,,,,,,
"Mora et al., 2010",216,23-0239,2007/01/23,02:39,-45.37,-73.06,,,,87,51,-8,52,31,308,22,182,84,-141,,,,,,,
"Mora et al., 2010",217,23-0697,2007/01/23,06:97,-45.37,-73.06,,,,81,86,-15,36,13,127,8,172,75,-176,,,,,,,
"Mora et al., 2010",218,23-0746,2007/01/23,07:46,-45.37,-73.06,,,,285,15,0,270,43,120,43,195,90,-105,,,,,,,
"Mora et al., 2010",219,23-0909344,2007/01/23,09:09,-45.37,-73.06,,,,281,30,0,254,38,128,38,191,90,-120,,,,,,,
"Mora et al., 2010",220,23-0909346,2007/01/23,09:09,-45.37,-73.06,,,,274,80,28,44,12,140,27,179,62,169,,,,,,,
"Mora et al., 2010",221,23-1024,2007/01/23,10:24,-45.37,-73.06,,,,96,83,-13,51,14,142,4,188,77,-173,,,,,,,
"Mora et al., 2010",222,23-1056,2007/01/23,10:56,-45.37,-73.06,,,,301,64,56,55,13,165,57,178,42,139,,,,,,,
"Mora et al., 2010",223,23-1148,2007/01/23,11:48,-45.37,-73.06,,,,264,20,0,245,42,103,42,174,90,-110,,,,,,,
"Mora et al., 2010",224,23-1401,2007/01/23,14:01,-45.37,-73.06,,,,264,20,0,245,42,103,42,174,90,-110,,,,,,,
"Mora et al., 2010",225,24-0007,2007/01/24,00:07,-45.37,-73.06,,,,284,90,30,55,21,153,21,194,60,180,,,,,,,
"Mora et al., 2010",226,24-0027,2007/01/24,00:27,-45.37,-73.06,,,,103,87,-20,57,16,150,12,194,70,-177,,,,,,,
"Mora et al., 2010",227,24-0038,2007/01/24,00:38,-45.37,-73.06,,,,76,44,-22,51,44,302,19,182,75,-132,,,,,,,
"Mora et al., 2010",228,24-0139,2007/01/24,01:39,-45.37,-73.06,,,,70,76,-27,26,29,120,8,167,64,-164,,,,,,,
"Mora et al., 2010",229,24-0246,2007/01/24,02:46,-45.37,-73.06,,,,235,47,15,192,20,85,38,135,79,136,,,,,,,
"Mora et al., 2010",230,25-0047,2007/01/25,00:47,-45.37,-73.06,,,,63,61,6,20,16,283,24,330,85,151,,,,,,,
"Mora et al., 2010",231,25-0152,2007/01/25,01:52,-45.37,-73.06,,,,249,71,-7,207,18,114,9,341,83,-161,,,,,,,
"Mora et al., 2010",232,25-0925,2007/01/25,09:25,-45.37,-73.06,,,,264,79,11,218,0,128,16,172,79,169,,,,,,,
"Mora et al., 2010",233,25-1101,2007/01/25,11:01,-45.37,-73.06,,,,272,79,44,35,20,142,38,172,47,165,,,,,,,
"Mora et al., 2010",234,25-1323,2007/01/25,13:23,-45.37,-73.06,,,,60,69,-41,17,43,117,10,167,52,-153,,,,,,,
"Mora et al., 2010",235,25-1419,2007/01/25,14:19,-45.37,-73.06,,,,61,64,-16,22,29,288,8,158,76,-153,,,,,,,
"Mora et al., 2010",236,27-0321,2007/01/27,03:21,-45.37,-73.06,,,,286,90,40,53,27,159,27,196,50,180,,,,,,,
"Mora et al., 2010",237,27-0456,2007/01/27,04:56,-45.37,-73.06,,,,318,20,90,228,25,48,65,138,70,90,,,,,,,
"Mora et al., 2010",238,27-0735,2007/01/27,07:35,-45.37,-73.06,,,,298,33,24,254,26,131,49,188,77,121,,,,,,,
"Mora et al., 2010",239,27-0910,2007/01/27,09:10,-45.37,-73.06,,,,97,84,-40,47,32,151,22,192,50,-172,,,,,,,
Lange,253,,2005/08/18,21:26,-41.99,-72.46,,3.8,,210,72,-150,73,34,338,7,110,62,-21,,,,,,,
Lange,254,,2005/08/23,01:15,-41.99,-72.46,,3.4,,13,85,-157,239,20,145,12,281,67,-5,,,,,,,
Lange,255,,2005/08/18,18:33,-41.99,-72.46,,3.2,,211,71,-152,73,33,340,5,111,64,-21,,,,,,,
Lange,256,,2005/08/18,21:28,-41.99,-72.46,,3.2,,198,69,170,63,8,156,22,292,81,21,,,,,,,
Lange,257,,2005/08/22,21:29,-41.99,-72.46,,3.1,,222,33,-115,15,70,150,14,71,60,-75,,,,,,,
Lange,258,,2005/01/18,21:22,-42.36,-72.79,,2.8,,232,89,-138,105,29,358,27,141,48,-1,,,,,,,
Lange,259,,2005/12/10,17:03,-42.83,-72.65,,3.6,,230,60,-163,87,32,183,10,131,75,-31,,,,,,,
Lange,260,,2005/05/19,11:44,-42.81,-72.55,,3,,229,90,180,274,0,184,0,319,90,0,,,,P,,T,
Stanton & Sanchez et al 2025,261,58,2017/08/12,07:10,-35.067,-70.526,6.33,1.6,,291,53,117,261,68,2,5,71,45,-121,70.7471481156784,44.6356150746553,58.9324766124181,2.21660936067559,4.45190510543388,260.97134141338,68.2357262519003
Stanton & Sanchez et al 2025,262,2,2017/09/17,01:10,-35.057,-70.537,6.59,1.8,,315,78,6,270,4,179,13,224,84,168,223.748148988811,84.1315800198347,167.935832025239,269.846062807016,4.28502821984377,178.881003347043,12.6687077089026
Stanton & Sanchez et al 2025,263,4,2018/07/31,12:46,-35.058,-70.535,6.8,1.6,,254,69,-9,212,21,119,9,347,82,21,347.248617439352,81.6022514609497,-158.761437050147,212.380263973525,20.8960270262355,119.056596113248,8.63478457899123
Stanton & Sanchez et al 2025,264,3,2018/08/27,12:10,-35.058,-70.533,6.99,1.8,,74,75,4,29,8,298,13,343,86,165,342.963151794498,86.1365073166111,164.965028111397,29.3927689849597,7.77990842058418,297.536804204769,13.3357704388325
Stanton & Sanchez et al 2025,265,49,2018/10/13,21:20,-35.042,-70.48,4.39,1.6,,182,19,155,143,35,357,50,68,82,107,295.792804858821,82.0915255705846,72.6685905963806,40.6642541821019,34.8403026200314,186.669430243264,49.9848239044329
Stanton & Sanchez et al 2025,266,11,2018/10/28,18:40,-35.059,-70.529,6.04,2.4,,282,58,15,236,13,138,32,184,77,147,183.918512685362,77.3208613470809,147.100672792554,236.433985097301,12.6800156591259,138.352048305165,31.9995820897547
Stanton & Sanchez et al 2025,267,24,2018/11/05,19:57,-35.064,-70.526,6.62,2,,152,61,33,98,0,8,43,45,62,147,44.5239624593501,61.5525826620308,146.537778074397,98.3730517732605,0.342654701028328,8.05556880079393,42.8158241967374
"Mura et al., 2025",268,M1,2016,,-36.904,-71.334,4.47,3.1,,267,41,-74,66,51,-103,281,78,166,5,,,,,,,
"Mura et al., 2026",269,M2,2019,,-36.905,-71.331,4.82,3,,43,42,17,300,79,131,0,23,248,42,,,,,,,
"Mura et al., 2027",270,M3,2019,,-36.884,-71.331,3.86,3.2,,60,55,90,240,35,90,150,10,330,80,,,,,,,
"Mura et al., 2028",271,M4,2020,,-36.879,-71.34,3.98,3.3,,247,48,-30,358,68,-134,222,47,118,12,,,,,,,
"Mura et al., 2029",272,M5,2020,,-36.864,-71.395,5.27,3.4,,249,78,-33,347,58,-166,203,32,301,13,,,,,,,
"Mura et al., 2030",273,M6,2020,,-36.847,-71.373,3.47,3,,241,63,-24,342,69,-151,203,35,111,4,,,,,,,
"Mura et al., 2031",274,M7,2020,,-36.867,-71.354,3.68,3.4,,339,80,11,247,79,170,113,1,203,15,,,,,,,
"Mura et al., 2032",275,M8,2020,,-36.839,-71.389,3.93,3.1,,241,66,-39,349,55,-150,201,44,297,7,,,,,,,
"Mura et al., 2033",276,M9,2020,,-36.875,-71.373,3.72,3.1,,228,27,-43,358,72,-110,240,58,103,24,,,,,,,
"Mura et al., 2034",277,M10,2020,,-36.862,-71.393,2.92,3.2,,342,60,-78,139,32,-110,281,72,63,14,,,,,,,
"Mura et al., 2035",278,M11,2020,,-36.904,-71.343,4.55,4.4,,280,69,-22,18,70,-158,239,30,149,0,,,,,,,
"Mura et al., 2036",279,M12,2020,,-36.9,-71.347,2.37,3.2,,311,30,80,143,61,96,228,15,67,74,,,,,,,
"Mura et al., 2037",280,M13,2021,,-36.864,-71.362,3.74,3.5,,280,69,-52,35,43,-148,233,51,343,15,,,,,,,
"Mura et al., 2038",281,M14,2021,,-36.892,-71.335,3.96,3.2,,311,52,-50,77,53,-129,285,60,194,0,,,,,,,
"Mura et al., 2039",282,M15,2021,,-36.869,-71.346,4.04,3.4,,104,67,20,6,72,156,56,3,324,30,,,,,,,
"Mura et al., 2040",283,M16,2021,,-36.89,-71.339,4.53,3.1,,45,90,85,315,5,180,140,45,310,45,,,,,,,
"Mura et al., 2041",284,M17,2022,,-36.835,-71.339,3.85,3.3,,82,68,-57,202,39,-143,34,55,148,17,,,,,,,
