id,time_iso,longitude,latitude,depth,mag,mag_type,strike1,dip1,rake1,strike2,dip2,rake2,T_plunge,T_azimuth,N_plunge,N_azimuth,P_plunge,P_azimuth,Mrr,Mtt,Mpp,Mrt,Mrp,Mtp,source,class
608340,1981-11-07T03:29:51,-71.336,-32.199,54.0,7.0,mw,83.0,46.0,179.0,174.0,89.0,44.0,30.0,48.0,46.0,175.0,29.0,299.0,60000000000.0,520000000000.0,-580000000000.0,390000000000.0,-2520000000000.0,-2540000000000.0,NEIS,subduction_intraslab
534791,1985-01-18T15:00:09,-70.793,-29.374,85.0,6.3,mw,205.0,63.0,170.0,300.0,81.0,27.0,26.0,165.0,61.0,317.0,12.0,70.0,35000000000.0,245000000000.0,-280000000000.0,-177000000000.0,22000000000.0,183000000000.0,NEIC,subduction_intraslab
529084,1985-03-03T22:47:07,-71.871,-33.135,51.0,7.5,mw,56.0,45.0,156.0,164.0,73.0,48.0,45.0,31.0,40.0,179.0,17.0,284.0,7500000000000.0,4000000000000.0,-11499999999999.998,11900000000000.0,-10600000000000.0,-8900000000000.0,NEIC,subduction_intraslab
530501,1985-03-19T04:01:08,-71.653,-33.198,40.0,6.7,mw,8.0,22.0,85.0,193.0,68.0,92.0,66.0,107.0,2.0,12.0,23.0,281.0,1000000000000.0,-340000000000.0,-660000000000.0,-230000000000.0,-860000000000.0,-40000000000.0,NEIC,subduction_intraslab
459865,1987-08-15T18:04:23,-70.884,-28.135,51.0,6.5,mw,158.0,68.0,84.0,354.0,23.0,105.0,66.0,57.0,6.0,160.0,23.0,253.0,450000000000.0,-23000000000.0,-427000000000.0,198000000000.0,-420000000000.0,108000000000.00002,NEIC,subduction_intraslab
429001,1988-08-14T17:53:09,-71.092,-27.26,33.0,6.6,mw,80.0,22.0,131.0,217.0,73.0,75.0,59.0,106.0,14.0,222.0,27.0,319.0,440000000000.0,-370000000000.0,-70000000000.00002,-490000000000.0,-640000000000.0,-490000000000.0,NEIC,subduction_intraslab
155708,1994-09-12T06:29:54,-71.706,-31.103,46.0,6.0,mw,162.0,73.0,111.0,289.0,27.0,40.0,57.0,100.0,20.0,336.0,25.0,236.0,48000000000.0,-8000000000.0,-40000000000.0,31000000000.0,-81000000000.0,67000000000.0,NEIC,subduction_intraslab
148630,1994-10-11T01:37:20,-71.447,-32.1,57.0,5.8,mw,163.0,63.0,139.0,275.0,54.0,34.0,47.0,125.0,42.0,315.0,5.0,220.0,28300000000.0,-22500000000.0,-5800000000.0,-11000000000.000002,-24400000000.0,37400000000.0,NEIC,subduction_intraslab
106610,1995-05-28T19:59:12,-71.217,-28.978,44.0,5.7,mw,199.0,35.0,107.0,359.0,57.0,78.0,75.0,236.0,10.0,5.0,11.0,97.0,32300000000.0,600000000.0,-33000000000.0,-4200000000.0,14500000000.0,-5300000000.0,NEIC,subduction_intraslab
948724,1996-02-19T07:10:06,-75.283,-42.132,21.0,5.7,mw,17.0,55.0,-102.0,217.0,37.0,-74.0,9.0,115.0,10.0,24.0,77.0,248.0,-42900000000.0,8300000000.0,34700000000.0,900000000.0,-16500000000.0,18100000000.0,NEIC,subduction_intraslab
985382,1996-09-09T00:20:39,-71.56,-31.9,42.0,6.0,mw,203.0,52.0,116.0,344.0,45.0,61.0,69.0,175.0,20.0,6.0,3.0,274.0,95000000000.0,18000000000.0,-113999999999.99998,-34000000000.0,-10000000000.0,-8000000000.0,NEIC,subduction_intraslab
1037644,1997-07-19T12:22:57,-71.684,-29.281,29.0,5.9,mw,192.0,60.0,137.0,307.0,54.0,38.0,50.0,156.0,40.0,344.0,4.0,251.0,42000000000.0,17800000000.0,-59800000000.0,-29300000000.0,-18100000000.0,33400000000.0,NEIC,subduction_intraslab
1047434,1997-10-15T01:03:33,-71.22,-30.933,67.0,7.1,mw,52.0,15.0,-31.0,172.0,82.0,-103.0,36.0,274.0,13.0,174.0,51.0,67.0,-1300000000000.0,-290000000000.0,1590000000000.0,-790000000000.0,4550000000000.0,900000000000.0,NEIC,subduction_intraslab
1169274,1998-07-29T07:14:24,-71.286,-32.312,54.0,6.4,mw,167.0,31.0,112.0,322.0,61.0,77.0,71.0,203.0,11.0,328.0,15.0,61.0,423000000000.00006,-74000000000.0,-349000000000.0,-208000000000.0,168000000000.0,164000000000.0,NEIC,subduction_intraslab
1202810,1998-09-03T17:37:58,-71.715,-29.45,28.0,6.5,mw,210.0,71.0,114.0,336.0,30.0,40.0,57.0,152.0,23.0,22.0,23.0,282.0,299000000000.0,190000000000.0,-489000000000.0,-228000000000.0,-363000000000.0,-86000000000.0,NEIC,subduction_intraslab
1703360,1999-08-22T09:35:39,-74.756,-40.509,33.0,6.2,mw,156.0,35.0,-75.0,317.0,56.0,-101.0,11.0,55.0,9.0,323.0,76.0,194.0,-182000000000.0,55000000000.00001,127000000000.0,66000000000.0,-40000000000.0,-85000000000.0,NEIC,subduction_intraslab
1656614,1999-09-29T18:01:31,-71.993,-30.738,33.0,6.0,mw,152.0,77.0,90.0,331.0,13.0,89.0,58.0,63.0,0.0,332.0,32.0,242.0,0.0,0.0,0.0,0.0,0.0,0.0,NEIC,subduction_intraslab
1780670,2001-03-03T11:58:13,-74.555,-38.766,33.0,5.9,mw,218.0,38.0,-55.0,356.0,60.0,-114.0,12.0,104.0,21.0,9.0,66.0,221.0,-53000000000.0,-2100000000.0,55100000000.0,16000000000.0,-29500000000.0,20100000000.0,NEIC,subduction_intraslab
2933451,2002-04-01T19:59:32,-71.384,-29.67,71.0,6.4,mw,25.0,74.0,-123.0,272.0,36.0,-28.0,22.0,140.0,31.0,35.0,50.0,258.0,-214000000000.0,241000000000.0,-27000000000.000004,-25000000000.0,-358000000000.0,182000000000.0,NEIC,subduction_intraslab
2991626,2002-04-18T16:08:36,-70.586,-27.535,62.0,6.7,mw,180.0,55.0,122.0,313.0,46.0,53.0,64.0,148.0,26.0,341.0,5.0,248.0,0.0,0.0,0.0,0.0,0.0,0.0,NEIC,subduction_intraslab
3187914,2002-06-23T11:10:42,-71.166,-30.842,67.1,5.4,mw,4.0,45.0,-95.0,190.0,45.0,-85.0,0.0,277.0,3.0,7.0,87.0,182.0,-14800000000.0,-1400000000.0000002,16100000000.0,800000000.0,0.0,2100000000.0,NEIC,subduction_intraslab
7203683,2003-12-10T12:25:51,-71.322,-27.961,33.0,5.8,mw,50.0,90.0,-157.0,319.0,67.0,0.0,16.0,182.0,67.0,50.0,16.0,277.0,-1200000000.0,47400000000.0,-46200000000.0,-15500000000.0,-12600000000.0,-7300000000.0,NEIC,subduction_intraslab
7230932,2004-01-10T07:25:44,-71.656,-30.883,55.1,5.7,mw,101.0,38.0,-134.0,332.0,64.0,-62.0,15.0,41.0,25.0,139.0,60.0,285.0,-31800000000.0,23500000000.0,8200000000.0,2700000000.0,-26900000000.0,-22900000000.0,NEIC,subduction_intraslab
7325357,2004-04-03T09:57:13,-71.985,-29.987,34.5,5.4,mw,180.0,58.0,115.0,318.0,40.0,56.0,67.0,139.0,21.0,346.0,10.0,252.0,11900000000.0,-600000000.0,-11299999999.999998,-3700000000.0,-5699999999.999999,4900000000.0,NEIC,subduction_intraslab
12690583,2007-06-28T19:25:21,-71.34,-32.004,68.8,5.7,mw,7.0,74.0,-96.0,209.0,18.0,-69.0,28.0,102.0,6.0,8.0,61.0,267.0,-21600000000.0,-1200000000.0,22800000000.0,-3200000000.0,-35500000000.0,7700000000.0,NEIC,subduction_intraslab
11513615,2008-12-19T09:36:04,-71.949,-32.458,32.2,5.6,mw,184.0,64.0,108.0,328.0,31.0,58.0,66.0,125.0,15.0,356.0,17.0,261.0,26200000000.0,-4500000000.0,-21700000000.0,-8000000000.0,-18700000000.0,6300000000.0,NEIC,subduction_intraslab
14265217,2010-01-30T05:50:09,-70.698,-28.227,57.4,5.3,mw,31.0,26.0,129.0,169.0,70.0,73.0,61.0,54.0,15.0,174.0,23.0,271.0,,,,,,,NEIC,subduction_intraslab
14349505,2010-03-03T17:44:42,-73.78,-36.87,33.0,6.1,mw,20.0,18.0,111.0,179.0,73.0,83.0,61.0,79.0,6.0,180.0,27.0,274.0,87000000000.0,-10000000000.0,-76000000000.0,9000000000.0,-122000000000.0,-14000000000.000002,NEIC,subduction_intraslab
14349541,2010-03-03T19:58:29,-71.868,-33.412,38.8,5.6,mw,186.0,71.0,98.0,343.0,21.0,68.0,63.0,109.0,7.0,3.0,25.0,270.0,23900000000.0,-3400000000.0000005,-20500000000.0,-5600000000.000001,-27200000000.000004,2600000000.0,NEIC,subduction_intraslab
14374363,2010-03-05T09:19:51,-73.86,-36.69,39.0,6.1,mw,5.0,17.0,99.0,176.0,73.0,87.0,61.0,82.0,2.0,176.0,28.0,268.0,,,,,,,NEIC,subduction_intraslab
14405731,2010-03-13T10:34:43,-73.465,-37.551,35.0,5.7,mw,8.0,22.0,97.0,180.0,69.0,87.0,66.0,85.0,2.0,181.0,23.0,272.0,28400000000.0,-600000000.0,-27900000000.0,600000000.0,-30300000000.0,-1900000000.0,NEIC,subduction_intraslab
14554147,2010-03-21T18:31:04,-73.164,-36.344,36.2,5.5,mw,63.0,32.0,118.0,211.0,62.0,74.0,68.0,87.0,14.0,218.0,15.0,312.0,16700000000.0,-8200000000.0,-8500000000.0,-5300000000.0,-11399999999.999998,-14800000000.0,NEIC,subduction_intraslab
14508014,2010-03-26T14:52:19,-71.16,-27.63,37.0,6.1,mw,193.0,47.0,105.0,351.0,45.0,74.0,78.0,176.0,11.0,2.0,1.0,272.0,183000000000.0,4000000000.0,-187000000000.0,-37000000000.0,-6000000000.0,-7000000000.000001,NEIC,subduction_intraslab
14596759,2010-03-28T21:38:28,-73.385,-35.387,29.9,6.0,mw,20.0,28.0,110.0,177.0,64.0,80.0,69.0,65.0,9.0,182.0,17.0,275.0,70000000000.0,43000000000.0,-112999999999.99998,2000000000.0,-67000000000.0,-17000000000.0,NEIC,subduction_intraslab
14606547,2010-04-23T10:03:22,-73.51,-37.51,49.0,6.0,mw,149.0,73.0,86.0,343.0,17.0,104.0,61.0,53.0,3.0,150.0,28.0,242.0,44900000000.0,-4900000000.0,-40000000000.0,37900000000.0,-60800000000.0,19900000000.0,NEIC,subduction_intraslab
15674988,2010-11-28T08:19:45,-72.043,-34.672,41.9,5.3,mw,12.0,88.0,102.0,112.0,12.0,10.0,46.0,294.0,12.0,192.0,42.0,91.0,-1100000000.0,4800000000.0,-3600000000.0,1000000000.0,10600000000.0,600000000.0,NEIC,subduction_intraslab
16160700,2011-02-28T01:29:25,-73.695,-37.36,31.5,5.8,mw,183.0,67.0,115.0,312.0,33.0,45.0,60.0,129.0,23.0,352.0,19.0,254.0,34900000000.0,11000000000.000002,-45800000000.0,-4900000000.0,-36400000000.0,23100000000.0,NEIC,subduction_intraslab
16463269,2011-04-27T04:57:32,-72.502,-33.948,24.2,5.1,mw,184.0,67.0,117.0,311.0,35.0,43.0,59.0,131.0,25.0,353.0,18.0,254.0,3140000000.0,90000000.0,-3240000000.0000005,-1150000000.0,-3009999999.9999995,1780000000.0,NEIC,subduction_intraslab
16887034,2011-07-25T11:15:11,-73.728,-37.714,32.8,5.2,mw,180.0,71.0,109.0,314.0,27.0,48.0,60.0,117.0,18.0,354.0,24.0,256.0,5730000000.000001,-460000000.0,-5269999999.999999,-1240000000.0,-6960000000.0,2740000000.0000005,NEIC,subduction_intraslab
17224590,2011-09-14T07:03:51,-71.797,-32.696,37.0,5.8,mw,26.0,21.0,99.0,196.0,69.0,87.0,65.0,101.0,3.0,197.0,24.0,289.0,35300000000.0,-6899999999.999999,-28500000000.0,-9500000000.0,-37400000000.0,-10100000000.0,NEIC,subduction_intraslab
603838887,2012-01-23T16:05:11,-73.43,-36.73,38.0,6.1,mw,13.0,20.0,100.0,183.0,70.0,86.0,65.0,87.0,3.0,184.0,25.0,276.0,141000000000.0,11000000000.0,-152000000000.0,-5000000000.0,-176000000000.0,-22000000000.0,NEIC,subduction_intraslab
600983887,2012-04-17T03:50:39,-71.54,-33.3,43.0,6.7,mw,4.0,24.0,103.0,170.0,67.0,85.0,68.0,70.0,5.0,172.0,22.0,264.0,1180000000000.0,-80000000000.0,-1100000000000.0,260000000000.0,-1060000000000.0,50000000000.0,NEIC,subduction_intraslab
601901485,2012-11-14T19:02:06,-71.19,-29.118,63.0,6.2,mw,14.0,87.0,-107.0,274.0,17.0,-10.0,40.0,119.0,17.0,15.0,45.0,267.0,-30000000000.0,48000000000.0,-18000000000.0,-43000000000.0,-224000000000.00003,59000000000.0,NEIC,subduction_intraslab
603336792,2013-08-16T22:17:31,-71.581,-28.707,45.0,5.2,mw,8.0,59.0,106.0,159.0,34.0,65.39,71.0,316.0,14.0,180.0,13.0,87.0,5210000000.0,1250000000.0,-6460000000.0,1050000000.0,2900000000.0,720000000.0,NEIC,subduction_intraslab
604440644,2014-04-05T02:22:38,-71.5803,-32.7997,40.0,5.6,mw,18.91,29.6,79.68,210.73,60.92,95.81,73.0,135.0,5.0,28.0,16.0,296.0,31840000000.0,-7500000000.0,-24340000000.000004,-11470000000.0,-14930000000.0,-9460000000.0,NEIC,subduction_intraslab
604650838,2014-05-21T09:00:58,-71.43,-30.45,60.5,5.1,mw,159.0,50.0,82.0,351.0,41.0,99.0,83.0,20.0,6.0,164.0,4.0,254.0,4973000000.0,-390000000.0,-4584000000.0,729000000.0,-585000000.0,1212000000.0,NEIC,subduction_intraslab
610571154,2014-07-13T07:18:29,-70.9,-30.85,100.5,5.3,mw,159.0,72.0,83.0,360.0,19.0,109.0,62.0,59.0,6.0,161.0,27.0,255.0,7750000000.0,-660000000.0,-7090000000.0,4140000000.0,-9370000000.0,1050000000.0,NEIC,subduction_intraslab
606760430,2015-03-02T16:53:47,-71.2,-27.97,45.5,5.2,mw,25.0,32.0,112.0,180.0,61.0,77.0,71.0,61.0,11.0,186.0,15.0,279.0,6759000000.0,369000000.0,-7128000000.0,825000000.0,-4273000000.0,-1627000000.0,NEIC,subduction_intraslab
606792825,2015-03-05T21:30:35,-71.42,-29.2,60.5,5.3,mw,227.0,45.0,145.0,344.0,66.0,51.0,52.0,207.0,35.0,2.0,12.0,101.0,5432000000.0,3065000000.0,-8497000000.0,-2859000000.0,4019000000.0,-3192000000.0,NEIC,subduction_intraslab
606855453,2015-03-18T19:07:55,-73.98,-36.16,17.5,5.4,mw,11.0,19.0,99.0,182.0,71.0,87.0,64.0,87.0,3.0,183.0,26.0,274.0,11730000000.0,-320000000.0,-11410000000.0,-179999999.99999997,-14720000000.0,-1320000000.0,NEIC,subduction_intraslab
610634880,2015-05-29T04:28:18,-70.81,-28.13,70.5,5.2,mw,157.0,61.0,83.0,351.0,29.0,102.0,73.0,52.0,6.0,161.0,16.0,252.0,5369000000.0,733000000.0,-6102000000.0,1660000000.0,-3496000000.0,2261000000.0,NEIC,subduction_intraslab
610635349,2015-06-20T05:22:35,-73.6,-36.48,25.5,5.5,mw,28.0,26.0,135.0,160.0,72.0,71.0,59.0,44.0,18.0,166.0,25.0,265.0,10990000000.0,2920000000.0,-13910000000.0,6929999999.999999,-13670000000.0,-1000000000.0,NEIC,subduction_intraslab
610635901,2015-07-16T10:48:09,-71.91,-29.5,23.5,5.0,mw,5.0,37.0,-119.0,220.0,58.0,-69.0,11.0,295.0,17.0,29.0,69.0,175.0,-3922000000.0,324000000.0,3598000000.0,1937000000.0,868000000.0,1593000000.0,NEIC,subduction_intraslab
611836223,2015-07-17T11:11:27,-73.31,-35.41,23.5,5.2,mw,192.0,77.0,94.0,356.0,13.0,74.0,58.0,107.0,4.0,11.0,32.0,279.0,3255000000.0,1330000000.0,-4586000000.0,-1748000000.0,-8006000000.0,-701000000.0,NEIC,subduction_intraslab
607649017,2015-08-12T00:14:42,-71.66,-31.8,40.5,5.5,mw,176.0,63.0,95.0,344.0,27.0,80.0,72.0,98.0,5.0,353.0,18.0,262.0,16080000000.0,-1130000000.0,-14950000000.0,-110000000.0,-11410000000.0,2600000000.0,NEIC,subduction_intraslab
607677064,2015-08-23T23:10:06,-71.66,-29.67,45.5,5.7,mw,21.0,42.0,79.0,216.0,49.0,100.0,82.0,186.0,7.0,29.0,3.0,299.0,37120000000.0,-7210000000.0,-29910000000.0,-6000000000.0,-1480000000.0,-17600000000.0,NEIC,subduction_intraslab
610637528,2015-09-17T01:41:15,-71.72,-31.15,45.5,6.4,mw,172.0,55.0,92.0,348.0,35.0,86.0,80.0,92.0,2.0,351.0,10.0,260.0,517900000000.0,800000000.0,-518600000000.0,14500000000.0,-195700000000.0,95900000000.0,NEIC,subduction_intraslab
607743131,2015-09-17T04:10:35,-71.89,-31.53,35.5,6.7,mw,172.0,62.0,89.0,353.0,28.0,91.0,73.0,81.0,1.0,172.0,17.0,263.0,1023000000000.0,-64000000000.0,-959000000000.0,99000000000.0,-669000000000.0,113000000000.0,NEIC,subduction_intraslab
607770404,2015-09-19T08:31:29,-72.13,-30.31,25.5,5.4,mw,11.0,34.0,110.0,167.0,58.0,77.0,74.0,42.0,11.0,174.0,12.0,267.0,16040000000.0,-20000000.0,-16020000000.0,3980000000.0,-6800000000.000001,190000000.0,NEIC,subduction_intraslab
610433486,2015-09-19T09:07:11,-71.73,-31.11,35.5,5.7,mw,9.0,32.0,104.0,173.0,59.0,81.0,75.0,59.0,7.0,178.0,13.0,269.0,45800000000.0,540000000.0,-46330000000.0,6919999999.999999,-23000000000.0,-1020000000.0,NEIC,subduction_intraslab
610637670,2015-09-19T13:09:02,-72.05,-30.67,23.5,5.6,mw,180.0,72.0,93.0,351.0,18.0,81.0,63.0,95.0,3.0,359.0,27.0,268.0,19570000000.0,-1090000000.0,-18480000000.0,-680000000.0,-26300000000.0,1439999999.9999998,NEIC,subduction_intraslab
607776793,2015-09-20T03:02:01,-71.433,-30.8446,53.0,5.0,mw,176.65,68.82,102.09,325.99,24.25,61.61,64.0,107.0,11.0,352.0,23.0,257.0,3111000000.0000005,-506000000.0,-2606000000.0,-271000000.0,-3233000000.0,947000000.0,NEIC,subduction_intraslab
611836705,2015-09-21T05:39:45,-71.712,-31.9236,37.9,6.2,mw,2.72,21.33,106.15,165.45,69.55,83.8,65.0,65.0,6.0,168.0,24.0,260.0,158200000000.0,-7900000000.0,-150400000000.0,54500000000.00001,-168400000000.0,13100000000.0,NEIC,subduction_intraslab
607860433,2015-09-21T17:40:08,-71.87,-31.84,35.5,6.6,mw,9.0,29.0,105.0,171.0,62.0,82.0,72.0,62.0,7.0,175.0,17.0,268.0,706300000000.0,64700000000.0,-771000000000.0,124600000000.0,-483600000000.0,3800000000.0,NEIC,subduction_intraslab
610433566,2015-09-21T18:36:59,-71.7,-31.05,35.5,5.5,mw,1.0,28.0,94.0,176.0,62.0,88.0,73.0,81.0,2.0,177.0,17.0,268.0,19850000000.0,-1320000000.0,-18530000000.0,1380000000.0000002,-12780000000.0,400000000.0,NEIC,subduction_intraslab
607779466,2015-09-21T19:56:07,-72.01,-31.67,25.5,5.6,mw,162.0,75.0,87.0,355.0,15.0,102.0,60.0,68.0,3.0,163.0,30.0,255.0,15100000000.0,1930000000.0,-17030000000.0,8930000000.0,-27360000000.000004,4420000000.0,NEIC,subduction_intraslab
607797513,2015-09-23T11:32:40,-72.29,-31.63,23.5,5.0,mw,179.0,56.0,94.0,352.0,34.0,84.0,79.0,104.0,3.0,357.0,11.0,267.0,3195000000.0,229000000.0,-3424000000.0,-109000000.0,-1340000000.0,253000000.0,NEIC,subduction_intraslab
611836729,2015-09-26T02:51:24,-71.27,-30.92,60.5,6.3,mw,179.0,63.0,98.0,342.0,28.0,75.0,71.0,107.0,7.0,356.0,18.0,263.0,284600000000.0,-11700000000.0,-272900000000.0,-21400000000.0,-204300000000.00003,45400000000.0,NEIC,subduction_intraslab
608007317,2015-10-03T06:26:59,-71.46,-30.31,45.5,5.9,mw,10.0,42.0,105.0,170.0,50.0,77.0,79.0,22.0,10.0,179.0,4.0,270.0,77100000000.0,-2160000000.0,-74940000000.0,14700000000.0,-10890000000.0,-840000000.0000001,NEIC,subduction_intraslab
610433780,2015-10-03T11:21:02,-71.76,-29.8,30.5,5.1,mw,6.0,28.0,91.0,185.0,62.0,89.0,73.0,94.0,0.0,185.0,17.0,276.0,4974000000.0,-81000000.0,-4893000000.0,-285000000.0,-3374000000.0,-485000000.0,NEIC,subduction_intraslab
610433794,2015-10-04T03:49:55,-72.15,-30.37,25.5,5.5,mw,6.0,22.0,104.0,171.0,68.0,84.0,66.0,72.0,5.0,173.0,23.0,266.0,16320000000.0,-450000000.0,-15870000000.0,3499999999.9999995,-16790000000.0,190000000.0,NEIC,subduction_intraslab
607857284,2015-10-04T10:11:57,-72.33,-30.5,35.5,5.0,mw,28.0,41.0,116.0,175.0,54.0,69.0,72.0,32.0,17.0,188.0,7.0,280.0,3226000000.0,564999999.9999999,-3790000000.0,692999999.9999999,-1050000000.0,-896000000.0,NEIC,subduction_intraslab
611836757,2015-10-05T16:33:42,-71.7086,-30.3096,39.3,5.9,mw,187.04,65.06,96.9,351.04,25.82,75.52,69.0,111.0,6.0,4.0,20.0,272.0,72170000000.0,-4760000000.0,-67410000000.0,-12740000000.0,-57160000000.0,1870000000.0,NEIC,subduction_intraslab
607861151,2015-10-09T18:27:35,-71.97,-31.76,40.5,5.5,mw,181.0,60.0,92.0,356.0,30.0,86.0,75.0,97.0,2.0,360.0,15.0,269.0,15150000000.0,2710000000.0,-17860000000.0,-400000000.0,-9720000000.0,420000000.00000006,NEIC,subduction_intraslab
610433906,2015-10-12T03:15:24,-71.81,-31.17,35.5,5.6,mw,6.0,30.0,104.0,170.0,60.0,82.0,73.0,60.0,7.0,174.0,15.0,266.0,23200000000.0,1450000000.0,-24650000000.0,4120000000.0,-13759999999.999998,990000000.0,NEIC,subduction_intraslab
610459370,2015-11-06T08:44:13,-72.26,-30.23,17.5,5.4,mw,6.0,25.0,101.0,174.0,66.0,85.0,69.0,74.0,5.0,176.0,20.0,268.0,11660000000.0,-179999999.99999997,-11479999999.999998,1600000000.0,-9940000000.0,-110000000.0,NEIC,subduction_intraslab
612127639,2015-12-07T07:51:12,-71.3468,-31.4021,60.0,5.1,mw,8.07,20.66,103.19,174.01,69.91,85.08,65.0,76.0,5.0,176.0,25.0,268.0,3619000000.0,812999999.9999999,-4432000000.0,584000000.0,-4692000000.0,11000000.0,NEIC,subduction_intraslab
612127725,2015-12-08T12:56:12,-71.74,-30.89,40.5,5.6,mw,170.0,57.0,92.0,347.0,33.0,87.0,78.0,87.0,2.0,349.0,12.0,259.0,29790000000.0,-60000000.0,-29730000000.0,1739999999.9999998,-13759999999.999998,6220000000.0,NEIC,subduction_intraslab
611838525,2015-12-19T19:25:07,-71.37,-30.64,60.5,5.8,mw,166.0,54.0,86.0,353.0,36.0,96.0,80.0,59.0,3.0,168.0,9.0,259.0,60050000000.0,-2090000000.0,-57960000000.0,7650000000.0,-19400000000.0,10990000000.0,NEIC,subduction_intraslab
612128476,2015-12-26T17:58:11,-72.27,-31.85,25.5,5.0,mw,168.0,69.0,89.0,351.0,21.0,93.0,66.0,76.0,1.0,169.0,24.0,259.0,2896000000.0,87000000.0,-2983000000.0,697000000.0,-3242000000.0,582000000.0,NEIC,subduction_intraslab
608160945,2016-01-07T15:40:49,-74.03,-41.64,35.5,5.0,mw,45.0,31.0,135.0,175.0,69.0,67.0,59.0,51.0,22.0,184.0,20.0,282.0,2278000000.0,677000000.0,-2955000000.0,517000000.0,-2593000000.0,-1256999999.9999998,NEIC,subduction_intraslab
608162916,2016-01-08T01:12:05,-71.79,-30.66,35.5,5.7,mw,8.0,33.0,97.0,180.0,57.0,86.0,77.0,76.0,4.0,182.0,12.0,273.0,43659999999.99999,-140000000.0,-43530000000.0,2090000000.0,-20170000000.0,-2780000000.0000005,NEIC,subduction_intraslab
611838828,2016-02-10T00:33:19,-71.7332,-31.1792,39.2,6.4,mw,11.1,24.19,108.37,171.09,67.11,81.94,67.0,66.0,7.0,174.0,22.0,267.0,395400000000.0,-44400000000.0,-351000000000.0,94500000000.0,-348100000000.0,-16100000000.0,NEIC,subduction_intraslab
608482492,2016-03-12T16:05:17,-71.71,-30.24,45.5,5.1,mw,9.0,40.0,115.0,157.0,55.0,70.0,72.0,16.0,16.0,168.0,8.0,261.0,4796000000.0,24000000.0,-4819000000.0,1724000000.0,-1118000000.0000002,588000000.0,NEIC,subduction_intraslab
608816435,2016-05-22T11:47:14,-71.72,-30.6,35.5,5.1,mw,3.0,41.0,101.0,169.0,50.0,80.0,81.0,25.0,7.0,175.0,4.0,266.0,5416000000.0,702000000.0,-6117000000.0,691999999.9999999,-795000000.0,488000000.0,NEIC,subduction_intraslab
608988297,2016-06-05T05:51:13,-72.02,-29.45,30.5,5.8,mw,203.0,77.0,116.0,318.0,29.0,28.0,51.0,142.0,25.0,16.0,27.0,272.0,25540000000.0,13380000000.0,-38920000000.0,-26940000000.0,-43830000000.0,10900000000.0,NEIC,subduction_intraslab
608991515,2016-06-06T13:21:59,-71.7,-30.0,35.5,5.4,mw,9.0,35.0,92.0,186.0,55.0,88.0,80.0,89.0,1.0,187.0,10.0,277.0,13180000000.0,1800000000.0,-14980000000.0,-370000000.0,-5380000000.0,-2140000000.0,NEIC,subduction_intraslab
609060197,2016-06-22T03:54:46,-71.89,-30.63,40.5,5.1,mw,6.0,38.0,102.0,171.0,53.0,81.0,79.0,43.0,8.0,177.0,8.0,268.0,4986000000.0,717000000.0,-5703000000.0,659000000.0,-1432000000.0,181000000.0,NEIC,subduction_intraslab
609063487,2016-06-27T12:51:16,-71.27,-31.88,60.5,5.0,mw,179.0,66.0,110.0,319.0,31.0,53.0,64.0,122.0,18.0,351.0,18.0,255.0,2280000000.0,595000000.0,-2875000000.0,-157000000.0,-2188000000.0,1281000000.0,NEIC,subduction_intraslab
609624973,2016-10-29T22:01:44,-72.8,-33.83,25.5,5.2,mw,4.0,15.0,86.0,189.0,75.0,91.0,60.0,101.0,1.0,9.0,30.0,278.0,4080000000.0,61000000.0,-4141000000.0,-1120000000.0000002,-6881000000.0,-505000000.0,NEIC,subduction_intraslab
609838916,2016-12-08T20:42:36,-71.874,-31.5275,30.3,5.2,mw,176.22,53.45,98.44,342.24,37.38,78.81,79.0,121.0,7.0,351.0,8.0,260.0,7563000000.0,1595000000.0,-9157000000.0,-285000000.0,-2565000000.0,2021999999.9999995,NEIC,subduction_intraslab
609916647,2016-12-16T23:11:43,-71.6189,-30.4233,35.6,5.0,mw,158.41,63.93,99.29,317.99,27.57,71.73,70.0,88.0,8.0,334.0,18.0,241.0,2680000000.0,-626000000.0,-2054000000.0,579000000.0,-2063000000.0,1390000000.0,NEIC,subduction_intraslab
610241380,2017-02-26T08:59:16,-71.5127,-28.9477,40.5,5.0,mw,3.89,30.06,101.04,171.19,60.55,83.68,74.0,65.0,6.0,174.0,15.0,266.0,3365000000.0000005,-247000000.0,-3118000000.0,542000000.0,-1887000000.0,99000000.0,NEIC,subduction_intraslab
610327080,2017-03-13T15:05:56,-71.3954,-30.4321,46.3,5.1,mw,172.79,56.64,89.51,353.68,33.36,90.74,78.0,81.0,0.0,173.0,12.0,263.0,5022000000.0,-281999999.99999994,-4740000000.0,292000000.0,-2093000000.0,535000000.0,NEIC,subduction_intraslab
610467777,2017-03-31T18:44:40,-71.5253,-30.8624,45.5,5.2,mw,171.95,56.28,86.36,358.48,33.89,95.43,78.0,69.0,3.0,174.0,11.0,265.0,8136000000.0,78000000.0,-8214000000.0,778000000.0,-3327000000.0,703000000.0,NEIC,subduction_intraslab
611149701,2017-04-27T05:09:22,-71.9648,-33.1682,30.5,5.1,mw,172.66,67.5,88.5,356.58,22.55,93.62,67.0,80.0,1.0,173.0,22.0,264.0,3536000000.0,323000000.0,-3859000000.0,514000000.0,-3679000000.0,411000000.0,NEIC,subduction_intraslab
610638449,2017-05-13T16:54:45,-72.1801,-32.8389,23.5,5.2,mw,27.52,21.44,112.56,183.47,70.28,81.43,64.0,80.0,8.0,186.0,25.0,280.0,4093000000.0,728000000.0,-4822000000.0,-160000000.0,-5486000000.0,-1422000000.0,NEIC,subduction_intraslab
610695069,2017-06-26T14:44:51,-71.3137,-30.6691,60.5,5.1,mw,29.17,32.42,110.9,184.83,59.95,77.24,72.0,64.0,11.0,191.0,14.0,284.0,4628000000.0,-260000000.0,-4367000000.0,394000000.0,-2690000000.0,-1395000000.0,NEIC,subduction_intraslab
610779605,2017-07-12T09:08:17,-73.5112,-35.291,17.5,5.6,mw,36.84,10.75,116.57,189.86,80.4,85.15,54.0,94.0,5.0,191.0,35.0,284.0,7550000000.0,1590000000.0,-9140000000.0,-4350000000.0,-25230000000.0,-4400000000.0,NEIC,subduction_intraslab
610868789,2017-08-02T20:03:29,-71.236,-28.4912,41.1,5.3,mw,74.76,10.64,-37.85,202.14,83.5,-98.44,38.0,300.0,8.0,203.0,51.0,103.0,-2930000000.0,2280000000.0,650000000.0,3519999999.9999995,9780000000.0,1360000000.0,NEIC,subduction_intraslab
616220571,2018-01-20T11:31:11,-71.891,-28.903,48.0,5.1,mw,16.3,70.06,-107.97,239.87,26.6,-49.62,23.02,120.02,16.86,22.62,60.86,259.68,-3146000000.0,860000000.0,2286000000.0,-695000000.0,-3868000000.0,2371000000.0,GFZ,subduction_intraslab
611872858,2018-04-10T10:19:34,-71.39,-30.964,69.0,6.2,mw,134.63,26.21,-101.67,327.6,64.37,-84.31,19.18,53.34,5.13,145.13,70.1,249.47,-210700000000.00003,96800000000.0,113900000000.0,67100000000.0,-136500000000.0,-62100000000.0,GFZ,subduction_intraslab
611930847,2018-05-06T02:44:19,-72.267,-34.281,38.0,5.2,mw,35.05,19.33,124.83,178.64,74.24,78.67,59.24,72.88,10.9,181.75,28.37,277.72,5263000000.0,-1307000000.0,-3956000000.0,1066000000.0,-7512000000.0,-1523000000.0,GFZ,subduction_intraslab
612638791,2018-08-27T09:16:04,-71.5452,-29.7178,54.8,5.0,mw,210.46,39.95,126.71,346.26,59.02,63.4,65.0,208.0,23.0,1.0,10.0,95.0,2887000000.0,805000000.0,-3693000000.0,-1022000000.0,1339000000.0,-607000000.0,NEIC,subduction_intraslab
614617823,2019-01-20T01:32:52,-71.291,-30.011,58.0,6.6,mw,25.11,52.52,-79.9,188.79,38.62,-102.89,7.02,107.93,8.0,198.92,79.33,337.16,-1202000000000.0,370000000000.0,832000000000.0,-294000000000.0,-177000000000.0,133000000000.0,GFZ,subduction_intraslab
615092454,2019-03-01T22:43:27,-71.704,-30.58,44.0,5.0,mw,167.42,49.82,85.58,354.26,40.38,95.22,84.18,44.88,3.38,170.28,4.73,260.56,4083000000.0,-203000000.00000003,-3881000000.0,358000000.0,-622000000.0,607000000.0,GFZ,subduction_intraslab
615225068,2019-03-16T18:06:16,-71.505,-29.74,45.0,5.2,mw,5.97,68.65,98.9,162.69,23.05,68.4,65.24,291.12,8.29,182.71,23.15,89.14,4916000000.0,1775000000.0,-6691000000.0,766000000.0,6093000000.0,495000000.0,GFZ,subduction_intraslab
615410468,2019-04-18T04:06:32,-71.574,-29.309,65.0,5.5,mw,151.32,14.25,-112.44,354.4,76.85,-84.46,31.63,79.8,5.39,173.13,57.8,271.75,-11940000000.0,1810000000.0,10129999999.999998,1500000000.0,-22870000000.0,-3240000000.0,GFZ,subduction_intraslab
615913991,2019-06-05T16:19:42,-70.1,-27.4,86.0,5.3,mw,31.58,73.52,-78.95,177.04,19.76,-122.94,27.7,112.78,10.59,208.41,60.01,317.32,-4472000000.000001,-1062000000.0,5535000000.0,-4236000000.0,-6636999999.999999,2362000000.0,GFZ,subduction_intraslab
615952693,2019-06-13T22:50:12,-71.228,-30.44,60.0,5.0,mw,7.57,38.73,98.7,176.47,51.8,83.08,81.46,51.45,5.43,180.76,6.57,271.38,4285999999.999999,238000000.0,-4524000000.0,374000000.0,-1038000000.0,-161000000.0,GFZ,subduction_intraslab
615979915,2019-06-28T08:30:41,-70.928,-29.334,85.0,5.1,mw,217.54,72.43,169.95,310.61,80.43,17.83,19.33,175.09,69.84,337.95,5.5,83.16,1084000000.0,4031000000.0,-5115000000.0,-1265000000.0,466000000.0,995000000.0,GFZ,subduction_intraslab
616249515,2019-08-24T23:36:37,-73.998,-43.114,44.0,5.2,mw,15.5,30.53,100.6,183.24,60.05,83.81,74.18,77.0,5.36,186.34,14.84,277.77,6141000000.0,267000000.0,-6408000000.0,135000000.0,-3677000000.0,-1101000000.0,GFZ,subduction_intraslab
616567061,2019-09-26T20:31:29,-71.296,-29.839,47.0,5.4,mw,1.4,36.63,79.74,194.11,54.04,97.54,79.3,134.1,6.1,9.66,8.76,278.72,14200000000.0,550000000.0,-14750000000.0,-2200000000.0,-4330000000.0,-2160000000.0,GFZ,subduction_intraslab
616747109,2019-11-03T08:06:10,-72.073,-30.647,25.0,5.1,mw,23.85,35.58,120.61,167.82,59.95,69.99,68.31,36.93,17.23,178.16,12.77,272.19,3825000000.0,1347000000.0,-5172000000.0,934000000.0,-2194000000.0,-481000000.0,GFZ,subduction_intraslab
616787203,2019-11-15T17:16:43,-72.219,-34.014,30.0,5.2,mw,168.19,68.48,86.37,358.0,21.81,99.11,66.33,71.79,3.37,169.52,23.4,260.99,4712000000.0,722000000.0,-5433000000.0,1220000000.0,-5332000000.0,833000000.0,GFZ,subduction_intraslab
617050357,2020-01-01T16:51:32,-71.5582,-30.2857,40.9,5.0,mw,35.06,45.6,132.02,162.89,57.94,55.64,60.0,19.0,29.0,183.0,7.0,277.0,2690000000.0,785000000.0,-3475000000.0,1385999999.9999998,-929000000.0,-682000000.0000001,NEIC,subduction_intraslab
617795010,2020-03-17T08:12:03,-73.089,-36.11,33.0,5.5,mw,97.24,31.94,62.43,308.84,62.03,106.09,68.7,251.49,14.17,121.14,15.57,27.1,18910000000.0,-17690000000.0,-1220000000.0,-8410000000.0,10340000000.0,8870000000.0,GFZ,subduction_intraslab
618590068,2020-06-25T11:55:05,-71.6175,-32.3266,40.5,5.2,mw,21.93,43.69,109.9,175.33,49.5,71.99,76.0,20.0,14.0,187.0,3.0,278.0,6418000000.0,1297000000.0,-7716000000.0,1159000000.0,-919000000.0,-1358000000.0,NEIC,subduction_intraslab
618944067,2020-09-01T10:31:52,-71.309,-27.808,26.0,5.6,mw,12.6,26.7,103.23,177.86,64.06,83.44,70.22,74.04,5.9,180.74,18.81,272.76,24970000000.0,2290000000.0,-27260000000.0,2100000000.0,-20310000000.0,-2480000000.0,GFZ,subduction_intraslab
618946574,2020-09-01T17:13:22,-71.413,-27.825,35.0,5.0,mw,37.44,33.51,132.38,169.86,65.93,65.95,61.4,42.85,21.85,180.17,17.53,277.45,2746000000.0,527000000.0,-3273000000.0,1050000000.0,-2331000000.0,-945000000.0,GFZ,subduction_intraslab
618947023,2020-09-01T21:09:20,-71.319,-27.907,27.0,6.4,mw,10.13,20.67,105.57,173.56,70.13,84.22,64.42,74.06,5.43,175.53,24.91,268.06,301100000000.0,46400000000.0,-347500000000.0,54700000000.00001,-381900000000.0,-6100000000.0,GFZ,subduction_intraslab
619509668,2020-10-28T14:53:10,-71.109,-29.283,53.0,5.7,mw,222.7,30.28,134.23,354.28,68.82,67.84,60.01,232.03,20.59,2.65,20.8,100.86,31990000000.0,2380000000.0,-34370000000.0,-10850000000.0,33890000000.0,-14290000000.0,GFZ,subduction_intraslab
619646130,2020-11-22T00:54:56,-73.0,-34.584,21.0,6.1,mw,174.5,42.82,169.02,272.61,82.56,47.71,37.61,145.69,41.85,279.32,25.29,34.35,26600000000.0,-12500000000.0,-14199999999.999998,-112300000000.0,-19700000000.0,101499999999.99998,GFZ,subduction_intraslab
619580150,2020-12-08T07:07:20,-71.334,-32.081,56.0,5.0,mw,115.07,71.92,-16.25,210.23,74.58,-161.22,1.8,342.28,65.87,248.26,24.05,73.09,-862000000.0,3274000000.0,-2412000000.0,-225000000.0,1195000000.0,1976000000.0,GFZ,subduction_intraslab
621237270,2020-12-27T21:39:15,-74.914,-39.32,16.0,6.7,mw,207.24,49.8,-68.73,356.13,44.62,-113.24,2.69,282.35,16.09,13.13,73.67,183.12,-1353000000000.0,113000000000.0,1240000000000.0,465000000000.0,26000000000.0,236000000000.0,GFZ,subduction_intraslab
619720637,2021-01-16T03:53:35,-71.3318,-30.9981,74.0,5.1,mw,34.52,39.39,-32.94,151.12,69.81,-124.57,17.61,266.01,32.18,164.49,52.23,20.19,-3273000000.0,-2150000000.0,5423000000.0,-2751000000.0,2858000000.0,285000000.0,GFZ,subduction_intraslab
620351284,2021-04-19T03:19:01,-72.1676,-33.9293,31.0,5.2,mw,21.96,24.24,113.68,176.28,67.91,79.75,65.59,68.55,9.49,180.17,22.26,274.1,5428000000.0,589000000.0,-6017000000.0,813999999.9999999,-5753999999.999999,-981000000.0,GFZ,subduction_intraslab
620349023,2021-05-02T06:57:36,-71.4611,-30.0355,45.0,5.7,mw,139.94,62.68,72.92,353.73,31.87,119.61,67.68,16.79,15.12,147.97,16.02,242.41,33390000000.0,-2390000000.0,-31010000000.0,19590000000.0,-14760000000.0,15270000000.0,GFZ,subduction_intraslab
620733495,2021-07-04T01:01:35,-71.493,-28.756,34.0,5.9,mw,8.11,32.51,106.54,168.71,58.99,79.72,73.87,51.69,8.8,174.05,13.41,266.17,70790000000.0,3120000000.0,-73910000000.0,14570000000.0,-35680000000.0,2260000000.0,GFZ,subduction_intraslab
620783810,2021-07-08T20:38:31,-71.753,-28.623,37.0,5.4,mw,7.01,24.68,107.86,167.48,66.58,81.98,67.45,62.57,7.36,170.69,21.19,263.56,10880000000.0,760000000.0,-11640000000.0,3000000000.0,-10000000000.0,680000000.0,GFZ,subduction_intraslab
621627511,2021-12-11T14:54:18,-71.176,-29.475,50.0,5.6,mw,8.43,39.76,105.17,169.0,51.89,77.72,78.54,29.8,9.64,176.65,6.15,267.7,32480000000.0,3140000000.0,-35620000000.0,5560000000.000001,-7210000000.0,990000000.0,GFZ,subduction_intraslab
622511291,2022-05-04T12:48:30,-71.8458,-32.3225,35.5,5.1,mw,190.33,49.16,106.05,346.59,43.36,72.26,78.0,165.0,12.0,360.0,3.0,269.0,5830000000.0,416000000.0,-6246000000.000001,-1210000000.0,-648000000.0,174000000.0,NEIC,subduction_intraslab
624382001,2022-05-20T09:07:49,-71.803,-29.55,30.0,5.7,mw,187.31,73.84,97.52,341.93,17.78,65.69,60.47,108.14,7.22,5.21,28.46,271.27,20030000000.0,7400000000.0,-27420000000.0,-5010000000.0,-36250000000.0,1510000000.0,GFZ,subduction_intraslab
625548133,2023-01-12T06:19:11,-71.226,-30.639,60.0,5.6,mw,169.97,53.63,86.43,355.98,36.52,94.84,80.96,63.67,2.88,172.09,8.56,262.52,25240000000.0,1950000000.0,-27190000000.0,2260000000.0,-7920000000.0,3700000000.0,GFZ,subduction_intraslab
625612741,2023-02-05T01:02:45,-71.169,-29.646,66.0,5.5,mw,33.95,41.47,-72.32,190.91,50.88,-105.02,4.8,291.51,11.6,200.52,77.42,43.6,-21940000000.0,4350000000.0,17590000000.0,-3430000000.0000005,5200000000.0,6760000000.000001,GFZ,subduction_intraslab
625945716,2023-04-04T19:08:47,-70.703,-27.415,51.0,5.9,mw,8.79,72.1,-103.28,226.3,22.16,-54.59,25.95,109.19,12.62,12.93,60.72,259.4,-37140000000.0,-9550000000.0,46689999999.99999,-9780000000.0,-61260000000.0,29040000000.0,GFZ,subduction_intraslab
635869461,2023-08-28T23:25:01,-73.2338,-43.8129,87.0,5.0,mw,5.09,81.72,-99.55,234.55,12.62,-41.23,36.0,103.0,9.0,6.0,52.0,264.0,-1268000000.0,202000000.00000003,1067000000.0,-248000000.0,-4157000000.0,810000000.0000001,NEIC,subduction_intraslab
